candidate,split,year,feature_count,directory,train_samples,valid_prediction_rows,prediction_coverage,official_max_abs_difference,ic_mean,ic_mean_minus_baseline10,ic_std,ic_std_minus_baseline10,icir,icir_minus_baseline10,ic_positive_ratio,ic_positive_ratio_minus_baseline10,annual_excess,annual_excess_minus_baseline10,top1_annual_ret,top1_annual_ret_minus_baseline10,mean_turnover,mean_turnover_minus_baseline10,final_score,final_score_minus_baseline10,ic_contribution,ic_contribution_minus_baseline10,excess_contribution,excess_contribution_minus_baseline10,stability_contribution,stability_contribution_minus_baseline10,price_valid_turnover,price_valid_turnover_minus_baseline10,top_missing_label,top_invalid_price,top_baseline_all_missing,top_candidate_all_missing
S4R_full34_minus3,dev_2021,2021,31,artifacts/experiments/S4R_full34_minus3_2021/20261004T090607834910Z_eadde3a4,2594048,1129950,1,0,0.077344426206477274,0.042237507697673128,0.078248233873821987,0.021279915006249053,0.98844948157165902,0.3721961111604174,0.83539094650205759,0.078189300411522611,0.53581559531322898,0.47891574359051325,0.69352223331531471,0.47891574359051337,0.31652241370293338,0.0046991450379532673,0.39672572496567959,0.15915998264483727,0.030937770482590912,0.016895003079069253,0.16074467859396868,0.14367472307715398,0.20504327588911997,-0.0014097435113859802,0.88144461652706474,0.040332142186608966,1,1,1,0
S4R_lean31_minus4,dev_2021,2021,27,artifacts/experiments/S4R_lean31_minus4_2021/20261004T090711374528Z_074f66ba,2594048,1129950,1,0,0.077189770675951536,0.04208285216714739,0.079351518631025519,0.022383199763452585,0.97275732093892442,0.3565039505276828,0.8559670781893004,0.098765432098765427,0.50702229024977541,0.45012243852705969,0.66472892825186103,0.45012243852705969,0.31343511103530564,0.0016118423703255225,0.38895206203472155,0.15138631971387922,0.030875908270380614,0.016833140866858956,0.15210668707493261,0.13503673155811791,0.2059694666894083,-0.00048355271109765119,0.87410210425987156,0.032989629919415786,1,1,1,0
baseline10,dev_2021,2021,10,artifacts/experiments/features34_step3_baseline10_dev_2021/20261003T180659133903Z_69346cd9,2594048,1129950,1,0,0.035106918508804145,0,0.056968318867572934,0,0.61625337041124162,0,0.75720164609053497,0,0.056899851722715694,0,0.21460648972480137,0,0.31182326866498011,0,0.23756574232084232,0,0.014042767403521658,0,0.017069955516814707,0,0.20645301940050595,0,0.84111247434045577,0,1,1,1,1
S4R_full34_minus3,dev_2022,2022,31,artifacts/experiments/S4R_full34_minus3_2022/20261004T090627775954Z_bffc5f5a,3568878,1125300,1,0,0.090022936471934198,0.047308358791327054,0.093357182435225491,0.01592213091787574,0.96428506220606314,0.4126669403915938,0.83471074380165289,0.099173553719008267,0.46624963367911443,0.36420163532879979,0.33512141661434441,0.3642016353287999,0.23599646319724563,0.017569948723584722,0.40508512573333433,0.12291284949809533,0.036009174588773681,0.018923343516530824,0.13987489010373433,0.10926049059863994,0.2292010610408263,-0.0052709846170754249,0.87829322533476162,0.021200779200330366,0.85336358131253331,0.85330031362695569,0.85330031362695569,0
S4R_lean31_minus4,dev_2022,2022,27,artifacts/experiments/S4R_lean31_minus4_2022/20261004T090730132670Z_e52a05ef,3568878,1125300,1,0,0.094236865755487745,0.051522288074880601,0.096484461564930471,0.01904941004758072,0.97670510076972161,0.42508697895525227,0.83471074380165289,0.099173553719008267,0.50447257016187463,0.40242457181155999,0.37334435309710451,0.40242457181155999,0.24083480217977749,0.022408287706116581,0.41678607669682421,0.13461380046158522,0.037694746302195103,0.020608915229952247,0.15134177104856239,0.12072737154346801,0.22774955934606675,-0.0067224863118349742,0.87039005876922526,0.013297612634794009,0.84822986053994454,0.84812140165038274,0.84812140165038274,0
baseline10,dev_2022,2022,10,artifacts/experiments/features34_step3_baseline10_dev_2022/20261003T181231328895Z_863de785,3568878,1125300,1,0,0.042714577680607144,0,0.077435051517349751,0,0.55161812181446934,0,0.73553719008264462,0,0.10204799835031463,0,-0.029080218714455507,0,0.2184265144736609,0,0.28217227623523899,0,0.017085831072242857,0,0.030614399505094387,0,0.23447204565790172,0,0.85709244613443125,0,0.8647517647165156,0.86469753527173476,0.86469753527173476,0.86469753527173476
S4R_full34_minus3,primary_2023,2023,31,artifacts/experiments/S4R_full34_minus3_2023/20261004T090648724514Z_0e18c478,4597785,1125300,1,0,0.066000244532103014,0.044866225029731095,0.0919638994724052,0.020715595264066036,0.71767557607653565,0.42105069865386269,0.77685950413223137,0.13636363636363635,0.25091350966550674,0.18036224506170853,0.27033674698562382,0.18036224506170859,0.50532814510779234,0.02290995619798103,0.25007570718015548,0.065182176671010672,0.026400097812841208,0.017946490011892441,0.075274052899652014,0.054108673518512548,0.14840155646766229,-0.0068729868593943033,0.87493963755005155,0.022178991709915219,0.56152175473865595,0.5613961085582998,0.5613961085582998,0
S4R_lean31_minus4,primary_2023,2023,27,artifacts/experiments/S4R_lean31_minus4_2023/20261004T090750752259Z_95be596d,4597785,1125300,1,0,0.071825386488470547,0.050691366986098628,0.092811392608235815,0.021563088399896652,0.77388545166702916,0.47726057424435619,0.80578512396694213,0.16528925619834711,0.28759234993654587,0.21704108533274766,0.30701558725666284,0.2170410853327476,0.50505820286165248,0.022640013951841176,0.26349039871785623,0.078596868208711423,0.028730154595388219,0.020276546794439451,0.086277704980963751,0.065112325599824286,0.14848253914150425,-0.0067920041855523416,0.87539507125905924,0.02263442541892291,0.56157560310166565,0.5613961085582998,0.5613961085582998,0
baseline10,primary_2023,2023,10,artifacts/experiments/features34_step1_baseline10_2023/20261001T144903748616Z_fb241809,4597785,1125300,1,0,0.021134019502371919,0,0.071248304208339164,0,0.29662487742267296,0,0.64049586776859502,0,0.070551264603798208,0,0.089974501923915234,0,0.48241818890981131,0,0.18489353050914481,0,0.0084536078009487675,0,0.021165379381139462,0,0.15527454332705659,0,0.85276064584013633,0,0.56150380528431931,0.5613961085582998,0.5613961085582998,0.5613961085582998
S4R_full34_minus3,oos_2024,2024,31,artifacts/experiments/S5_S4R_full34_minus3_2024/20261004T153236927517Z_ba7c2aec,5659954,1125300,1,0,0.092694632308887775,0.040171153523650083,0.14802976723570352,0.0071797587888049186,0.62618913776506036,0.25328551238090286,0.77272727272727271,0.099173553719008267,0.45295484325544888,0.37892296630156491,0.43891019225515171,0.37892296630156486,0.74638358385875558,0.035764063744912811,0.24904923074256308,0.11901613217645565,0.037077852923555109,0.016068461409460031,0.13588645297663465,0.11367688989046947,0.076084924842373322,-0.01072921912347384,0.86721567608251282,0.021337351367874402,0.26225274775060481,0.2620896496108297,0.2620896496108297,0
S4R_lean31_minus4,oos_2024,2024,27,artifacts/experiments/S5_S4R_lean31_minus4_2024/20261004T153205837882Z_7694eca8,5659954,1125300,1,0,0.09495885360487924,0.042435374819641547,0.15600416104344922,0.015154152596550619,0.60869436411014666,0.23579073872598916,0.78512396694214881,0.11157024793388437,0.55293394577474564,0.47890206882086167,0.53888929477444858,0.47890206882086173,0.81239224423180367,0.1017727241179609,0.26014605190483431,0.13011295333872688,0.0379835414419517,0.016974149927856622,0.16588018373242369,0.14367062064625852,0.056282326730458895,-0.030531817235388267,0.85851193982744889,0.01263361511281047,0.156556092168571,0.1562661399200819,0.1562661399200819,0
baseline10,oos_2024,2024,10,artifacts/experiments/baseline_v1_1/20260927T114614962794Z_2f5b6764,5659954,1125300,1,0,0.052523478785237693,0,0.1408500084468986,0,0.3729036253841575,0,0.67355371900826444,0,0.074031876953883954,0,0.059987225953586833,0,0.71061952011384277,0,0.13003309856610742,0,0.021009391514095078,0,0.022209563086165184,0,0.086814143965847163,0,0.84587832471463842,0,0.27968612669101056,0.27933274738816449,0.27933274738816449,0.27933274738816449
