candidate,year,top_type,top_count,missing_label_count,invalid_price_count,observations,missing_label_fraction,invalid_price_fraction
F1,2021,price_valid,95483,65,0,243,0.00068074945278217061,0
F1,2021,return,95450,0,0,243,0,0
F1,2021,turnover,110912,110912,110912,243,1,1
F1,2022,price_valid,101056,34,0,242,0.00033644711842938568,0
F1,2022,return,101013,0,0,242,0,0
F1,2022,turnover,110641,94270,94260,242,0.85203495991540201,0.85194457750743391
F1,2023,price_valid,105171,42,0,242,0.00039934963060159168,0
F1,2023,return,105142,0,0,242,0,0
F1,2023,turnover,111424,62570,62553,242,0.5615486789201608,0.5613961085582998
S1,2021,price_valid,95483,68,0,243,0.00071216865829519386,0
S1,2021,return,95450,0,0,243,0,0
S1,2021,turnover,110912,110912,110912,243,1,1
S1,2022,price_valid,101056,38,0,242,0.00037602913236225457,0
S1,2022,return,101013,0,0,242,0,0
S1,2022,turnover,110641,94302,94292,242,0.85232418362090001,0.85223380121293191
S1,2023,price_valid,105171,44,0,242,0.00041836627967785795,0
S1,2023,return,105142,0,0,242,0,0
S1,2023,turnover,111424,62528,62506,242,0.56117174037909245,0.56097429638138996
S4R_full34_minus3,2021,price_valid,95483,61,0,243,0.00063885717876480629,0
S4R_full34_minus3,2021,return,95450,0,0,243,0,0
S4R_full34_minus3,2021,turnover,110912,110912,110912,243,1,1
S4R_full34_minus3,2022,price_valid,101056,36,0,242,0.00035623812539582012,0
S4R_full34_minus3,2022,return,101013,0,0,242,0,0
S4R_full34_minus3,2022,turnover,110641,94417,94410,242,0.85336358131253331,0.85330031362695569
S4R_full34_minus3,2023,price_valid,105171,38,0,242,0.00036131633244905915,0
S4R_full34_minus3,2023,return,105142,0,0,242,0,0
S4R_full34_minus3,2023,turnover,111424,62567,62553,242,0.56152175473865595,0.5613961085582998
S4R_lean31_minus4,2021,price_valid,95483,64,0,243,0.00067027638427782953,0
S4R_lean31_minus4,2021,return,95450,0,0,243,0,0
S4R_lean31_minus4,2021,turnover,110912,110912,110912,243,1,1
S4R_lean31_minus4,2022,price_valid,101056,38,0,242,0.00037602913236225457,0
S4R_lean31_minus4,2022,return,101013,0,0,242,0,0
S4R_lean31_minus4,2022,turnover,110641,93849,93837,242,0.84822986053994454,0.84812140165038274
S4R_lean31_minus4,2023,price_valid,105171,44,0,242,0.00041836627967785795,0
S4R_lean31_minus4,2023,return,105142,0,0,242,0,0
S4R_lean31_minus4,2023,turnover,111424,62573,62553,242,0.56157560310166565,0.5613961085582998
baseline10,2021,price_valid,95483,56,0,243,0.00058649183624310088,0
baseline10,2021,return,95450,0,0,243,0,0
baseline10,2021,turnover,110912,110912,110912,243,1,1
baseline10,2022,price_valid,101056,44,0,242,0.00043540215326155795,0
baseline10,2022,return,101013,0,0,242,0,0
baseline10,2022,turnover,110641,95677,95671,242,0.8647517647165156,0.86469753527173476
baseline10,2023,price_valid,105171,39,0,242,0.00037082465698719231,0
baseline10,2023,return,105142,0,0,242,0,0
baseline10,2023,turnover,111424,62565,62553,242,0.56150380528431931,0.5613961085582998
