candidate,year,split,ic_mean,ic_std,icir,ic_positive_ratio,annual_excess,top1_annual_ret,mean_turnover,final_score,price_valid_turnover,ic_contribution,excess_contribution,stability_contribution
S4R_lean31_minus4,2021,dev_2021,0.077189770675951536,0.079351518631025519,0.97275732093892442,0.8559670781893004,0.50702229024977541,0.66472892825186103,0.31343511103530564,0.38895206203472155,0.87410210425987156,0.030875908270380614,0.15210668707493261,0.2059694666894083
S4R_full34_minus3,2021,dev_2021,0.077344426206477274,0.078248233873821987,0.98844948157165902,0.83539094650205759,0.53581559531322898,0.69352223331531471,0.31652241370293338,0.39672572496567959,0.88144461652706474,0.030937770482590912,0.16074467859396868,0.20504327588911997
baseline10,2021,dev_2021,0.035106918508804145,0.056968318867572934,0.61625337041124162,0.75720164609053497,0.056899851722715694,0.21460648972480137,0.31182326866498011,0.23756574232084232,0.84111247434045577,0.014042767403521658,0.017069955516814707,0.20645301940050595
F1,2021,dev_2021,0.078474526160953767,0.080267602666853122,0.97766126748120985,0.84773662551440332,0.52906200631621392,0.68676864431829965,0.31817941675361155,0.39465458733316217,0.87528216991890651,0.03138981046438151,0.15871860189486417,0.2045461749739165
S1,2021,dev_2021,0.078839904269554853,0.082355940302760083,0.95730683153784124,0.83539094650205759,0.52229104881094612,0.67999768681303197,0.32393316180949183,0.39104332780825823,0.8089671766564962,0.031535961707821941,0.15668731464328384,0.20282005145715246
S4R_lean31_minus4,2022,dev_2022,0.094236865755487745,0.096484461564930471,0.97670510076972161,0.83471074380165289,0.50447257016187463,0.37334435309710451,0.24083480217977749,0.41678607669682421,0.87039005876922526,0.037694746302195103,0.15134177104856239,0.22774955934606675
S4R_full34_minus3,2022,dev_2022,0.090022936471934198,0.093357182435225491,0.96428506220606314,0.83471074380165289,0.46624963367911443,0.33512141661434441,0.23599646319724563,0.40508512573333433,0.87829322533476162,0.036009174588773681,0.13987489010373433,0.2292010610408263
baseline10,2022,dev_2022,0.042714577680607144,0.077435051517349751,0.55161812181446934,0.73553719008264462,0.10204799835031463,-0.029080218714455507,0.2184265144736609,0.28217227623523899,0.85709244613443125,0.017085831072242857,0.030614399505094387,0.23447204565790172
F1,2022,dev_2022,0.09418435265138482,0.096883437792500915,0.97214090248431484,0.83884297520661155,0.50112633126984008,0.36999811420507001,0.23570837131006958,0.4172991290484851,0.87093998681255325,0.037673741060553934,0.15033789938095202,0.22928748860697912
S1,2022,dev_2022,0.094255159259675564,0.094122926274963825,1.0014048966595603,0.83471074380165289,0.48730734646050416,0.35617912939573404,0.2203779340643687,0.41778088742271086,0.79792934448306807,0.037702063703870227,0.14619220393815124,0.23388661978068939
S4R_lean31_minus4,2023,primary_2023,0.071825386488470547,0.092811392608235815,0.77388545166702916,0.80578512396694213,0.28759234993654587,0.30701558725666284,0.50505820286165248,0.26349039871785623,0.87539507125905924,0.028730154595388219,0.086277704980963751,0.14848253914150425
S4R_full34_minus3,2023,primary_2023,0.066000244532103014,0.0919638994724052,0.71767557607653565,0.77685950413223137,0.25091350966550674,0.27033674698562382,0.50532814510779234,0.25007570718015548,0.87493963755005155,0.026400097812841208,0.075274052899652014,0.14840155646766229
baseline10,2023,primary_2023,0.021134019502371919,0.071248304208339164,0.29662487742267296,0.64049586776859502,0.070551264603798208,0.089974501923915234,0.48241818890981131,0.18489353050914481,0.85276064584013633,0.0084536078009487675,0.021165379381139462,0.15527454332705659
F1,2023,primary_2023,0.070387098695105371,0.093896315215424436,0.74962578173187799,0.78099173553719003,0.27744143791572423,0.2968646752358412,0.50269479179090593,0.26057883331548765,0.87074737926231172,0.028154839478042148,0.083232431374717267,0.14919156246272822
S1,2023,primary_2023,0.07223117203278126,0.090245190444497581,0.80038805034385441,0.79338842975206614,0.29723160158243717,0.31665483890255414,0.46578366136271881,0.27832685087902798,0.80133043118439429,0.028892468813112505,0.089169480474731153,0.16026490159118434
