year,ic_mean_delta,annual_excess_delta,mean_turnover_delta,final_score_delta,ic_contribution_delta,excess_contribution_delta,stability_contribution_delta,price_valid_turnover_delta,after,before,annual_risk_vs27
2021,0.0012847554850022314,0.022039716066438508,0.004744305718305919,0.0057025252984406194,0.00051390219400089532,0.0066119148199315636,-0.0014232917154917979,0.0011800656590349456,F1,S4R_lean31_minus4,False
2022,-5.2513104102924757e-05,-0.0033462388920345587,-0.0051264308697079042,0.00051305235166088092,-2.1005241641169903e-05,-0.0010038716676103732,0.0015379292609123685,0.00054992804332798517,F1,S4R_lean31_minus4,False
2023,-0.0014382877933651755,-0.010150912020821634,-0.0023634110707465572,-0.0029115654023685877,-0.00057531511734607022,-0.0030452736062464847,0.00070902332122396716,-0.0046476919967475272,F1,S4R_lean31_minus4,False
2021,0.0011300999544764934,-0.0067535889970150587,0.0016570030506781741,-0.002071137632517428,0.00045203998179059804,-0.002026076699104512,-0.00049710091520346888,-0.0061624466081582341,F1,S4R_full34_minus3,False
2022,0.0041614161794506221,0.034876697590725647,-0.00028809188717604517,0.012214003315150768,0.001664566471780253,0.010463009277217689,8.6427566152819102e-05,-0.0073532385222083718,F1,S4R_full34_minus3,False
2023,0.0043868541630023572,0.026527928250217492,-0.0026333533168864109,0.010503126135332164,0.0017547416652009401,0.0079583784750652531,0.00079000599506592883,-0.0041922582877398362,F1,S4R_full34_minus3,False
2021,0.043367607652149621,0.4721621545934982,0.0063561480886314414,0.15708884501231984,0.017347043060859851,0.14164864637804947,-0.0019068444265894491,0.034169695578450732,F1,baseline10,False
2022,0.051469774970777676,0.39907833291952544,0.017281856836408677,0.1351268528132461,0.020587909988311077,0.11972349987585763,-0.0051845570509226058,0.013847540678121995,F1,baseline10,False
2023,0.049253079192733452,0.20689017331192602,0.020276602881094619,0.075685302806342836,0.019701231677093381,0.062067051993577801,-0.0060829808643283745,0.017986733422175383,F1,baseline10,False
2021,0.0016501335936033174,0.015268758561170714,0.010498050774186196,0.002091265773536688,0.00066005343744132694,0.004580627568351231,-0.0031494152322558422,-0.065134927603375359,S1,S4R_lean31_minus4,False
2022,1.8293504187819054e-05,-0.017165223701370469,-0.020456868115408783,0.00099481072588664121,7.3174016751234583e-06,-0.0051495671104111462,0.0061370604346226432,-0.072460714286157191,S1,S4R_lean31_minus4,False
2023,0.00040578554431071334,0.0096392516458913002,-0.039274541498933668,0.014836452161171743,0.00016231421772428672,0.0028917754937674012,0.011782362449680089,-0.074064640074664956,S1,S4R_lean31_minus4,False
2021,0.0014954780630775794,-0.013524546502282853,0.0074107481065584513,-0.0056823971574213594,0.00059819122523102966,-0.0040573639506848447,-0.0022232244319675132,-0.072477439870568539,S1,S4R_full34_minus3,False
2022,0.004232222787741366,0.021057712781389737,-0.015618529132876924,0.012695761689376528,0.0016928891150965464,0.0063173138344169155,0.0046855587398630938,-0.080363880851693548,S1,S4R_full34_minus3,False
2023,0.0062309275006782461,0.046318091916930426,-0.039544483745073522,0.028251143698872494,0.002492371000271297,0.013895427575079139,0.011863345123522051,-0.073609206365657265,S1,S4R_full34_minus3,False
2021,0.043732985760750707,0.4653911970882304,0.012109893144511719,0.15347758548741591,0.017493194304300283,0.13961735912646914,-0.0036329679433534934,-0.032145297683959573,S1,baseline10,False
2022,0.05154058157906842,0.38525934811018953,0.001951419590707798,0.13560861118747186,0.02061623263162737,0.11557780443305686,-0.00058542587721233108,-0.059163101651363181,S1,baseline10,False
2023,0.051097152530409341,0.22668033697863896,-0.016634527547092492,0.093433320369883166,0.020438861012163738,0.068004101093591687,0.0049903582641277477,-0.051430214655742046,S1,baseline10,False
