candidate,month,top_type,top_count,missing_label_count,invalid_price_count,observations,missing_label_fraction,invalid_price_fraction
F1,202101,price_valid,7555,4,0,20,0.00052945069490403709,0
F1,202101,return,7553,0,0,20,0,0
F1,202101,turnover,9125,9125,9125,20,1,1
F1,202102,price_valid,5702,2,0,15,0.00035075412136092597,0
F1,202102,return,5701,0,0,15,0,0
F1,202102,turnover,6840,6840,6840,15,1,1
F1,202103,price_valid,8801,7,0,23,0.00079536416316327695,0
F1,202103,return,8799,0,0,23,0,0
F1,202103,turnover,10507,10507,10507,23,1,1
F1,202104,price_valid,8098,17,0,21,0.0020992837737713018,0
F1,202104,return,8089,0,0,21,0,0
F1,202104,turnover,9599,9599,9599,21,1,1
F1,202105,price_valid,6979,8,0,18,0.0011462960309499928,0
F1,202105,return,6976,0,0,18,0,0
F1,202105,turnover,8209,8209,8209,18,1,1
F1,202106,price_valid,8209,8,0,21,0.00097454013887196978,0
F1,202106,return,8204,0,0,21,0,0
F1,202106,turnover,9583,9583,9583,21,1,1
F1,202107,price_valid,8680,6,0,22,0.0006912442396313364,0
F1,202107,return,8678,0,0,22,0,0
F1,202107,turnover,10053,10053,10053,22,1,1
F1,202108,price_valid,8730,5,0,22,0.00057273768613974802,0
F1,202108,return,8730,0,0,22,0,0
F1,202108,turnover,10024,10024,10024,22,1,1
F1,202109,price_valid,7992,2,0,20,0.00025025025025025025,0
F1,202109,return,7990,0,0,20,0,0
F1,202109,turnover,9124,9124,9124,20,1,1
F1,202110,price_valid,6468,1,0,16,0.00015460729746444033,0
F1,202110,return,6467,0,0,16,0,0
F1,202110,turnover,7328,7328,7328,16,1,1
F1,202111,price_valid,8911,3,0,22,0.00033666255190214339,0
F1,202111,return,8910,0,0,22,0,0
F1,202111,turnover,10038,10038,10038,22,1,1
F1,202112,price_valid,9358,2,0,23,0.00021372088053002778,0
F1,202112,return,9353,0,0,23,0,0
F1,202112,turnover,10482,10482,10482,23,1,1
F1,202201,price_valid,7808,2,0,19,0.00025614754098360657,0
F1,202201,return,7805,0,0,19,0,0
F1,202201,turnover,8696,8666,8666,19,0.99655013799448022,0.99655013799448022
F1,202202,price_valid,6592,1,0,16,0.00015169902912621358,0
F1,202202,return,6591,0,0,16,0,0
F1,202202,turnover,7309,7166,7166,16,0.98043508003830893,0.98043508003830893
F1,202203,price_valid,9510,2,0,23,0.00021030494216614089,0
F1,202203,return,9508,0,0,23,0,0
F1,202203,turnover,10504,9639,9639,23,0.91765041888804266,0.91765041888804266
F1,202204,price_valid,7874,8,0,19,0.0010160020320040639,0
F1,202204,return,7864,0,0,19,0,0
F1,202204,turnover,8666,6810,6808,19,0.78582967920609281,0.7855988922224787
F1,202205,price_valid,7836,10,0,19,0.0012761613067891781,0
F1,202205,return,7829,0,0,19,0,0
F1,202205,turnover,8619,7837,7833,19,0.90927021696252464,0.9088061260006961
F1,202206,price_valid,8747,1,0,21,0.00011432491139819366,0
F1,202206,return,8740,0,0,21,0,0
F1,202206,turnover,9569,8246,8246,21,0.86174103877103148,0.86174103877103148
F1,202207,price_valid,8807,1,0,21,0.00011354604292040422,0
F1,202207,return,8806,0,0,21,0,0
F1,202207,turnover,9583,7737,7737,21,0.80736721277261814,0.80736721277261814
F1,202208,price_valid,9682,1,0,23,0.0001032844453625284,0
F1,202208,return,9680,0,0,23,0,0
F1,202208,turnover,10520,8421,8421,23,0.80047528517110267,0.80047528517110267
F1,202209,price_valid,8885,5,0,21,0.00056274620146314015,0
F1,202209,return,8885,0,0,21,0,0
F1,202209,turnover,9656,7690,7687,21,0.79639602319801162,0.7960853355426678
F1,202210,price_valid,6745,0,0,16,0,0
F1,202210,return,6742,0,0,16,0,0
F1,202210,turnover,7332,5892,5892,16,0.80360065466448449,0.80360065466448449
F1,202211,price_valid,9266,0,0,22,0,0
F1,202211,return,9264,0,0,22,0,0
F1,202211,turnover,10074,8077,8077,22,0.80176692475679967,0.80176692475679967
F1,202212,price_valid,9304,3,0,22,0.00032244196044711954,0
F1,202212,return,9299,0,0,22,0,0
F1,202212,turnover,10113,8089,8088,22,0.79986156432314848,0.79976268169682585
F1,202301,price_valid,6767,2,0,16,0.00029555194325402688,0
F1,202301,return,6765,0,0,16,0,0
F1,202301,turnover,7359,5898,5898,16,0.80146759070525886,0.80146759070525886
F1,202302,price_valid,8483,0,0,20,0,0
F1,202302,return,8482,0,0,20,0,0
F1,202302,turnover,9225,7413,7413,20,0.80357723577235773,0.80357723577235773
F1,202303,price_valid,9769,1,0,23,0.00010236462278636504,0
F1,202303,return,9767,0,0,23,0,0
F1,202303,turnover,10619,8518,8518,23,0.80214709483002167,0.80214709483002167
F1,202304,price_valid,8043,25,0,19,0.0031082929255253017,0
F1,202304,return,8033,0,0,19,0,0
F1,202304,turnover,8756,7148,7138,19,0.81635449977158525,0.8152124257651896
F1,202305,price_valid,8405,2,0,20,0.0002379535990481856,0
F1,202305,return,8404,0,0,20,0,0
F1,202305,turnover,9201,7972,7972,20,0.86642756222149764,0.86642756222149764
F1,202306,price_valid,8538,4,0,20,0.00046849379245724994,0
F1,202306,return,8536,0,0,20,0,0
F1,202306,turnover,9178,6405,6404,20,0.69786445848768797,0.69775550228808014
F1,202307,price_valid,9282,0,0,21,0,0
F1,202307,return,9279,0,0,21,0,0
F1,202307,turnover,9673,3901,3901,21,0.40328750129225682,0.40328750129225682
F1,202308,price_valid,10217,1,0,23,9.7876088871488696e-05,0
F1,202308,return,10216,0,0,23,0,0
F1,202308,turnover,10601,3857,3856,23,0.36383360060371661,0.3637392698802
F1,202309,price_valid,8907,1,0,20,0.00011227124733355787,0
F1,202309,return,8906,0,0,20,0,0
F1,202309,turnover,9217,3102,3101,20,0.33655202343495716,0.33644352826299229
F1,202310,price_valid,7561,1,0,17,0.00013225763787858748,0
F1,202310,return,7560,0,0,17,0,0
F1,202310,turnover,7811,2508,2508,17,0.32108564844450133,0.32108564844450133
F1,202311,price_valid,9810,1,0,22,0.00010193679918450561,0
F1,202311,return,9808,0,0,22,0,0
F1,202311,turnover,10119,3070,3070,22,0.30338966301017889,0.30338966301017889
F1,202312,price_valid,9389,4,0,21,0.00042603046117797421,0
F1,202312,return,9386,0,0,21,0,0
F1,202312,turnover,9665,2778,2774,21,0.28742886704604242,0.28701500258665286
S1,202101,price_valid,7555,3,0,20,0.00039708802117802779,0
S1,202101,return,7553,0,0,20,0,0
S1,202101,turnover,9125,9125,9125,20,1,1
S1,202102,price_valid,5702,2,0,15,0.00035075412136092597,0
S1,202102,return,5701,0,0,15,0,0
S1,202102,turnover,6840,6840,6840,15,1,1
S1,202103,price_valid,8801,6,0,23,0.00068174071128280882,0
S1,202103,return,8799,0,0,23,0,0
S1,202103,turnover,10507,10507,10507,23,1,1
S1,202104,price_valid,8098,22,0,21,0.0027167201778216842,0
S1,202104,return,8089,0,0,21,0,0
S1,202104,turnover,9599,9599,9599,21,1,1
S1,202105,price_valid,6979,9,0,18,0.001289583034818742,0
S1,202105,return,6976,0,0,18,0,0
S1,202105,turnover,8209,8209,8209,18,1,1
S1,202106,price_valid,8209,8,0,21,0.00097454013887196978,0
S1,202106,return,8204,0,0,21,0,0
S1,202106,turnover,9583,9583,9583,21,1,1
S1,202107,price_valid,8680,5,0,22,0.000576036866359447,0
S1,202107,return,8678,0,0,22,0,0
S1,202107,turnover,10053,10053,10053,22,1,1
S1,202108,price_valid,8730,4,0,22,0.00045819014891179839,0
S1,202108,return,8730,0,0,22,0,0
S1,202108,turnover,10024,10024,10024,22,1,1
S1,202109,price_valid,7992,2,0,20,0.00025025025025025025,0
S1,202109,return,7990,0,0,20,0,0
S1,202109,turnover,9124,9124,9124,20,1,1
S1,202110,price_valid,6468,2,0,16,0.00030921459492888067,0
S1,202110,return,6467,0,0,16,0,0
S1,202110,turnover,7328,7328,7328,16,1,1
S1,202111,price_valid,8911,1,0,22,0.00011222085063404781,0
S1,202111,return,8910,0,0,22,0,0
S1,202111,turnover,10038,10038,10038,22,1,1
S1,202112,price_valid,9358,4,0,23,0.00042744176106005556,0
S1,202112,return,9353,0,0,23,0,0
S1,202112,turnover,10482,10482,10482,23,1,1
S1,202201,price_valid,7808,1,0,19,0.00012807377049180329,0
S1,202201,return,7805,0,0,19,0,0
S1,202201,turnover,8696,8677,8677,19,0.99781508739650415,0.99781508739650415
S1,202202,price_valid,6592,2,0,16,0.00030339805825242716,0
S1,202202,return,6591,0,0,16,0,0
S1,202202,turnover,7309,7165,7165,16,0.98029826241619922,0.98029826241619922
S1,202203,price_valid,9510,3,0,23,0.00031545741324921138,0
S1,202203,return,9508,0,0,23,0,0
S1,202203,turnover,10504,9749,9748,23,0.92812261995430312,0.92802741812642797
S1,202204,price_valid,7874,12,0,19,0.001524003048006096,0
S1,202204,return,7864,0,0,19,0,0
S1,202204,turnover,8666,6743,6742,19,0.7780983152550196,0.7779829217632126
S1,202205,price_valid,7836,8,0,19,0.0010209290454313426,0
S1,202205,return,7829,0,0,19,0,0
S1,202205,turnover,8619,7817,7813,19,0.90694976215338208,0.90648567119155354
S1,202206,price_valid,8747,0,0,21,0,0
S1,202206,return,8740,0,0,21,0,0
S1,202206,turnover,9569,8246,8246,21,0.86174103877103148,0.86174103877103148
S1,202207,price_valid,8807,1,0,21,0.00011354604292040422,0
S1,202207,return,8806,0,0,21,0,0
S1,202207,turnover,9583,7737,7737,21,0.80736721277261814,0.80736721277261814
S1,202208,price_valid,9682,1,0,23,0.0001032844453625284,0
S1,202208,return,9680,0,0,23,0,0
S1,202208,turnover,10520,8421,8421,23,0.80047528517110267,0.80047528517110267
S1,202209,price_valid,8885,5,0,21,0.00056274620146314015,0
S1,202209,return,8885,0,0,21,0,0
S1,202209,turnover,9656,7688,7686,21,0.79618889809444904,0.79598177299088646
S1,202210,price_valid,6745,1,0,16,0.00014825796886582654,0
S1,202210,return,6742,0,0,16,0,0
S1,202210,turnover,7332,5892,5892,16,0.80360065466448449,0.80360065466448449
S1,202211,price_valid,9266,1,0,22,0.00010792143319663285,0
S1,202211,return,9264,0,0,22,0,0
S1,202211,turnover,10074,8078,8077,22,0.80186619019257499,0.80176692475679967
S1,202212,price_valid,9304,3,0,22,0.00032244196044711954,0
S1,202212,return,9299,0,0,22,0,0
S1,202212,turnover,10113,8089,8088,22,0.79986156432314848,0.79976268169682585
S1,202301,price_valid,6767,1,0,16,0.00014777597162701344,0
S1,202301,return,6765,0,0,16,0,0
S1,202301,turnover,7359,5898,5898,16,0.80146759070525886,0.80146759070525886
S1,202302,price_valid,8483,1,0,20,0.00011788282447247436,0
S1,202302,return,8482,0,0,20,0,0
S1,202302,turnover,9225,7411,7411,20,0.80336043360433607,0.80336043360433607
S1,202303,price_valid,9769,1,0,23,0.00010236462278636504,0
S1,202303,return,9767,0,0,23,0,0
S1,202303,turnover,10619,8518,8517,23,0.80214709483002167,0.80205292400414352
S1,202304,price_valid,8043,24,0,19,0.0029839612085042896,0
S1,202304,return,8033,0,0,19,0,0
S1,202304,turnover,8756,7141,7130,19,0.81555504796710832,0.81429876656007305
S1,202305,price_valid,8405,2,0,20,0.0002379535990481856,0
S1,202305,return,8404,0,0,20,0,0
S1,202305,turnover,9201,7949,7949,20,0.8639278339310944,0.8639278339310944
S1,202306,price_valid,8538,5,0,20,0.00058561724057156243,0
S1,202306,return,8536,0,0,20,0,0
S1,202306,turnover,9178,6397,6395,20,0.69699280889082593,0.6967748964916104
S1,202307,price_valid,9282,1,0,21,0.00010773540185304891,0
S1,202307,return,9279,0,0,21,0,0
S1,202307,turnover,9673,3901,3901,21,0.40328750129225682,0.40328750129225682
S1,202308,price_valid,10217,3,0,23,0.00029362826661446606,0
S1,202308,return,10216,0,0,23,0,0
S1,202308,turnover,10601,3858,3856,23,0.36392793132723328,0.3637392698802
S1,202309,price_valid,8907,1,0,20,0.00011227124733355787,0
S1,202309,return,8906,0,0,20,0,0
S1,202309,turnover,9217,3102,3101,20,0.33655202343495716,0.33644352826299229
S1,202310,price_valid,7561,1,0,17,0.00013225763787858748,0
S1,202310,return,7560,0,0,17,0,0
S1,202310,turnover,7811,2509,2508,17,0.32121367302522086,0.32108564844450133
S1,202311,price_valid,9810,0,0,22,0,0
S1,202311,return,9808,0,0,22,0,0
S1,202311,turnover,10119,3069,3069,22,0.30329083901571302,0.30329083901571302
S1,202312,price_valid,9389,4,0,21,0.00042603046117797421,0
S1,202312,return,9386,0,0,21,0,0
S1,202312,turnover,9665,2775,2771,21,0.28711846870150026,0.28670460424211069
S4R_full34_minus3,202101,price_valid,7555,3,0,20,0.00039708802117802779,0
S4R_full34_minus3,202101,return,7553,0,0,20,0,0
S4R_full34_minus3,202101,turnover,9125,9125,9125,20,1,1
S4R_full34_minus3,202102,price_valid,5702,3,0,15,0.00052613118204138901,0
S4R_full34_minus3,202102,return,5701,0,0,15,0,0
S4R_full34_minus3,202102,turnover,6840,6840,6840,15,1,1
S4R_full34_minus3,202103,price_valid,8801,5,0,23,0.00056811725940234068,0
S4R_full34_minus3,202103,return,8799,0,0,23,0,0
S4R_full34_minus3,202103,turnover,10507,10507,10507,23,1,1
S4R_full34_minus3,202104,price_valid,8098,15,0,21,0.0018523092121511483,0
S4R_full34_minus3,202104,return,8089,0,0,21,0,0
S4R_full34_minus3,202104,turnover,9599,9599,9599,21,1,1
S4R_full34_minus3,202105,price_valid,6979,8,0,18,0.0011462960309499928,0
S4R_full34_minus3,202105,return,6976,0,0,18,0,0
S4R_full34_minus3,202105,turnover,8209,8209,8209,18,1,1
S4R_full34_minus3,202106,price_valid,8209,7,0,21,0.00085272262151297356,0
S4R_full34_minus3,202106,return,8204,0,0,21,0,0
S4R_full34_minus3,202106,turnover,9583,9583,9583,21,1,1
S4R_full34_minus3,202107,price_valid,8680,6,0,22,0.0006912442396313364,0
S4R_full34_minus3,202107,return,8678,0,0,22,0,0
S4R_full34_minus3,202107,turnover,10053,10053,10053,22,1,1
S4R_full34_minus3,202108,price_valid,8730,5,0,22,0.00057273768613974802,0
S4R_full34_minus3,202108,return,8730,0,0,22,0,0
S4R_full34_minus3,202108,turnover,10024,10024,10024,22,1,1
S4R_full34_minus3,202109,price_valid,7992,3,0,20,0.00037537537537537537,0
S4R_full34_minus3,202109,return,7990,0,0,20,0,0
S4R_full34_minus3,202109,turnover,9124,9124,9124,20,1,1
S4R_full34_minus3,202110,price_valid,6468,1,0,16,0.00015460729746444033,0
S4R_full34_minus3,202110,return,6467,0,0,16,0,0
S4R_full34_minus3,202110,turnover,7328,7328,7328,16,1,1
S4R_full34_minus3,202111,price_valid,8911,3,0,22,0.00033666255190214339,0
S4R_full34_minus3,202111,return,8910,0,0,22,0,0
S4R_full34_minus3,202111,turnover,10038,10038,10038,22,1,1
S4R_full34_minus3,202112,price_valid,9358,2,0,23,0.00021372088053002778,0
S4R_full34_minus3,202112,return,9353,0,0,23,0,0
S4R_full34_minus3,202112,turnover,10482,10482,10482,23,1,1
S4R_full34_minus3,202201,price_valid,7808,2,0,19,0.00025614754098360657,0
S4R_full34_minus3,202201,return,7805,0,0,19,0,0
S4R_full34_minus3,202201,turnover,8696,8677,8677,19,0.99781508739650415,0.99781508739650415
S4R_full34_minus3,202202,price_valid,6592,1,0,16,0.00015169902912621358,0
S4R_full34_minus3,202202,return,6591,0,0,16,0,0
S4R_full34_minus3,202202,turnover,7309,7166,7166,16,0.98043508003830893,0.98043508003830893
S4R_full34_minus3,202203,price_valid,9510,2,0,23,0.00021030494216614089,0
S4R_full34_minus3,202203,return,9508,0,0,23,0,0
S4R_full34_minus3,202203,turnover,10504,9655,9655,23,0.91917364813404412,0.91917364813404412
S4R_full34_minus3,202204,price_valid,7874,8,0,19,0.0010160020320040639,0
S4R_full34_minus3,202204,return,7864,0,0,19,0,0
S4R_full34_minus3,202204,turnover,8666,6929,6928,19,0.79956150473113319,0.79944611123932607
S4R_full34_minus3,202205,price_valid,7836,11,0,19,0.001403777437468096,0
S4R_full34_minus3,202205,return,7829,0,0,19,0,0
S4R_full34_minus3,202205,turnover,8619,7839,7836,19,0.9095022624434389,0.90915419422206756
S4R_full34_minus3,202206,price_valid,8747,1,0,21,0.00011432491139819366,0
S4R_full34_minus3,202206,return,8740,0,0,21,0,0
S4R_full34_minus3,202206,turnover,9569,8246,8246,21,0.86174103877103148,0.86174103877103148
S4R_full34_minus3,202207,price_valid,8807,1,0,21,0.00011354604292040422,0
S4R_full34_minus3,202207,return,8806,0,0,21,0,0
S4R_full34_minus3,202207,turnover,9583,7737,7737,21,0.80736721277261814,0.80736721277261814
S4R_full34_minus3,202208,price_valid,9682,3,0,23,0.00030985333608758519,0
S4R_full34_minus3,202208,return,9680,0,0,23,0,0
S4R_full34_minus3,202208,turnover,10520,8421,8421,23,0.80047528517110267,0.80047528517110267
S4R_full34_minus3,202209,price_valid,8885,4,0,21,0.00045019696117051209,0
S4R_full34_minus3,202209,return,8885,0,0,21,0,0
S4R_full34_minus3,202209,turnover,9656,7689,7687,21,0.79629246064623027,0.7960853355426678
S4R_full34_minus3,202210,price_valid,6745,0,0,16,0,0
S4R_full34_minus3,202210,return,6742,0,0,16,0,0
S4R_full34_minus3,202210,turnover,7332,5892,5892,16,0.80360065466448449,0.80360065466448449
S4R_full34_minus3,202211,price_valid,9266,0,0,22,0,0
S4R_full34_minus3,202211,return,9264,0,0,22,0,0
S4R_full34_minus3,202211,turnover,10074,8077,8077,22,0.80176692475679967,0.80176692475679967
S4R_full34_minus3,202212,price_valid,9304,3,0,22,0.00032244196044711954,0
S4R_full34_minus3,202212,return,9299,0,0,22,0,0
S4R_full34_minus3,202212,turnover,10113,8089,8088,22,0.79986156432314848,0.79976268169682585
S4R_full34_minus3,202301,price_valid,6767,2,0,16,0.00029555194325402688,0
S4R_full34_minus3,202301,return,6765,0,0,16,0,0
S4R_full34_minus3,202301,turnover,7359,5898,5898,16,0.80146759070525886,0.80146759070525886
S4R_full34_minus3,202302,price_valid,8483,1,0,20,0.00011788282447247436,0
S4R_full34_minus3,202302,return,8482,0,0,20,0,0
S4R_full34_minus3,202302,turnover,9225,7413,7413,20,0.80357723577235773,0.80357723577235773
S4R_full34_minus3,202303,price_valid,9769,1,0,23,0.00010236462278636504,0
S4R_full34_minus3,202303,return,9767,0,0,23,0,0
S4R_full34_minus3,202303,turnover,10619,8518,8518,23,0.80214709483002167,0.80214709483002167
S4R_full34_minus3,202304,price_valid,8043,23,0,19,0.0028596294914832775,0
S4R_full34_minus3,202304,return,8033,0,0,19,0,0
S4R_full34_minus3,202304,turnover,8756,7146,7138,19,0.81612608497030603,0.8152124257651896
S4R_full34_minus3,202305,price_valid,8405,2,0,20,0.0002379535990481856,0
S4R_full34_minus3,202305,return,8404,0,0,20,0,0
S4R_full34_minus3,202305,turnover,9201,7972,7972,20,0.86642756222149764,0.86642756222149764
S4R_full34_minus3,202306,price_valid,8538,4,0,20,0.00046849379245724994,0
S4R_full34_minus3,202306,return,8536,0,0,20,0,0
S4R_full34_minus3,202306,turnover,9178,6405,6404,20,0.69786445848768797,0.69775550228808014
S4R_full34_minus3,202307,price_valid,9282,0,0,21,0,0
S4R_full34_minus3,202307,return,9279,0,0,21,0,0
S4R_full34_minus3,202307,turnover,9673,3901,3901,21,0.40328750129225682,0.40328750129225682
S4R_full34_minus3,202308,price_valid,10217,0,0,23,0,0
S4R_full34_minus3,202308,return,10216,0,0,23,0,0
S4R_full34_minus3,202308,turnover,10601,3856,3856,23,0.3637392698802,0.3637392698802
S4R_full34_minus3,202309,price_valid,8907,1,0,20,0.00011227124733355787,0
S4R_full34_minus3,202309,return,8906,0,0,20,0,0
S4R_full34_minus3,202309,turnover,9217,3102,3101,20,0.33655202343495716,0.33644352826299229
S4R_full34_minus3,202310,price_valid,7561,0,0,17,0,0
S4R_full34_minus3,202310,return,7560,0,0,17,0,0
S4R_full34_minus3,202310,turnover,7811,2508,2508,17,0.32108564844450133,0.32108564844450133
S4R_full34_minus3,202311,price_valid,9810,0,0,22,0,0
S4R_full34_minus3,202311,return,9808,0,0,22,0,0
S4R_full34_minus3,202311,turnover,10119,3070,3070,22,0.30338966301017889,0.30338966301017889
S4R_full34_minus3,202312,price_valid,9389,4,0,21,0.00042603046117797421,0
S4R_full34_minus3,202312,return,9386,0,0,21,0,0
S4R_full34_minus3,202312,turnover,9665,2778,2774,21,0.28742886704604242,0.28701500258665286
S4R_lean31_minus4,202101,price_valid,7555,5,0,20,0.00066181336863004633,0
S4R_lean31_minus4,202101,return,7553,0,0,20,0,0
S4R_lean31_minus4,202101,turnover,9125,9125,9125,20,1,1
S4R_lean31_minus4,202102,price_valid,5702,2,0,15,0.00035075412136092597,0
S4R_lean31_minus4,202102,return,5701,0,0,15,0,0
S4R_lean31_minus4,202102,turnover,6840,6840,6840,15,1,1
S4R_lean31_minus4,202103,price_valid,8801,7,0,23,0.00079536416316327695,0
S4R_lean31_minus4,202103,return,8799,0,0,23,0,0
S4R_lean31_minus4,202103,turnover,10507,10507,10507,23,1,1
S4R_lean31_minus4,202104,price_valid,8098,18,0,21,0.0022227710545813782,0
S4R_lean31_minus4,202104,return,8089,0,0,21,0,0
S4R_lean31_minus4,202104,turnover,9599,9599,9599,21,1,1
S4R_lean31_minus4,202105,price_valid,6979,6,0,18,0.00085972202321249458,0
S4R_lean31_minus4,202105,return,6976,0,0,18,0,0
S4R_lean31_minus4,202105,turnover,8209,8209,8209,18,1,1
S4R_lean31_minus4,202106,price_valid,8209,7,0,21,0.00085272262151297356,0
S4R_lean31_minus4,202106,return,8204,0,0,21,0,0
S4R_lean31_minus4,202106,turnover,9583,9583,9583,21,1,1
S4R_lean31_minus4,202107,price_valid,8680,6,0,22,0.0006912442396313364,0
S4R_lean31_minus4,202107,return,8678,0,0,22,0,0
S4R_lean31_minus4,202107,turnover,10053,10053,10053,22,1,1
S4R_lean31_minus4,202108,price_valid,8730,3,0,22,0.00034364261168384882,0
S4R_lean31_minus4,202108,return,8730,0,0,22,0,0
S4R_lean31_minus4,202108,turnover,10024,10024,10024,22,1,1
S4R_lean31_minus4,202109,price_valid,7992,2,0,20,0.00025025025025025025,0
S4R_lean31_minus4,202109,return,7990,0,0,20,0,0
S4R_lean31_minus4,202109,turnover,9124,9124,9124,20,1,1
S4R_lean31_minus4,202110,price_valid,6468,2,0,16,0.00030921459492888067,0
S4R_lean31_minus4,202110,return,6467,0,0,16,0,0
S4R_lean31_minus4,202110,turnover,7328,7328,7328,16,1,1
S4R_lean31_minus4,202111,price_valid,8911,2,0,22,0.00022444170126809562,0
S4R_lean31_minus4,202111,return,8910,0,0,22,0,0
S4R_lean31_minus4,202111,turnover,10038,10038,10038,22,1,1
S4R_lean31_minus4,202112,price_valid,9358,4,0,23,0.00042744176106005556,0
S4R_lean31_minus4,202112,return,9353,0,0,23,0,0
S4R_lean31_minus4,202112,turnover,10482,10482,10482,23,1,1
S4R_lean31_minus4,202201,price_valid,7808,2,0,19,0.00025614754098360657,0
S4R_lean31_minus4,202201,return,7805,0,0,19,0,0
S4R_lean31_minus4,202201,turnover,8696,8639,8639,19,0.99344526218951246,0.99344526218951246
S4R_lean31_minus4,202202,price_valid,6592,2,0,16,0.00030339805825242716,0
S4R_lean31_minus4,202202,return,6591,0,0,16,0,0
S4R_lean31_minus4,202202,turnover,7309,7166,7166,16,0.98043508003830893,0.98043508003830893
S4R_lean31_minus4,202203,price_valid,9510,2,0,23,0.00021030494216614089,0
S4R_lean31_minus4,202203,return,9508,0,0,23,0,0
S4R_lean31_minus4,202203,turnover,10504,9532,9532,23,0.90746382330540742,0.90746382330540742
S4R_lean31_minus4,202204,price_valid,7874,11,0,19,0.0013970027940055881,0
S4R_lean31_minus4,202204,return,7864,0,0,19,0,0
S4R_lean31_minus4,202204,turnover,8666,6529,6524,19,0.75340410800830837,0.75282714054927302
S4R_lean31_minus4,202205,price_valid,7836,10,0,19,0.0012761613067891781,0
S4R_lean31_minus4,202205,return,7829,0,0,19,0,0
S4R_lean31_minus4,202205,turnover,8619,7831,7828,19,0.90857408051978183,0.90822601229841049
S4R_lean31_minus4,202206,price_valid,8747,1,0,21,0.00011432491139819366,0
S4R_lean31_minus4,202206,return,8740,0,0,21,0,0
S4R_lean31_minus4,202206,turnover,9569,8246,8246,21,0.86174103877103148,0.86174103877103148
S4R_lean31_minus4,202207,price_valid,8807,1,0,21,0.00011354604292040422,0
S4R_lean31_minus4,202207,return,8806,0,0,21,0,0
S4R_lean31_minus4,202207,turnover,9583,7737,7737,21,0.80736721277261814,0.80736721277261814
S4R_lean31_minus4,202208,price_valid,9682,1,0,23,0.0001032844453625284,0
S4R_lean31_minus4,202208,return,9680,0,0,23,0,0
S4R_lean31_minus4,202208,turnover,10520,8421,8421,23,0.80047528517110267,0.80047528517110267
S4R_lean31_minus4,202209,price_valid,8885,5,0,21,0.00056274620146314015,0
S4R_lean31_minus4,202209,return,8885,0,0,21,0,0
S4R_lean31_minus4,202209,turnover,9656,7690,7687,21,0.79639602319801162,0.7960853355426678
S4R_lean31_minus4,202210,price_valid,6745,0,0,16,0,0
S4R_lean31_minus4,202210,return,6742,0,0,16,0,0
S4R_lean31_minus4,202210,turnover,7332,5892,5892,16,0.80360065466448449,0.80360065466448449
S4R_lean31_minus4,202211,price_valid,9266,0,0,22,0,0
S4R_lean31_minus4,202211,return,9264,0,0,22,0,0
S4R_lean31_minus4,202211,turnover,10074,8077,8077,22,0.80176692475679967,0.80176692475679967
S4R_lean31_minus4,202212,price_valid,9304,3,0,22,0.00032244196044711954,0
S4R_lean31_minus4,202212,return,9299,0,0,22,0,0
S4R_lean31_minus4,202212,turnover,10113,8089,8088,22,0.79986156432314848,0.79976268169682585
S4R_lean31_minus4,202301,price_valid,6767,1,0,16,0.00014777597162701344,0
S4R_lean31_minus4,202301,return,6765,0,0,16,0,0
S4R_lean31_minus4,202301,turnover,7359,5898,5898,16,0.80146759070525886,0.80146759070525886
S4R_lean31_minus4,202302,price_valid,8483,0,0,20,0,0
S4R_lean31_minus4,202302,return,8482,0,0,20,0,0
S4R_lean31_minus4,202302,turnover,9225,7413,7413,20,0.80357723577235773,0.80357723577235773
S4R_lean31_minus4,202303,price_valid,9769,1,0,23,0.00010236462278636504,0
S4R_lean31_minus4,202303,return,9767,0,0,23,0,0
S4R_lean31_minus4,202303,turnover,10619,8519,8518,23,0.80224126565589982,0.80214709483002167
S4R_lean31_minus4,202304,price_valid,8043,24,0,19,0.0029839612085042896,0
S4R_lean31_minus4,202304,return,8033,0,0,19,0,0
S4R_lean31_minus4,202304,turnover,8756,7148,7138,19,0.81635449977158525,0.8152124257651896
S4R_lean31_minus4,202305,price_valid,8405,3,0,20,0.00035693039857227841,0
S4R_lean31_minus4,202305,return,8404,0,0,20,0,0
S4R_lean31_minus4,202305,turnover,9201,7972,7972,20,0.86642756222149764,0.86642756222149764
S4R_lean31_minus4,202306,price_valid,8538,4,0,20,0.00046849379245724994,0
S4R_lean31_minus4,202306,return,8536,0,0,20,0,0
S4R_lean31_minus4,202306,turnover,9178,6406,6404,20,0.69797341468729568,0.69775550228808014
S4R_lean31_minus4,202307,price_valid,9282,1,0,21,0.00010773540185304891,0
S4R_lean31_minus4,202307,return,9279,0,0,21,0,0
S4R_lean31_minus4,202307,turnover,9673,3901,3901,21,0.40328750129225682,0.40328750129225682
S4R_lean31_minus4,202308,price_valid,10217,2,0,23,0.00019575217774297739,0
S4R_lean31_minus4,202308,return,10216,0,0,23,0,0
S4R_lean31_minus4,202308,turnover,10601,3857,3856,23,0.36383360060371661,0.3637392698802
S4R_lean31_minus4,202309,price_valid,8907,1,0,20,0.00011227124733355787,0
S4R_lean31_minus4,202309,return,8906,0,0,20,0,0
S4R_lean31_minus4,202309,turnover,9217,3102,3101,20,0.33655202343495716,0.33644352826299229
S4R_lean31_minus4,202310,price_valid,7561,2,0,17,0.00026451527575717496,0
S4R_lean31_minus4,202310,return,7560,0,0,17,0,0
S4R_lean31_minus4,202310,turnover,7811,2509,2508,17,0.32121367302522086,0.32108564844450133
S4R_lean31_minus4,202311,price_valid,9810,1,0,22,0.00010193679918450561,0
S4R_lean31_minus4,202311,return,9808,0,0,22,0,0
S4R_lean31_minus4,202311,turnover,10119,3070,3070,22,0.30338966301017889,0.30338966301017889
S4R_lean31_minus4,202312,price_valid,9389,4,0,21,0.00042603046117797421,0
S4R_lean31_minus4,202312,return,9386,0,0,21,0,0
S4R_lean31_minus4,202312,turnover,9665,2778,2774,21,0.28742886704604242,0.28701500258665286
baseline10,202101,price_valid,7555,3,0,20,0.00039708802117802779,0
baseline10,202101,return,7553,0,0,20,0,0
baseline10,202101,turnover,9125,9125,9125,20,1,1
baseline10,202102,price_valid,5702,0,0,15,0,0
baseline10,202102,return,5701,0,0,15,0,0
baseline10,202102,turnover,6840,6840,6840,15,1,1
baseline10,202103,price_valid,8801,1,0,23,0.00011362345188046812,0
baseline10,202103,return,8799,0,0,23,0,0
baseline10,202103,turnover,10507,10507,10507,23,1,1
baseline10,202104,price_valid,8098,21,0,21,0.0025932328970116078,0
baseline10,202104,return,8089,0,0,21,0,0
baseline10,202104,turnover,9599,9599,9599,21,1,1
baseline10,202105,price_valid,6979,8,0,18,0.0011462960309499928,0
baseline10,202105,return,6976,0,0,18,0,0
baseline10,202105,turnover,8209,8209,8209,18,1,1
baseline10,202106,price_valid,8209,7,0,21,0.00085272262151297356,0
baseline10,202106,return,8204,0,0,21,0,0
baseline10,202106,turnover,9583,9583,9583,21,1,1
baseline10,202107,price_valid,8680,2,0,22,0.0002304147465437788,0
baseline10,202107,return,8678,0,0,22,0,0
baseline10,202107,turnover,10053,10053,10053,22,1,1
baseline10,202108,price_valid,8730,4,0,22,0.00045819014891179839,0
baseline10,202108,return,8730,0,0,22,0,0
baseline10,202108,turnover,10024,10024,10024,22,1,1
baseline10,202109,price_valid,7992,1,0,20,0.00012512512512512512,0
baseline10,202109,return,7990,0,0,20,0,0
baseline10,202109,turnover,9124,9124,9124,20,1,1
baseline10,202110,price_valid,6468,2,0,16,0.00030921459492888067,0
baseline10,202110,return,6467,0,0,16,0,0
baseline10,202110,turnover,7328,7328,7328,16,1,1
baseline10,202111,price_valid,8911,2,0,22,0.00022444170126809562,0
baseline10,202111,return,8910,0,0,22,0,0
baseline10,202111,turnover,10038,10038,10038,22,1,1
baseline10,202112,price_valid,9358,5,0,23,0.00053430220132506942,0
baseline10,202112,return,9353,0,0,23,0,0
baseline10,202112,turnover,10482,10482,10482,23,1,1
baseline10,202201,price_valid,7808,5,0,19,0.00064036885245901635,0
baseline10,202201,return,7805,0,0,19,0,0
baseline10,202201,turnover,8696,8686,8686,19,0.99885004599816007,0.99885004599816007
baseline10,202202,price_valid,6592,2,0,16,0.00030339805825242716,0
baseline10,202202,return,6591,0,0,16,0,0
baseline10,202202,turnover,7309,7165,7165,16,0.98029826241619922,0.98029826241619922
baseline10,202203,price_valid,9510,0,0,23,0,0
baseline10,202203,return,9508,0,0,23,0,0
baseline10,202203,turnover,10504,9906,9906,23,0.94306930693069302,0.94306930693069302
baseline10,202204,price_valid,7874,10,0,19,0.00127000254000508,0
baseline10,202204,return,7864,0,0,19,0,0
baseline10,202204,turnover,8666,7931,7930,19,0.91518578352180935,0.91507039003000235
baseline10,202205,price_valid,7836,5,0,19,0.00063808065339458905,0
baseline10,202205,return,7829,0,0,19,0,0
baseline10,202205,turnover,8619,7836,7836,19,0.90915419422206756,0.90915419422206756
baseline10,202206,price_valid,8747,5,0,21,0.00057162455699096828,0
baseline10,202206,return,8740,0,0,21,0,0
baseline10,202206,turnover,9569,8247,8246,21,0.86184554289894455,0.86174103877103148
baseline10,202207,price_valid,8807,2,0,21,0.00022709208584080845,0
baseline10,202207,return,8806,0,0,21,0,0
baseline10,202207,turnover,9583,7737,7737,21,0.80736721277261814,0.80736721277261814
baseline10,202208,price_valid,9682,6,0,23,0.00061970667217517037,0
baseline10,202208,return,9680,0,0,23,0,0
baseline10,202208,turnover,10520,8424,8421,23,0.80076045627376424,0.80047528517110267
baseline10,202209,price_valid,8885,0,0,21,0,0
baseline10,202209,return,8885,0,0,21,0,0
baseline10,202209,turnover,9656,7687,7687,21,0.7960853355426678,0.7960853355426678
baseline10,202210,price_valid,6745,2,0,16,0.00029651593773165309,0
baseline10,202210,return,6742,0,0,16,0,0
baseline10,202210,turnover,7332,5892,5892,16,0.80360065466448449,0.80360065466448449
baseline10,202211,price_valid,9266,2,0,22,0.00021584286639326569,0
baseline10,202211,return,9264,0,0,22,0,0
baseline10,202211,turnover,10074,8078,8077,22,0.80186619019257499,0.80176692475679967
baseline10,202212,price_valid,9304,5,0,22,0.00053740326741186586,0
baseline10,202212,return,9299,0,0,22,0,0
baseline10,202212,turnover,10113,8088,8088,22,0.79976268169682585,0.79976268169682585
baseline10,202301,price_valid,6767,2,0,16,0.00029555194325402688,0
baseline10,202301,return,6765,0,0,16,0,0
baseline10,202301,turnover,7359,5898,5898,16,0.80146759070525886,0.80146759070525886
baseline10,202302,price_valid,8483,3,0,20,0.00035364847341742307,0
baseline10,202302,return,8482,0,0,20,0,0
baseline10,202302,turnover,9225,7414,7413,20,0.80368563685636851,0.80357723577235773
baseline10,202303,price_valid,9769,1,0,23,0.00010236462278636504,0
baseline10,202303,return,9767,0,0,23,0,0
baseline10,202303,turnover,10619,8518,8518,23,0.80214709483002167,0.80214709483002167
baseline10,202304,price_valid,8043,12,0,19,0.0014919806042521448,0
baseline10,202304,return,8033,0,0,19,0,0
baseline10,202304,turnover,8756,7141,7138,19,0.81555504796710832,0.8152124257651896
baseline10,202305,price_valid,8405,2,0,20,0.0002379535990481856,0
baseline10,202305,return,8404,0,0,20,0,0
baseline10,202305,turnover,9201,7972,7972,20,0.86642756222149764,0.86642756222149764
baseline10,202306,price_valid,8538,5,0,20,0.00058561724057156243,0
baseline10,202306,return,8536,0,0,20,0,0
baseline10,202306,turnover,9178,6404,6404,20,0.69775550228808014,0.69775550228808014
baseline10,202307,price_valid,9282,2,0,21,0.00021547080370609782,0
baseline10,202307,return,9279,0,0,21,0,0
baseline10,202307,turnover,9673,3901,3901,21,0.40328750129225682,0.40328750129225682
baseline10,202308,price_valid,10217,2,0,23,0.00019575217774297739,0
baseline10,202308,return,10216,0,0,23,0,0
baseline10,202308,turnover,10601,3857,3856,23,0.36383360060371661,0.3637392698802
baseline10,202309,price_valid,8907,2,0,20,0.00022454249466711575,0
baseline10,202309,return,8906,0,0,20,0,0
baseline10,202309,turnover,9217,3102,3101,20,0.33655202343495716,0.33644352826299229
baseline10,202310,price_valid,7561,2,0,17,0.00026451527575717496,0
baseline10,202310,return,7560,0,0,17,0,0
baseline10,202310,turnover,7811,2509,2508,17,0.32121367302522086,0.32108564844450133
baseline10,202311,price_valid,9810,2,0,22,0.00020387359836901122,0
baseline10,202311,return,9808,0,0,22,0,0
baseline10,202311,turnover,10119,3071,3070,22,0.3034884870046447,0.30338966301017889
baseline10,202312,price_valid,9389,4,0,21,0.00042603046117797421,0
baseline10,202312,return,9386,0,0,21,0,0
baseline10,202312,turnover,9665,2778,2774,21,0.28742886704604242,0.28701500258665286
