month,ic_mean,annual_excess,mean_turnover,ic_days,excess_days,turnover_days,ic_contribution,excess_contribution,stability_contribution,final_score,candidate,year,price_valid_turnover
202101,0.048097040203524635,0.11747266283056357,0.54668189592318106,20,20,19,0.019238816081409857,0.035241798849169066,0.13599543122304567,0.1904760461536246,S4R_lean31_minus4,2021,0.80489604361155198
202102,0.094161956680619621,0.63225078792367706,0.54881268721905507,15,15,15,0.037664782672247848,0.18967523637710312,0.13535619383428346,0.36269621288363441,S4R_lean31_minus4,2021,0.84691784127883696
202103,0.10892314442154498,0.778186548627535,0.38672709511173087,23,23,23,0.043569257768617996,0.23345596458826048,0.18398187146648073,0.46100709382335925,S4R_lean31_minus4,2021,0.89486502667643864
202104,0.074849155071368259,0.64980661071316725,0.41006757003203942,21,21,21,0.029939662028547306,0.19494198321395018,0.17697972899038816,0.40186137423288565,S4R_lean31_minus4,2021,0.88439574707817903
202105,0.05339738964741219,0.37607756498438,0.39658903936913664,18,18,18,0.021358955858964877,0.11282326949531399,0.18102328818925897,0.31520551354353787,S4R_lean31_minus4,2021,0.87781927049951125
202106,0.086553409597950146,0.63338340909515378,0.30666879630988653,21,21,21,0.034621363839180061,0.19001502272854612,0.20799936110703404,0.43263574767476021,S4R_lean31_minus4,2021,0.87872672912728178
202107,0.057043037164471115,0.65709759368422771,0.33601931125992157,22,22,22,0.022817214865788447,0.19712927810526831,0.19919420662202353,0.41914069959308031,S4R_lean31_minus4,2021,0.88180117147606396
202108,0.094980492093041533,0.52682228740812331,0.30660414195018149,22,22,22,0.037992196837216614,0.15804668622243698,0.20801875741494555,0.40405764047459913,S4R_lean31_minus4,2021,0.88848578294349523
202109,0.089121240048782135,0.62903742779691152,0.2290636660384949,20,20,20,0.035648496019512858,0.18871122833907344,0.23128090018845152,0.4556406245470378,S4R_lean31_minus4,2021,0.88518458820904422
202110,0.044294006032638236,0.14538434991734861,0.17790910116697503,16,16,16,0.017717602413055294,0.043615304975204584,0.2466272696499075,0.30796017703816736,S4R_lean31_minus4,2021,0.85504967790020037
202111,0.092497146826074225,0.56930151758365388,0.10889244170681497,22,22,22,0.036998858730429691,0.17079045527509615,0.26733226748795547,0.47512158149348127,S4R_lean31_minus4,2021,0.88218386827851658
202112,0.072013963271088235,0.27307631850496422,0.095051840117795369,23,23,23,0.028805585308435296,0.081922895551489266,0.27148444796466137,0.38221292882458591,S4R_lean31_minus4,2021,0.88647206914265742
202101,0.054594056222121178,0.31329236104811903,0.53899647537535988,20,20,19,0.021837622488848473,0.093987708314435703,0.13830105738739204,0.25412638819067623,S4R_full34_minus3,2021,0.83166040515173578
202102,0.096533647439952713,0.56108774505294645,0.45381686292597551,15,15,15,0.038613458975981091,0.16832632351588392,0.16385494112220733,0.37079472361407234,S4R_full34_minus3,2021,0.85435101579852668
202103,0.10526841907825342,0.75217448113241925,0.43776049937679418,23,23,23,0.042107367631301372,0.22565234433972575,0.16867185018696174,0.43643156215798884,S4R_full34_minus3,2021,0.89518576227136981
202104,0.069991272115101755,0.61677067063586655,0.42273875483070433,21,21,21,0.027996508846040703,0.18503120119075997,0.17317837355078869,0.38620608358758934,S4R_full34_minus3,2021,0.89046995519429728
202105,0.047943929832718314,0.43237985663515427,0.38911495917245331,18,18,18,0.019177571933087327,0.12971395699054628,0.18326551224826401,0.33215704117189759,S4R_full34_minus3,2021,0.88041242349929216
202106,0.079054983460825512,0.65034321218106539,0.37656450769149102,21,21,21,0.031621993384330208,0.19510296365431962,0.1870306476925527,0.41375560473120254,S4R_full34_minus3,2021,0.88818736746020155
202107,0.06413349103225463,0.68909288191727003,0.28488913718039882,22,22,22,0.025653396412901854,0.206727864575181,0.21453325884588037,0.44691451983396324,S4R_full34_minus3,2021,0.88200180415959217
202108,0.095647409290101015,0.62428483437690374,0.286363476415194,22,22,22,0.038258963716040408,0.18728545031307112,0.21409095707544179,0.43963537110455331,S4R_full34_minus3,2021,0.8930205388292467
202109,0.09459829943663868,0.68794559468128746,0.25637722481685932,20,20,20,0.037839319774655475,0.20638367840438623,0.22308683255494219,0.46730983073398391,S4R_full34_minus3,2021,0.89493728046105969
202110,0.055994496292086422,0.28607877126065862,0.18754917626555576,16,16,16,0.022397798516834572,0.085823631378197582,0.24373524712033326,0.35195667701536543,S4R_full34_minus3,2021,0.86431304127293274
202111,0.091116061143303451,0.61696157189176737,0.11821215074856233,22,22,22,0.03644642445732138,0.18508847156753019,0.2645363547754313,0.48607125080028291,S4R_full34_minus3,2021,0.89424673176004565
202112,0.066654909026016299,0.13152815938422008,0.10416316279106097,23,23,23,0.026661963610406521,0.039458447815266022,0.26875105116268172,0.33487146258835426,S4R_full34_minus3,2021,0.88924393128921597
202101,0.03981791953884338,-0.015534639032384551,0.54521065546527725,20,20,19,0.015927167815537352,-0.0046603917097153653,0.13643680336041683,0.14770357946623883,baseline10,2021,0.77121657099151153
202102,0.031833679232562972,-0.016018029609079706,0.37723845017443708,15,15,15,0.012733471693025189,-0.0048054088827239119,0.18682846494766889,0.19475652775797017,baseline10,2021,0.81357748033364274
202103,0.061767009745018482,0.11216393419510753,0.44426069862979939,23,23,23,0.024706803898007394,0.033649180258532259,0.16672179041106017,0.22507777456759981,baseline10,2021,0.81279084147928338
202104,0.022591057438836399,-0.1347603565949316,0.3637741865732374,21,21,21,0.0090364229755345599,-0.040428106978479476,0.19086774402802878,0.15947606002508385,baseline10,2021,0.87401176948707748
202105,0.015056346401209489,0.17671530658565798,0.40354065277755896,18,18,18,0.0060225385604837957,0.053014591975697391,0.17893780416673233,0.23797493470291353,baseline10,2021,0.85670293889191207
202106,0.028756592393125131,-0.027163054924775887,0.40920477894446106,21,21,21,0.011502636957250054,-0.008148916477432766,0.17723856631666168,0.18059228679647898,baseline10,2021,0.88938286932119559
202107,0.039842408841421269,0.44167518649619031,0.30726219719221254,22,22,22,0.015936963536568507,0.1325025559488571,0.20782134084233625,0.35626086032776183,baseline10,2021,0.8515370582053986
202108,0.048594825905476591,0.070783193145517009,0.24718893900284816,22,22,22,0.019437930362190638,0.021234957943655101,0.22584331829914556,0.26651620660499131,baseline10,2021,0.83011323117601676
202109,0.025032769694190642,-0.063179306162474289,0.23841161892599527,20,20,20,0.010013107877676258,-0.018953791848742286,0.2284765143222014,0.21953583035113536,baseline10,2021,0.84369693169860849
202110,0.046559929783336645,0.3067853976467384,0.20412850515290265,16,16,16,0.018623971913334657,0.092035619294021515,0.23876144845412917,0.34942103966148536,baseline10,2021,0.76487259282280795
202111,0.04106173999715404,0.08104720662463831,0.13931522309151445,22,22,22,0.016424695998861618,0.024314161987391492,0.25820543307254568,0.29894429105879877,baseline10,2021,0.8562342286639093
202112,0.017068252076494195,-0.20368392637693866,0.10574858047148844,23,23,23,0.0068273008305976789,-0.061105177913081593,0.26827542585855346,0.21399754877606955,baseline10,2021,0.89569358918960862
202101,0.052124010731508533,0.2713687878722314,0.50035862913104723,20,20,19,0.020849604292603414,0.081410636361669411,0.14989241126068584,0.25215265191495867,F1,2021,0.81073293836865401
202102,0.097257919561891587,0.5888819273399899,0.5230053115349631,15,15,15,0.03890316782475664,0.17666457820199696,0.14309840653951106,0.35866615256626466,F1,2021,0.84649687063324031
202103,0.10927898915400622,0.80030689321295556,0.43058895487820892,23,23,23,0.043711595661602487,0.24009206796388666,0.17082331353653732,0.45462697716202649,F1,2021,0.89430365509394394
202104,0.072955555164612648,0.67568465005578693,0.40280189374752723,21,21,21,0.029182222065845059,0.20270539501673607,0.17915943187574182,0.41104704895832295,F1,2021,0.88498604733186104
202105,0.051486977737680018,0.42033776363401254,0.3795196950526632,18,18,18,0.020594791095072007,0.12610132909020375,0.18614409148420105,0.3328402116694768,F1,2021,0.87898896605960342
202106,0.083617510882502508,0.56287201264081277,0.3602834968608804,21,21,21,0.033447004353001006,0.16886160379224383,0.19191495094173588,0.3942235590869807,F1,2021,0.88178428635177364
202107,0.061383178769508738,0.66345970223724793,0.32827557512963235,22,22,22,0.024553271507803495,0.19903791067117438,0.20151732746111028,0.42510850964008817,F1,2021,0.87984744270413939
202108,0.097170007802528435,0.60545667838698658,0.30106741397384251,22,22,22,0.03886800312101138,0.18163700351609596,0.20967977580784725,0.43018478244495462,F1,2021,0.89055498893128482
202109,0.092962344633547259,0.64389632035949629,0.26108009665195997,20,20,20,0.037184937853418906,0.19316889610784888,0.221675971004412,0.45202980496567979,F1,2021,0.88660118758832351
202110,0.050947279728121284,0.24743259536579409,0.1911244419239389,16,16,16,0.020378911891248516,0.074229778609738228,0.24266266742281833,0.33727135792380508,F1,2021,0.8556138835794368
202111,0.093548242753852401,0.61613745092310046,0.11469066039590102,22,22,22,0.03741929710154096,0.18484123527693014,0.26559280188122969,0.48785333425970079,F1,2021,0.88715704956157893
202112,0.070396056467520104,0.17437401888142268,0.097369489527298278,23,23,23,0.028158422587008042,0.052312205664426799,0.27078915314181051,0.35125978139324532,F1,2021,0.88416475186569143
202101,0.051162401960483272,0.38041926615207344,0.58562767505913838,20,20,19,0.020464960784193312,0.11412577984562203,0.12431169748225848,0.25890243811207381,S1,2021,0.73117515506033237
202102,0.10162287812736578,0.68752653107401218,0.49548985874706658,15,15,15,0.040649151250946314,0.20625795932220364,0.15135304237588001,0.39826015294902994,S1,2021,0.77684365804941402
202103,0.10944438566093473,0.76525433885665972,0.40015909498893643,23,23,23,0.043777754264373893,0.22957630165699791,0.17995227150331908,0.4533063274246909,S1,2021,0.82931731944226494
202104,0.074346174196529419,0.58344458825086642,0.45091936523787157,21,21,21,0.029738469678611767,0.17503337647525993,0.16472419042863853,0.36949603658251023,S1,2021,0.82192520680478454
202105,0.056016691705397928,0.38681084590555986,0.44328807439291107,18,18,18,0.022406676682159173,0.11604325377166795,0.16701357768212668,0.3054635081359538,S1,2021,0.81735073292406635
202106,0.087754975293680398,0.67109474150608006,0.35972173823739251,21,21,21,0.035101990117472164,0.201328422451824,0.19208347852878224,0.42851389109807841,S1,2021,0.81936030681001593
202107,0.06121446416990857,0.68277975254046097,0.30363955724060521,22,22,22,0.024485785667963431,0.2048339257621383,0.20890813282781842,0.43822784425792016,S1,2021,0.8155519025251099
202108,0.095554434837598956,0.53792556118458446,0.28863328351778034,22,22,22,0.038221773935039588,0.16137766835537534,0.21341001494466591,0.41300945723508087,S1,2021,0.83055806708170909
202109,0.088601503350258418,0.53397239487190862,0.23745347877225273,20,20,20,0.035440601340103371,0.16019171846157257,0.22876395636832417,0.42439627617000009,S1,2021,0.82075680695240094
202110,0.045279290996480155,0.20673275408122352,0.17950553953375814,16,16,16,0.018111716398592062,0.062019826224367053,0.24614833813987255,0.32627988076283165,S1,2021,0.78055064827649756
202111,0.089049576100350816,0.47043021804462026,0.12712095677472549,22,22,22,0.035619830440140325,0.14112906541338607,0.26186371296758237,0.43861260882110875,S1,2021,0.81731720090035165
202112,0.077232821342038099,0.29976160718864087,0.094714000002403292,23,23,23,0.03089312853681524,0.089928482156592257,0.27158579999927901,0.39240741069268648,S1,2021,0.82052705850603114
202201,0.11947200137077991,0.88420593637657774,0.061482837685823952,19,19,18,0.047788800548311972,0.26526178091297331,0.2815551486942528,0.59460573015553808,S4R_lean31_minus4,2022,0.87905948492800157
202202,0.083235387991147866,0.4267166405427727,0.040927208035140938,16,16,16,0.033294155196459146,0.1280149921628318,0.28772183758945769,0.4490309849487486,S4R_lean31_minus4,2022,0.86451692763032661
202203,0.069684339734984932,0.29859627866595978,0.17018171525976361,23,23,23,0.027873735893993973,0.089578883599787926,0.24894548542207093,0.36639810491585284,S4R_lean31_minus4,2022,0.88072062673097162
202204,0.091597041691949654,0.38645719638871384,0.36034856047256786,19,19,19,0.036638816676779866,0.11593715891661414,0.19189543185822966,0.34447140745162363,S4R_lean31_minus4,2022,0.84630936752284081
202205,0.14916960774562651,0.74474651676752845,0.17314594026660171,19,19,19,0.059667843098250607,0.22342395503025853,0.24805621792001947,0.53114801604852868,S4R_lean31_minus4,2022,0.84971218047562624
202206,0.096322721394998978,0.25510740087778716,0.23493965260947891,21,21,21,0.038529088557999594,0.076532220263336143,0.22951810421715632,0.34457941303849204,S4R_lean31_minus4,2022,0.86199347965192952
202207,0.082103055175606718,0.37342695838319201,0.30022152045387479,21,21,21,0.03284122207024269,0.1120280875149576,0.20993354386383759,0.35480285344903784,S4R_lean31_minus4,2022,0.88507431660033598
202208,0.07953521359811902,0.22089284477484047,0.29604173873353257,23,23,23,0.031814085439247609,0.066267853432452145,0.21118747837994023,0.30926941725163998,S4R_lean31_minus4,2022,0.88609990503052605
202209,0.054986801655181688,0.66217158680234312,0.28925274187522515,21,21,21,0.021994720662072677,0.19865147604070293,0.21322417743743247,0.43387037414020807,S4R_lean31_minus4,2022,0.83911112617310157
202210,0.12053504293110875,0.66543107320882355,0.3003182302137688,16,16,16,0.048214017172443502,0.19962932196264707,0.20990453093586936,0.45774787007095996,S4R_lean31_minus4,2022,0.87680047959825547
202211,0.095403106074616412,0.43963129010108909,0.31055245482442412,22,22,22,0.038161242429846566,0.13188938703032671,0.20683426355267279,0.37688489301284606,S4R_lean31_minus4,2022,0.89860822551477104
202212,0.10308536589403076,0.7995569149696542,0.29409945723915754,22,22,22,0.041234146357612307,0.23986707449089625,0.21177016282825273,0.49287138367676131,S4R_lean31_minus4,2022,0.86997431564904315
202201,0.12468901251538074,0.90271072005465613,0.05041792601794709,19,19,18,0.049875605006152297,0.27081321601639685,0.28487462219461585,0.60556344321716504,S4R_full34_minus3,2022,0.88107418483165134
202202,0.079762562254345221,0.29239365547422985,0.04170516285866703,16,16,16,0.031905024901738091,0.087718096642268956,0.2874884511423999,0.40711157268640696,S4R_full34_minus3,2022,0.86571971641199785
202203,0.074334639276465622,0.28722030981012353,0.15525993476118083,23,23,23,0.02973385571058625,0.086166092943037051,0.25342201957164573,0.36932196822526903,S4R_full34_minus3,2022,0.88040377567658645
202204,0.093070896054950281,0.47588096692845028,0.3084133132059152,19,19,19,0.037228358421980114,0.14276429007853508,0.20747600603822541,0.38746865453874058,S4R_full34_minus3,2022,0.84948987446201918
202205,0.14253043726259446,0.68834242407931745,0.16775203467510724,19,19,19,0.057012174905037787,0.20650272722379523,0.24967438959746782,0.51318929172630079,S4R_full34_minus3,2022,0.86748333383504039
202206,0.090310279511398958,0.26076462783797649,0.23462263227068117,21,21,21,0.036124111804559586,0.078229388351392939,0.22961321031879564,0.34396671047474814,S4R_full34_minus3,2022,0.89449387980808537
202207,0.0762430849948523,0.29294299262827544,0.30164188303633627,21,21,21,0.030497233997940923,0.087882897788482628,0.20950743508909911,0.32788756687552267,S4R_full34_minus3,2022,0.89339559768797117
202208,0.072174705868112643,0.16881872086125591,0.29990628911948936,23,23,23,0.028869882347245059,0.050645616258376769,0.21002811326415319,0.28954361186977501,S4R_full34_minus3,2022,0.8871834259081024
202209,0.058937291701222409,0.57583203765120028,0.29507129308417746,21,21,21,0.023574916680488965,0.17274961129536007,0.21147861207474675,0.40780314005059581,S4R_full34_minus3,2022,0.85278498528446633
202210,0.120478734895485,0.75187320276508463,0.30206853890510521,16,16,16,0.048191493958193998,0.22556196082952537,0.20937943832846842,0.48313289311618779,S4R_full34_minus3,2022,0.87552602446137173
202211,0.091800263370665366,0.34870714301784611,0.31004991135034937,22,22,22,0.036720105348266148,0.10461214290535382,0.20698502659489518,0.34831727484851516,S4R_full34_minus3,2022,0.90990151239689265
202212,0.073252217643105633,0.68052753800135324,0.3032786795034168,22,22,22,0.029300887057242254,0.20415826140040597,0.20901639614897496,0.44247554460662319,S4R_full34_minus3,2022,0.87274575179633407
202201,0.060816555370121407,0.23884338048694576,0.045281958777262481,19,19,18,0.024326622148048566,0.071653014146083729,0.28641541236682122,0.38239504866095353,baseline10,2022,0.85210488033209919
202202,0.037886434225264047,0.24514844971963029,0.044822112047192081,16,16,16,0.01515457369010562,0.073544534915889082,0.28655336638584233,0.375252474991837,baseline10,2022,0.82129792185522654
202203,0.035881279528674551,-0.18471866515061108,0.10719528343817122,23,23,23,0.01435251181146982,-0.055415599545183325,0.26784141496854863,0.22677832723483513,baseline10,2022,0.83862094420276401
202204,0.059734754044256592,0.14580434992514998,0.16278818077995239,19,19,19,0.023893901617702638,0.043741304977544991,0.2511635457660143,0.31879875236126193,baseline10,2022,0.85774393130286863
202205,0.098835958285565392,0.42922077903157563,0.17490972431544777,19,19,19,0.039534383314226158,0.12876623370947268,0.24752708270536564,0.41582769972906447,baseline10,2022,0.83894052117230644
202206,0.065128964766484235,0.26340733937254107,0.22808903184585477,21,21,21,0.026051585906593695,0.079022201811762324,0.23157329044624353,0.33664707816459954,baseline10,2022,0.90265424731401955
202207,0.038419859101764944,0.28538168014035592,0.29107761144326422,21,21,21,0.015367943640705978,0.08561450404210677,0.21267671656702072,0.31365916424983348,baseline10,2022,0.88967221842580901
202208,0.013935045059000296,-0.544220719081002,0.3033412229904337,23,23,23,0.0055740180236001184,-0.16326621572430058,0.20899763310286987,0.051305435402169391,baseline10,2022,0.88036674614227628
202209,0.013698038199714449,0.15619261669148771,0.30916217703208659,21,21,21,0.0054792152798857803,0.046857785007446313,0.20725134689037403,0.25958834717770612,baseline10,2022,0.81652329854362671
202210,0.071923623520215571,0.25279939017660252,0.29077593590899731,16,16,16,0.02876944940808623,0.075839817052980749,0.2127672192273008,0.31737648568836779,baseline10,2022,0.79480980350136987
202211,0.026916440924419173,0.10500946551942268,0.30001024362459955,22,22,22,0.01076657636976767,0.0315028396558268,0.20999692691262015,0.25226634293821459,baseline10,2022,0.88569927139790472
202212,0.0096130690545159388,0.041624169027926192,0.30010979689570455,22,22,22,0.0038452276218063756,0.012487250708377856,0.20996706093128864,0.22629953926147287,baseline10,2022,0.87812352595653986
202201,0.12520938135711951,0.8631060137640818,0.052075803078808165,19,19,18,0.050083752542847804,0.25893180412922451,0.28437725907635752,0.59339281574842984,F1,2022,0.87862992125609685
202202,0.083696763353659956,0.39958715646787957,0.040923901560758674,16,16,16,0.033478705341463987,0.11987614694036386,0.28772282953177242,0.4410776818136003,F1,2022,0.86209116065989955
202203,0.073057656878267499,0.28430486355336565,0.15642793925319018,23,23,23,0.029223062751307,0.085291459066009698,0.25307161822404295,0.36758614004135964,F1,2022,0.87650195647526485
202204,0.093657195910439653,0.45518970173846296,0.32920740909499235,19,19,19,0.037462878364175861,0.13655691052153887,0.2012377772715023,0.37525756615721706,F1,2022,0.84300479005747853
202205,0.14921983438359573,0.71229880472573504,0.16539990013327077,19,19,19,0.059687933753438296,0.21368964141772051,0.25038002996001874,0.52375760513117753,F1,2022,0.85312551757232669
202206,0.095153265689694469,0.28513004733536473,0.23456157205851419,21,21,21,0.038061306275877789,0.085539014200609415,0.22963152838244574,0.35323184885893294,F1,2022,0.87558823708732836
202207,0.080677752854826174,0.362879939278966,0.30067126823137369,21,21,21,0.032271101141930471,0.10886398178368979,0.2097986195305879,0.35093370245620814,F1,2022,0.88533429274559405
202208,0.077531279790746671,0.19723561087725419,0.29592609601766023,23,23,23,0.031012511916298668,0.059170683263176253,0.21122217119470194,0.30140536637417686,F1,2022,0.88542057302260868
202209,0.057656542683446277,0.64960825505421393,0.29083328831739064,21,21,21,0.023062617073378512,0.19488247651626417,0.21275001350478281,0.43069510709442549,F1,2022,0.84016730462954159
202210,0.12366665627929975,0.73202146034897786,0.30008781191847184,16,16,16,0.049466662511719904,0.21960643810469335,0.20997365642445845,0.47904675704087174,F1,2022,0.8706617578180823
202211,0.095959489645673829,0.43192664196131292,0.30811732148445209,22,22,22,0.038383795858269537,0.12957799258839386,0.20756480355466436,0.37552659200132776,F1,2022,0.90382012207664542
202212,0.091057441125289657,0.76171537744553153,0.29475064339378082,22,22,22,0.036422976450115864,0.22851461323365946,0.21157480698186576,0.4765123966656411,F1,2022,0.86816037776147759
202201,0.10430665074977573,0.74090249910244932,0.041855992828213701,19,19,18,0.041722660299910293,0.2222707497307348,0.28744320215153585,0.55143661218218099,S1,2022,0.8026087047228363
202202,0.08855348840686951,0.51412728572438215,0.037271893510605877,16,16,16,0.035421395362747805,0.15423818571731465,0.28881843194681822,0.47847801302688064,S1,2022,0.7971544552087716
202203,0.076895901457932417,0.37710825463699893,0.13361439468730305,23,23,23,0.030758360583172967,0.11313247639109968,0.25991568159380907,0.4038065185680817,S1,2022,0.80681167238908702
202204,0.08670920118557246,0.32947688289411969,0.31802740798926027,19,19,19,0.034683680474228984,0.098843064868235908,0.20459177760322192,0.33811852294568678,S1,2022,0.77252491793622635
202205,0.15008369312854902,0.70368601264376596,0.15917223434139163,19,19,19,0.060033477251419609,0.21110580379312979,0.25224832969758249,0.52338761074213191,S1,2022,0.76676030565689968
202206,0.097258910570297868,0.22485930875334428,0.22517865225694583,21,21,21,0.03890356422811915,0.06745779262600328,0.23244640432291622,0.33880776117703865,S1,2022,0.7802145873986136
202207,0.082709532745744566,0.34341780947586248,0.2860698382421194,21,21,21,0.033083813098297825,0.10302534284275874,0.21417904852736416,0.35028820446842074,S1,2022,0.81498909410872655
202208,0.081261079482906201,0.23201582879781463,0.28054136318661449,23,23,23,0.03250443179316248,0.069604748639344391,0.21583759104401565,0.31794677147652251,S1,2022,0.82416144174322736
202209,0.054295865769311537,0.60278317461834485,0.26140214453811528,21,21,21,0.021718346307724616,0.18083495238550346,0.2215793566385654,0.42413265533179345,S1,2022,0.76589618058375009
202210,0.12199156922668312,0.68094839704629107,0.27496431494793305,16,16,16,0.04879662769067325,0.20428451911388731,0.21751070551562007,0.47059185232018064,S1,2022,0.7986309166039478
202211,0.094842051876390443,0.43184425398156756,0.29247649656775271,22,22,22,0.037936820750556183,0.12955327619447027,0.21225705102967421,0.37974714797470066,S1,2022,0.82812823824398329
202212,0.1052931849444675,0.77260139838868613,0.27769877307338886,22,22,22,0.042117273977787001,0.23178041951660583,0.21669036807798334,0.49058806157237622,S1,2022,0.80730591671871244
202301,0.058844096152752941,-0.05967927590164071,0.30645457697032352,16,16,15,0.023537638461101178,-0.017903782770492212,0.20806362690890293,0.21369748259951188,S4R_lean31_minus4,2023,0.87906406127441161
202302,0.15070102729620477,0.7135686674109849,0.3154302011513071,20,20,20,0.060280410918481908,0.21407060022329547,0.20537093965460787,0.47972195079638524,S4R_lean31_minus4,2023,0.91106377156096874
202303,0.062442174490241448,0.30935573151539231,0.30079812960831853,23,23,23,0.02497686979609658,0.092806719454617687,0.20976056111750443,0.32754415036821871,S4R_lean31_minus4,2023,0.88215021325995402
202304,0.06339875104221028,0.57865570350686069,0.27690156853565295,19,19,19,0.025359500416884114,0.17359671105205821,0.2169295294393041,0.41588574090824643,S4R_lean31_minus4,2023,0.86946286373214765
202305,0.076869155925609278,0.25090773793655058,0.2107249705388981,20,20,20,0.030747662370243713,0.075272321380965165,0.23678250883833057,0.34280249258953943,S4R_lean31_minus4,2023,0.83821756145611537
202306,0.053427422986909945,0.27498829424462967,0.35796276976206487,20,20,20,0.021370969194763979,0.082496488273388902,0.19261116907138054,0.29647862653953339,S4R_lean31_minus4,2023,0.87293360256488017
202307,0.098281328779235941,0.44522999166235022,0.67327159144569915,21,21,21,0.039312531511694379,0.13356899749870507,0.098018522566290248,0.27090005157668967,S4R_lean31_minus4,2023,0.88526537857518606
202308,0.051452309414019598,0.083838265983467816,0.68187990186745517,23,23,23,0.020580923765607842,0.025151479795040343,0.09543602943976344,0.14116843300041163,S4R_lean31_minus4,2023,0.86888337706357921
202309,0.037495530366163349,0.10649727461708021,0.70608690264711083,20,20,20,0.01499821214646534,0.031949182385124064,0.088173929205866752,0.13512132373745617,S4R_lean31_minus4,2023,0.87882867919699525
202310,0.041245071304133796,0.32851784838844206,0.69783972271433559,17,17,17,0.01649802852165352,0.09855535451653262,0.090648083185699321,0.20570146622388547,S4R_lean31_minus4,2023,0.85755257971389076
202311,0.093473560598620192,0.15324397601851281,0.74364717246167844,22,22,22,0.037389424239448077,0.045973192805553842,0.076905848261496462,0.16026846530649838,S4R_lean31_minus4,2023,0.89483220822693288
202312,0.067844448141152577,0.25185983742195972,0.71872239649215619,21,21,21,0.027137779256461034,0.075557951226587913,0.08438328105235314,0.18707901153540207,S4R_lean31_minus4,2023,0.86259698019896602
202301,0.069835176294019585,0.092943560678836051,0.30559904498754326,16,16,15,0.027934070517607837,0.027883068203650815,0.20832028650373705,0.26413742522499573,S4R_full34_minus3,2023,0.88753904381087889
202302,0.14501449009504835,0.73476098976849946,0.31738215424686517,20,20,20,0.058005796038019343,0.22042829693054983,0.20478535372594045,0.48321944669450967,S4R_full34_minus3,2023,0.89846960719249547
202303,0.056365096787325972,0.32603827086967924,0.30235685453188382,23,23,23,0.02254603871493039,0.097811481260903763,0.20929294364043485,0.32965046361626904,S4R_full34_minus3,2023,0.87926694327646693
202304,0.065694427772360314,0.50869223299592881,0.28362154414134616,19,19,19,0.026277771108944126,0.15260766989877864,0.21491353675759617,0.39379897776531891,S4R_full34_minus3,2023,0.87916966242490679
202305,0.078573227359815867,0.32125165779992165,0.20442388386007043,20,20,20,0.031429290943926345,0.096375497339976496,0.23867283484197885,0.36647762312588172,S4R_full34_minus3,2023,0.84749891698024027
202306,0.03115871430734405,-0.025281735431345605,0.3627004945767911,20,20,20,0.012463485722937621,-0.0075845206294036811,0.19118985162696267,0.19606881672049661,S4R_full34_minus3,2023,0.88262140656147958
202307,0.089897484468494576,0.2896117205282227,0.66442382286419965,21,21,21,0.035958993787397829,0.086883516158466803,0.10067285314074011,0.22351536308660475,S4R_full34_minus3,2023,0.87825469719165417
202308,0.03461117763541606,0.045725615659406776,0.68134811987363764,23,23,23,0.013844471054166425,0.013717684697822032,0.095595564037908712,0.12315771978989717,S4R_full34_minus3,2023,0.86282756078272427
202309,0.020724574511677075,0.0086030810885911642,0.70476020908477577,20,20,20,0.0082898298046708303,0.002580924326577349,0.088571937274567261,0.099442691405815437,S4R_full34_minus3,2023,0.87338690934686358
202310,0.041917838295844848,0.26320344662755085,0.71121143668829068,17,17,17,0.016767135318337938,0.078961033988265247,0.086636568993512797,0.18236473830011599,S4R_full34_minus3,2023,0.86697089926496418
202311,0.095583670449850944,0.27241842660023147,0.73933352439208866,22,22,22,0.038233468179940382,0.081725527980069435,0.078199942682373402,0.19815893884238323,S4R_full34_minus3,2023,0.88696320987332022
202312,0.061968410305929762,0.17533621798191279,0.71866221287176713,21,21,21,0.024787364122371907,0.052600865394573836,0.084401336138469854,0.16178956565541558,S4R_full34_minus3,2023,0.85906611740956507
202301,-0.0079566457917432439,-0.17200495575923719,0.28618342745282815,16,16,15,-0.0031826583166972978,-0.051601486727771158,0.21414497176415156,0.1593608267196831,baseline10,2023,0.87174867225355401
202302,0.037416840712978648,0.36497252521983614,0.29466845378780604,20,20,20,0.01496673628519146,0.10949175756595084,0.21159946386365819,0.33605795771480051,baseline10,2023,0.896596983512157
202303,0.03238179190954632,0.22320216819140853,0.28863293882125984,23,23,23,0.012952716763818529,0.066960650457422555,0.21341011835362203,0.2933234855748631,baseline10,2023,0.87267550994437615
202304,0.016719892547296965,-0.021425294001258196,0.28009128895733965,19,19,19,0.0066879570189187863,-0.0064275882003774583,0.21597261331279807,0.2162329821313394,baseline10,2023,0.8317273009910281
202305,0.069780760158061589,0.38220218362884428,0.21070970280397194,20,20,20,0.027912304063224636,0.11466065508865328,0.23678708915880842,0.37936004831068637,baseline10,2023,0.77749347115111755
202306,0.0098049223786269048,-0.088764864150845321,0.34397478290214345,20,20,20,0.0039219689514507624,-0.026629459245253596,0.19680756512935696,0.17410007483555412,baseline10,2023,0.86751659825694993
202307,0.017171258012663029,-0.39017173263330596,0.60881687852719801,21,21,21,0.006868503205065212,-0.11705151978999179,0.11735493644184058,0.0071719198569140108,baseline10,2023,0.84463963075945991
202308,0.011386568990917889,0.029352300849322558,0.63927794033480401,23,23,23,0.0045546275963671556,0.0088056902547967667,0.10821661789955879,0.12157693575072272,baseline10,2023,0.84270100652384283
202309,-0.013987455280686168,-0.03247509446822576,0.66392845245008414,20,20,20,-0.0055949821122744676,-0.0097425283404677272,0.10082146426497475,0.08548395381223256,baseline10,2023,0.85073716057951076
202310,0.017364469028132108,0.076231751957971938,0.67153762757262936,17,17,17,0.0069457876112528436,0.022869525587391581,0.098538711728211187,0.1283540249268556,baseline10,2023,0.838423572697507
202311,0.048480843433934447,0.40374064185206399,0.72518080470112545,22,22,22,0.019392337373573779,0.12112219255561919,0.082445758589662368,0.22296028851885535,baseline10,2023,0.88199481021224913
202312,0.0064150707839157649,-0.0037861618556970949,0.70883084498011661,21,21,21,0.0025660283135663063,-0.0011358485567091285,0.087350746505965013,0.088780926262822191,baseline10,2023,0.85434304236192782
202301,0.065461101016880324,0.045048169947323385,0.30395229232057913,16,16,15,0.026184440406752132,0.013514450984197015,0.20881431230382627,0.24851320369477542,F1,2023,0.87776881622452751
202302,0.15158863740752457,0.74431222931425178,0.31526798353343266,20,20,20,0.06063545496300983,0.22329366879427553,0.20541960493997019,0.48934872869725554,F1,2023,0.90395970745530696
202303,0.060916815402703203,0.32443764407705855,0.30058470712605784,23,23,23,0.024366726161081282,0.097331293223117565,0.20982458786218264,0.3315226072463815,F1,2023,0.87725939040820189
202304,0.066244898396334753,0.54445701361547538,0.27896872958859964,19,19,19,0.026497959358533902,0.16333710408464261,0.2163093811234201,0.4061444445665966,F1,2023,0.87067344864152241
202305,0.079020579340715283,0.26653588967479031,0.20552468428070919,20,20,20,0.031608231736286116,0.079960766902437086,0.23834259471578723,0.34991159335451044,F1,2023,0.83649589475113539
202306,0.042150280777460677,0.11011174955146648,0.36051998216710945,20,20,20,0.016860112310984273,0.033033524865439944,0.19184400534986715,0.24173764252629137,F1,2023,0.87342859250846028
202307,0.096718255036286629,0.39878479713103898,0.66347736995438411,21,21,21,0.038687302014514653,0.11963543913931168,0.10095678901368477,0.2592795301675111,F1,2023,0.87716298971483586
202308,0.043965022408830941,0.096872811735325873,0.67514820489149807,23,23,23,0.017586008963532376,0.02906184352059776,0.097455538532550581,0.14410339101668071,F1,2023,0.86002870966898948
202309,0.028910422638623961,0.059024223944703288,0.70334168385760631,20,20,20,0.011564169055449585,0.017707267183410987,0.0889974948427181,0.11826893108157867,F1,2023,0.87582840759684488
202310,0.04206424229931896,0.29122536876125926,0.70155072528476214,17,17,17,0.016825696919727583,0.087367610628377779,0.089534782414571357,0.19372808996267671,F1,2023,0.85515949789446644
202311,0.096982837436334193,0.20934016782485695,0.74201631137739765,22,22,22,0.038793134974533683,0.062802050347457089,0.077395106586780699,0.17899029190877147,F1,2023,0.89034741793726124
202312,0.066769934619689914,0.23117885540594685,0.71290785582140737,21,21,21,0.026707973847875967,0.069353656621784054,0.086127643253577787,0.18218927372323779,F1,2023,0.84967308780060502
202301,0.060920147981371457,-0.012090435935875238,0.28497788744221914,16,16,15,0.024368059192548586,-0.0036271307807625715,0.21450663376733428,0.2352475621791203,S1,2023,0.80886369580270556
202302,0.14538803739108172,0.63683688180627906,0.29741016044249718,20,20,20,0.058155214956432694,0.19105106454188373,0.21077695186725082,0.45998323136556724,S1,2023,0.82908745310083687
202303,0.067329086062795002,0.3161541533690852,0.28216053433242977,23,23,23,0.026931634425118003,0.094846246010725554,0.21535183970027105,0.33712972013611464,S1,2023,0.81131757639600099
202304,0.055439849998275059,0.46807915056492572,0.25730690352259272,19,19,19,0.022175939999310026,0.1404237451694777,0.22280792894322216,0.38540761411200986,S1,2023,0.80074961293434244
202305,0.078929215060241559,0.27949044056424355,0.19269139988470174,20,20,20,0.031571686024096622,0.083847132169273059,0.24219258003458946,0.35761139822795918,S1,2023,0.7662053751363006
202306,0.047754428319148397,0.29215934853362119,0.33251166011655336,20,20,20,0.019101771327659361,0.087647804560086348,0.20024650196503396,0.30699607785277966,S1,2023,0.79796783640906521
202307,0.10110851309649682,0.49072754283207204,0.62057485673502977,21,21,21,0.040443405238598733,0.14721826284962161,0.11382754297949106,0.30148921106771143,S1,2023,0.81169537481650722
202308,0.054356455519861527,0.14914220214254392,0.62574381786064548,23,23,23,0.021742582207944613,0.044742660642763173,0.11227685464180635,0.17876209749251415,S1,2023,0.79448829077442229
202309,0.043684563366312032,0.15735446072343479,0.64692001031858826,20,20,20,0.017473825346524814,0.047206338217030436,0.10592399690442351,0.17060416046797877,S1,2023,0.80077390550200267
202310,0.041286726342023662,0.27164040659325012,0.63967141897918756,17,17,17,0.016514690536809467,0.081492121977975035,0.10809857430624373,0.20610538682102825,S1,2023,0.78598446439213221
202311,0.096500863465518325,0.20611714630470804,0.68345443637852599,22,22,22,0.038600345386207331,0.061835143891412411,0.094963669086442201,0.19539915836406196,S1,2023,0.8183478452205627
202312,0.066180936002137286,0.27398139798137261,0.66073402284551119,21,21,21,0.026472374400854915,0.082194419394411786,0.10177979314634664,0.21044658694161333,S1,2023,0.78801038686175373
