year,month,ic_mean_delta,annual_excess_delta,mean_turnover_delta,final_score_delta,ic_contribution_delta,excess_contribution_delta,stability_contribution_delta,price_valid_turnover_delta,after,before,risk_below_minus005,severe_below_minus02
2021,202102,0.0030959628812719658,-0.043368860583687163,-0.025807375684091971,-0.0040300603173697436,0.0012383851525087919,-0.01301065817510616,0.0077422127052275969,-0.0004209706455966522,F1,S4R_lean31_minus4,False,False
2021,202103,0.00035584473246123849,0.022120344585420559,0.043861859766478051,-0.0063801166613327576,0.00014233789298449123,0.0066361033756261734,-0.013158557929943415,-0.00056137158249469632,F1,S4R_lean31_minus4,True,False
2021,202106,-0.0029358987154476379,-0.070511396454341013,0.053614700550993877,-0.038412188587779506,-0.0011743594861790552,-0.021153418936302293,-0.016084410165298157,0.0030575572244918581,F1,S4R_lean31_minus4,True,True
2021,202109,0.0038411045847651232,0.014858892562584769,0.032016430613465069,-0.0036108195813580046,0.0015364418339060479,0.0044576677687754307,-0.0096049291840395179,0.001416599379279293,F1,S4R_lean31_minus4,False,False
2021,202112,-0.001617906803568131,-0.098702299623541545,0.0023176494095029088,-0.030953147431340589,-0.00064716272142725448,-0.029610689887062468,-0.00069529482285085598,-0.0023073172769659811,F1,S4R_lean31_minus4,True,True
2022,202201,0.0057373799863395941,-0.021099922612495936,-0.0094070346070157865,-0.0012129144071082454,0.0022949519945358321,-0.006329976783748803,0.0028221103821047255,-0.00042956367190472022,F1,S4R_lean31_minus4,False,False
2022,202202,0.00046137536251208977,-0.027129484074893129,-3.3064743822641685e-06,-0.0079533031351483041,0.00018455014500484007,-0.0081388452224679386,9.9194231473198613e-07,-0.0024257669704270679,F1,S4R_lean31_minus4,True,False
2022,202205,5.0226637969219556e-05,-0.03244771204179342,-0.0077460401333309392,-0.0073904109173511534,2.009065518768921e-05,-0.0097343136125380147,0.0023238120399992623,0.0034133370967004417,F1,S4R_lean31_minus4,True,False
2022,202207,-0.0014253023207805443,-0.010547019104226008,0.00044974777749889894,-0.0038691509928296952,-0.00057012092831221911,-0.0031641057312678106,-0.00013492433324968633,0.00025997614525807844,F1,S4R_lean31_minus4,False,False
2022,202208,-0.0020039338073723489,-0.023657233897586283,-0.00011564271587233277,-0.0078640508774631135,-0.00080157352294894096,-0.0070971701692758918,3.4692814761705382e-05,-0.00067933200791736592,F1,S4R_lean31_minus4,True,False
2022,202209,0.0026697410282645884,-0.012563331748129181,0.0015805464421654869,-0.0031752670457825816,0.0010678964113058353,-0.0037689995244387653,-0.00047416393264965162,0.0010561784564400156,F1,S4R_lean31_minus4,False,False
2022,202211,0.0005563835710574172,-0.0077046481397761712,-0.0024351333399720287,-0.0013583010115182925,0.00022255342842297104,-0.0023113944419328458,0.00073054000199157532,0.005211896561874374,F1,S4R_lean31_minus4,False,False
2022,202212,-0.012027924768741108,-0.03784153752412267,0.00065118615462328444,-0.016358987011120207,-0.0048111699074964431,-0.011352461257236796,-0.00019535584638696868,-0.0018139378875655643,F1,S4R_lean31_minus4,True,False
2023,202304,0.0028461473541244731,-0.034198689891385303,0.0020671610529466866,-0.0097412963416498299,0.0011384589416497878,-0.010259606967415597,-0.00062014831588400043,0.0012105849093747567,F1,S4R_lean31_minus4,True,False
2023,202306,-0.011277142209449267,-0.16487654469316321,0.0025572124050445844,-0.054740984013242011,-0.0045108568837797063,-0.049462963407948958,-0.00076716372151339196,0.00049498994358010417,F1,S4R_lean31_minus4,True,True
2023,202307,-0.0015630737429493113,-0.04644519453131124,-0.0097942214913150361,-0.011620521409178575,-0.00062522949717972592,-0.013933558359393389,0.0029382664473945191,-0.0081023888603501959,F1,S4R_lean31_minus4,True,False
2023,202309,-0.0085851077275393879,-0.047473050672376921,-0.002745218789504511,-0.016852392655877499,-0.0034340430910157552,-0.014241915201713078,0.00082356563685134776,-0.0030002716001503726,F1,S4R_lean31_minus4,True,False
2023,202310,0.00081917099518516445,-0.037292479627182795,0.0037110025704265581,-0.011973376261208757,0.00032766839807406301,-0.011187743888154841,-0.0011133007711279647,-0.0023930818194243253,F1,S4R_lean31_minus4,True,False
2023,202312,-0.0010745135214626639,-0.020680982016012872,-0.0058145406707488245,-0.0048897378121642854,-0.00042980540858506694,-0.0062042946048038589,0.0017443622012246474,-0.012923892398361003,F1,S4R_lean31_minus4,False,False
2021,202101,-0.0024700454906126448,-0.04192357317588763,-0.038637846244312657,-0.0019737362757175636,-0.00098801819624505863,-0.012577071952766292,0.011591353873293797,-0.020927466783081772,F1,S4R_full34_minus3,False,False
2021,202102,0.00072427212193887369,0.027794182287043445,0.069188448608987596,-0.012128571047807679,0.00028970884877554948,0.0083382546861130447,-0.020756534582696273,-0.0078541451652863747,F1,S4R_full34_minus3,True,False
2021,202106,0.0045625274216769957,-0.08747119954025262,-0.01628101083061062,-0.01953204564422184,0.0018250109686707983,-0.026241359862075792,0.0048843032491831806,-0.0064030811084279105,F1,S4R_full34_minus3,True,False
2021,202107,-0.0027503122627458923,-0.0256331796800221,0.043386437949233525,-0.021806010193875069,-0.0011001249050983583,-0.0076899539040066189,-0.013015931384770085,-0.0021543614554527801,F1,S4R_full34_minus3,True,True
2021,202108,0.0015225985124274199,-0.018828155989917161,0.014703937558648517,-0.009450588659598691,0.00060903940497097214,-0.0056484467969751539,-0.0044111812675945439,-0.0024655498979618828,F1,S4R_full34_minus3,True,False
2021,202109,-0.0016359548030914217,-0.044049274321791176,0.0047028718351006527,-0.015280025768304117,-0.00065438192123656869,-0.013214782296537358,-0.0014108615505301902,-0.0083360928727361783,F1,S4R_full34_minus3,True,False
2021,202110,-0.0050472165639651387,-0.038646175894864521,0.0035752656583831477,-0.014685319091560345,-0.0020188866255860562,-0.011593852768459353,-0.0010725796975149249,-0.0086991576934959403,F1,S4R_full34_minus3,True,False
2022,202201,0.00052036884173876918,-0.039604706290574332,0.0016578770608610752,-0.012170627468735207,0.00020814753669550629,-0.011881411887172344,-0.00049736311825832047,-0.002444263575554495,F1,S4R_full34_minus3,True,False
2022,202203,-0.0012769823981981232,-0.0029154462567578809,0.0011680044920093502,-0.0017358281839093825,-0.00051079295927924928,-0.00087463387702735318,-0.00035040134760278008,-0.0039018192013215991,F1,S4R_full34_minus3,False,False
2022,202204,0.00058629985548937225,-0.020691265189987318,0.020794095889077158,-0.012211088381523516,0.00023451994219574751,-0.006207379556996212,-0.006238228766723114,-0.006485084404540653,F1,S4R_full34_minus3,True,False
2022,202210,0.0031879213838147541,-0.019851742416106766,-0.0019807269866333743,-0.0040861360753160492,0.0012751685535259058,-0.0059555227248320186,0.00059421809599002895,-0.0048642666432894277,F1,S4R_full34_minus3,False,False
2023,202301,-0.004374075277139261,-0.047895390731512666,-0.0016467526669641241,-0.015624221530220306,-0.0017496301108557051,-0.014368617219453801,0.00049402580008922614,-0.0097702275863513766,F1,S4R_full34_minus3,True,False
2023,202305,0.00044735198089941586,-0.054715768125131348,0.0011008004206387589,-0.016566029771371282,0.00017894079235977051,-0.01641473043753941,-0.00033024012619162213,-0.011003022229104875,F1,S4R_full34_minus3,True,False
2023,202311,0.0013991669864832496,-0.063078258775374513,0.0026827869853089936,-0.019168646933611755,0.00055966679459330121,-0.018923477632612346,-0.00080483609559270364,0.0033842080639410188,F1,S4R_full34_minus3,True,False
2021,202110,0.0043873499447846381,-0.059352802280944306,-0.013004063228963747,-0.012149681737680273,0.001754939977913858,-0.017805840684283286,0.0039012189686891685,0.090741290756628845,F1,baseline10,True,False
2023,202305,0.0092398191826536941,-0.11566629395405398,-0.0051850185232627521,-0.029448454956175929,0.0036959276730614797,-0.034699888186216193,0.001555505556978809,0.059002423600017839,F1,baseline10,True,True
2023,202311,0.048501994002399747,-0.19440047402720703,0.016835506676272205,-0.043969996610083883,0.019400797600959904,-0.058320142208162104,-0.0050506520028816698,0.0083526077250121178,F1,baseline10,True,True
2021,202103,0.00052124123938974976,-0.01293220977087528,0.013431999877205558,-0.0077007663986683461,0.00020849649575589713,-0.003879662931262573,-0.0040295999631616564,-0.065547707234173691,S1,S4R_lean31_minus4,True,False
2021,202104,-0.00050298087483884035,-0.066362022462300829,0.040851795205832153,-0.032365337650375414,-0.00020119234993553822,-0.019908606738690243,-0.012255538561749629,-0.062470540273394493,S1,S4R_lean31_minus4,True,True
2021,202105,0.0026193020579857382,0.010733280921179866,0.046699035023774427,-0.0097420054075840756,0.001047720823194296,0.0032199842763539627,-0.014009710507132289,-0.060468537575444903,S1,S4R_lean31_minus4,True,False
2021,202106,0.0012015656957302528,0.037711332410926279,0.053052941927505981,-0.0041218565766817927,0.00048062627829210253,0.011313399723277884,-0.0159158825782518,-0.059366422317265855,S1,S4R_lean31_minus4,False,False
2021,202109,-0.00051973669852371784,-0.095065032925002901,0.0083898127337578288,-0.031244348377037712,-0.00020789467940948714,-0.028519509877500876,-0.0025169438201273486,-0.064427781256643279,S1,S4R_lean31_minus4,True,True
2021,202111,-0.0034475707257234089,-0.098871299539033619,0.018228515067910511,-0.036508972672372519,-0.0013790282902893664,-0.029661389861710075,-0.0054685545203730923,-0.064866667378164933,S1,S4R_lean31_minus4,True,True
2022,202201,-0.015165350621004187,-0.14330343727412842,-0.019626844857610251,-0.043169117973357096,-0.0060661402484016788,-0.042991031182238515,0.005888053457283049,-0.07645078020516527,S1,S4R_lean31_minus4,True,True
2022,202204,-0.0048878405063771946,-0.056980313494594148,-0.042321152483307589,-0.0063528845059368511,-0.001955136202550882,-0.017094094048378236,0.01269634574499226,-0.073784449586614453,S1,S4R_lean31_minus4,True,False
2022,202205,0.00091408538292250818,-0.041060504123762498,-0.013973705925210078,-0.0077604053063967671,0.00036563415316900189,-0.012318151237128733,0.0041921117775630123,-0.082951874818726568,S1,S4R_lean31_minus4,True,False
2022,202206,0.00093618917529889045,-0.030248092124442877,-0.009761000352533078,-0.0057716518614533974,0.00037447567011955618,-0.0090744276373328631,0.0029283001057598956,-0.081778892253315916,S1,S4R_lean31_minus4,True,False
2022,202207,0.00060647757013784775,-0.03000914890732953,-0.01415168221175539,-0.0045146489806170975,0.00024259102805513494,-0.0090027446721988591,0.0042455046635265781,-0.070085222491609422,S1,S4R_lean31_minus4,False,False
2022,202209,-0.0006909358858701517,-0.059388412183998263,-0.027850597337109873,-0.0097377188084146193,-0.00027637435434806068,-0.017816523655199479,0.008355179201132934,-0.073214945589351488,S1,S4R_lean31_minus4,True,False
2022,202212,0.0022078190504367379,-0.026955516580968064,-0.016400684165768675,-0.0022833221043850882,0.00088312762017469376,-0.0080866549742904248,0.0049202052497306081,-0.062668398930330715,S1,S4R_lean31_minus4,False,False
2023,202302,-0.00531298990512305,-0.076731785604705838,-0.018020040708809915,-0.019738719430818008,-0.0021251959620492145,-0.02301953568141174,0.0054060122126429466,-0.08197631846013187,S1,S4R_lean31_minus4,True,False
2023,202304,-0.0079589010439352209,-0.11057655294193497,-0.019594665013060231,-0.030478126796236571,-0.0031835604175740884,-0.033172965882580507,0.0058783995039180525,-0.068713250797805214,S1,S4R_lean31_minus4,True,True
2021,202104,0.004354902081427664,-0.033326082385000122,0.028180610407167239,-0.016710047005079109,0.0017419608325710649,-0.0099978247155000366,-0.0084541831221501551,-0.068544748389512744,S1,S4R_full34_minus3,True,False
2021,202105,0.0080727618726796138,-0.045569010729594406,0.054173115220457757,-0.026693533035943795,0.0032291047490718462,-0.013670703218878325,-0.016251934566137327,-0.063061690575225815,S1,S4R_full34_minus3,True,True
2021,202107,-0.0029190268623460608,-0.0063131293768090568,0.018750420060206385,-0.0086866755760430792,-0.0011676107449384229,-0.0018939388130427004,-0.0056251260180619489,-0.066449901634482278,S1,S4R_full34_minus3,True,False
2021,202108,-9.2974452502059268e-05,-0.086359273192319286,0.0022698071025863409,-0.02662591386947244,-3.7189781000819544e-05,-0.025907781957695775,-0.00068094213077588006,-0.062462471747537607,S1,S4R_full34_minus3,True,True
2021,202109,-0.0059967960863802627,-0.15397319980937885,-0.018923746044606587,-0.042913554563983825,-0.0023987184345521037,-0.046191959942813665,0.005677123813381979,-0.074180473508658751,S1,S4R_full34_minus3,True,True
2021,202110,-0.010715205295606267,-0.079346017179435097,-0.0080436367317976154,-0.025676796252533773,-0.0042860821182425096,-0.023803805153830529,0.0024130910195392929,-0.083762392996435175,S1,S4R_full34_minus3,True,True
2021,202111,-0.0020664850429526344,-0.14653135384714711,0.0089088060261631602,-0.047458641979174154,-0.00082659401718105513,-0.043959406154144121,-0.00267264180784893,-0.076929530859694006,S1,S4R_full34_minus3,True,True
2022,202201,-0.020382361765605012,-0.16180822095220682,-0.0085619331897333895,-0.054126831034984058,-0.0081529447062420046,-0.048542466285662056,0.002568579956920003,-0.078465480108815044,S1,S4R_full34_minus3,True,True
2022,202204,-0.0063616948693778208,-0.14640408403433058,0.0096140947833450729,-0.049350131593053792,-0.0025446779477511297,-0.043921225210299175,-0.0028842284350034941,-0.076964956525792827,S1,S4R_full34_minus3,True,True
2022,202206,0.0069486310588989103,-0.035905319084632209,-0.0094439800137353369,-0.005158949297709492,0.0027794524235595641,-0.01077159572538966,0.0028331940041205761,-0.11427929240947177,S1,S4R_full34_minus3,True,False
2022,202210,0.001512834331198129,-0.07092480571879356,-0.027104223957172158,-0.012541040796007152,0.00060513373247925162,-0.021277441715638057,0.0081312671871516529,-0.076895107857423928,S1,S4R_full34_minus3,True,False
2023,202301,-0.0089150283126481281,-0.10503399661471129,-0.02062115754532412,-0.02888986304587543,-0.0035660113250592512,-0.031510198984413387,0.0061863472635972361,-0.078675348008173329,S1,S4R_full34_minus3,True,True
2023,202302,0.00037354729603336634,-0.097924107962220397,-0.019971993804367982,-0.023236215328942433,0.0001494189184133507,-0.029377232388666102,0.0059915981413103669,-0.069382154091658599,S1,S4R_full34_minus3,True,True
2023,202304,-0.010254577774085255,-0.040613082431003089,-0.026314640618753438,-0.0083913636533090585,-0.0041018311096341006,-0.012183924729300938,0.0078943921856259869,-0.078420049490564359,S1,S4R_full34_minus3,True,False
2023,202305,0.00035598770042569172,-0.041761217235678105,-0.01173248397536869,-0.0088662248979225478,0.00014239508017027669,-0.012528365170703437,0.0035197451926106127,-0.081293541843939665,S1,S4R_full34_minus3,True,False
2023,202311,0.00091719301566738076,-0.066301280295523429,-0.055879088013562672,-0.0027597804783212609,0.00036687720626694953,-0.019890384088657023,0.016763726404068799,-0.068615364652757527,S1,S4R_full34_minus3,False,False
2021,202110,-0.0012806387868564903,-0.10005264356551488,-0.02462296561914451,-0.023141158898653702,-0.00051225551474259542,-0.030015793069654462,0.0073868896857433863,0.01567805545368961,S1,baseline10,True,True
2023,202305,0.0091484549021799699,-0.10271174306460074,-0.018018302919270202,-0.021748650082727194,0.0036593819608719859,-0.030813522919380221,0.0054054908757810438,-0.011288096014816951,S1,baseline10,True,True
2023,202311,0.048020020031583878,-0.19762349554735595,-0.041726368322599461,-0.02756113015479339,0.019208008012633553,-0.059287048664206782,0.012517910496779833,-0.063646964991686428,S1,baseline10,True,True
