experiment_id,candidate,result_mode,directory,features,feature_count,train_samples,valid_prediction_rows,prediction_coverage,ic_mean,ic_std,icir,ic_positive_ratio,annual_excess,top1_annual_ret,mean_turnover,final_score,score_minus_baseline10,score_minus_full34,top_missing_label_fraction,top_invalid_price_fraction,top_baseline_all_missing_fraction,top_candidate_all_missing_fraction,price_valid_only_turnover,prediction_sha256,official_max_abs_difference,elapsed_seconds,peak_process_rss_mb,ic_contribution,ic_delta_baseline10,ic_delta_full34,excess_contribution,excess_delta_baseline10,excess_delta_full34,stability_contribution,stability_delta_baseline10,stability_delta_full34
G01,baseline10,reused_step1,artifacts/experiments/features34_step1_baseline10_2023/20261001T144903748616Z_fb241809,ret_1d;ret_5d;ret_20d;gap_1d;intraday_ret;high_low_range;volatility_5d;volatility_20d;volume_ratio_5d;amount_ratio_5d,10,4597785,1125300,1,0.021134019502371919,0.071248304208339164,0.29662487742267296,0.64049586776859502,0.070551264603798208,0.089974501923915234,0.48241818890981131,0.18489353050914481,0,-0.05880952699922834,0.56150380528431931,0.5613961085582998,0.5613961085582998,0.5613961085582998,0.85276064584013633,a494f88497430041c51febc0cdaebca45a93c187697412dad81be9c0c7cf890d,0,38.342157000000043,2117.0546875,0.0084536078009487675,0,-0.018273031884224859,0.021165379381139462,0,-0.048046711360553926,0.15527454332705659,0,0.0075102162455504551
G02,10+A,new_run,artifacts/experiments/features34_step2_10plusA/20261003T083744568146Z_173e76e3,ret_1d;ret_5d;ret_20d;gap_1d;intraday_ret;high_low_range;volatility_5d;volatility_20d;volume_ratio_5d;amount_ratio_5d;ret_2d;ret_10d;ret_60d,13,4597785,1125300,1,0.023927951694781388,0.080776397935206593,0.29622454462471559,0.62396694214876036,0.070789442266299268,0.090212679586416308,0.482512573011037,0.18605424145449123,0.0011607109453464215,-0.057648816053881918,0.56157560310166565,0.5613961085582998,0.5613961085582998,0.5613961085582998,0.85118964909165196,585fe71822a7c56de9cd4065eb168c17c2409239b29bb40fc0a9e60649c619fd,0,42.650849899999912,2450.06640625,0.0095711806779125563,0.0011175728769637887,-0.017155459007261072,0.021236832679889781,7.1453298750318722e-05,-0.047975258061803611,0.15524622809668889,-2.8315230367698119e-05,0.007481901015182757
G03,10+B,new_run,artifacts/experiments/features34_step2_10plusB/20261003T083829786738Z_fcddf2f5,ret_1d;ret_5d;ret_20d;gap_1d;intraday_ret;high_low_range;volatility_5d;volatility_20d;volume_ratio_5d;amount_ratio_5d;close_location;upper_shadow;lower_shadow;body_ratio,14,4597785,1125300,1,0.034320571503257888,0.08210967049423698,0.41798452358503546,0.68595041322314054,0.13680444219113921,0.15622767951125627,0.4968275403122544,0.20572129916496862,0.020827768655823808,-0.037981758343404531,0.56153072946582427,0.5613961085582998,0.5613961085582998,0.5613961085582998,0.86981658978329401,5934f71fe60bc244c5d88d28b17a9b246a180de9bf4fb66b2ee244eefa814148,0,43.311818200000062,2055.44140625,0.013728228601303155,0.0052746208003543876,-0.012998411083870471,0.041041332657341764,0.019875953276202302,-0.028170758084351627,0.15095173790632369,-0.0043228054207329059,0.0031874108248175492
G04,10+C,new_run,artifacts/experiments/features34_step2_10plusC/20261003T083915765465Z_7e1e246a,ret_1d;ret_5d;ret_20d;gap_1d;intraday_ret;high_low_range;volatility_5d;volatility_20d;volume_ratio_5d;amount_ratio_5d;bias_20d;bias_60d;price_position_20d;price_position_60d,14,4597785,1125300,1,0.023229373294300793,0.078955951290010068,0.29420674331410279,0.62809917355371903,0.091240564032306029,0.11066380135242306,0.47855384439137666,0.19309776520999913,0.0082042347008543237,-0.050605292298374016,0.56153072946582427,0.5613961085582998,0.5613961085582998,0.5613961085582998,0.8533452925360242,1ae8b9b027c10620b34eb8785f49bfea625d02c0f07a21727575bddd60385a53,0,47.523882000000185,2700.046875,0.0092917493177203173,0.00083814151677154974,-0.017434890367453309,0.027372169209691807,0.0062067898285523455,-0.041839921532001584,0.156433846682587,0.0011593033555304111,0.0086695196010808662
G05,10+D,new_run,artifacts/experiments/features34_step2_10plusD/20261003T084005872011Z_175f85a5,ret_1d;ret_5d;ret_20d;gap_1d;intraday_ret;high_low_range;volatility_5d;volatility_20d;volume_ratio_5d;amount_ratio_5d;amount_ratio_20d;log_mean_amount_20d;volatility_60d,13,4597785,1125300,1,0.042282151989171096,0.085783906075566699,0.49289142828172128,0.68595041322314054,0.11046971618258077,0.12989295350269783,0.46683209376633689,0.21000414752054161,0.025110617011396802,-0.033698909987831538,0.56160252728317062,0.5613961085582998,0.5613961085582998,0.5613961085582998,0.78968839736999341,e0522596e30876f04102cd16f9c8555dcebda906f055d7303aa35f93916714ad,0,43.891653500000075,2491.92578125,0.016912860795668439,0.0084592529947196717,-0.009813778889505187,0.033140914854774231,0.011975535473634769,-0.03607117588691916,0.15995037187009895,0.0046758285430423541,0.012186044788592809
G06,10+E,new_run,artifacts/experiments/features34_step2_10plusE/20261003T084052156369Z_cb1d01ae,ret_1d;ret_5d;ret_20d;gap_1d;intraday_ret;high_low_range;volatility_5d;volatility_20d;volume_ratio_5d;amount_ratio_5d;flag_limit_up;flag_limit_down;limit_up_count_5d;limit_down_count_5d,14,4597785,1125300,1,0.023847494606719609,0.071635731171611622,0.33289943742725536,0.66115702479338845,0.093534577702782867,0.11295781502289991,0.4785630966864477,0.19403044214758841,0.0091369116384436011,-0.049672615360784739,0.56143200746697297,0.56123456346927059,0.56123456346927059,0,0.8497466566063262,cd0c519eb19d08c174363f2ab9a67199ce5600c7c4d87225750b682e7b3a7ca0,0,41.971862000000101,2420.5546875,0.0095389978426878436,0.0010853900417390761,-0.017187641842485783,0.028060373310834861,0.0068949939296953991,-0.041151717430858534,0.1564310709940657,0.0011565276670091051,0.0086667439125595602
G07,10+F,new_run,artifacts/experiments/features34_step2_10plusF/20261003T084136552341Z_402e7ecd,ret_1d;ret_5d;ret_20d;gap_1d;intraday_ret;high_low_range;volatility_5d;volatility_20d;volume_ratio_5d;amount_ratio_5d;ret_1d_rank_pct;ret_5d_rank_pct;ret_20d_rank_pct;amount_ratio_5d_rank_pct;volatility_20d_rank_pct;log_mean_amount_20d_rank_pct,16,4597785,1125300,1,0.075335956094029308,0.088569635572004229,0.85058446506515917,0.81818181818181823,0.16362418779428481,0.18304742511440186,0.48530295301868553,0.2336307528702915,0.048737222361146693,-0.010072304638081647,0.5614948305571511,0.5613961085582998,0.5613961085582998,0.5613961085582998,0.82322260689829485,b8ab57ddb146ba99711b8f2db513874243cdfa9134aacc50d65ad6901b47f078,0,62.288487400000122,2432.25,0.030134382437611726,0.021680774636662958,0.0034077427524380997,0.049087256338285444,0.027921876957145982,-0.020124834403407947,0.15440911409439434,-0.00086542923266225147,0.0066447870128882036
G08,full34,reused_step1,artifacts/experiments/features34_step1_full34_2023/20261001T145046998460Z_a2802673,ret_1d;ret_5d;ret_20d;gap_1d;intraday_ret;high_low_range;volatility_5d;volatility_20d;volume_ratio_5d;amount_ratio_5d;ret_2d;ret_10d;ret_60d;close_location;upper_shadow;lower_shadow;body_ratio;bias_20d;bias_60d;price_position_20d;price_position_60d;amount_ratio_20d;log_mean_amount_20d;volatility_60d;flag_limit_up;flag_limit_down;limit_up_count_5d;limit_down_count_5d;ret_1d_rank_pct;ret_5d_rank_pct;ret_20d_rank_pct;amount_ratio_5d_rank_pct;volatility_20d_rank_pct;log_mean_amount_20d_rank_pct,34,4597785,1125300,1,0.066816599212934064,0.093668546567256442,0.71333015896598773,0.79338842975206614,0.23070696913897798,0.25013020645909501,0.50745224306164616,0.24370305750837315,0.05880952699922834,0,0.5615486789201608,0.5613961085582998,0.5613961085582998,0,0.87596818849572067,6c5a6cae8d24e23a49ff62340a355dccadba9c991242b4a781f781f1a52da57e,0,79.853722699999707,4440.75390625,0.026726639685173626,0.018273031884224859,0,0.069212090741693391,0.048046711360553926,0,0.14776432708150614,-0.0075102162455504551,0
G09,34-A,new_run,artifacts/experiments/features34_step2_34minusA/20261003T084241291962Z_47787afa,ret_1d;ret_5d;ret_20d;gap_1d;intraday_ret;high_low_range;volatility_5d;volatility_20d;volume_ratio_5d;amount_ratio_5d;close_location;upper_shadow;lower_shadow;body_ratio;bias_20d;bias_60d;price_position_20d;price_position_60d;amount_ratio_20d;log_mean_amount_20d;volatility_60d;flag_limit_up;flag_limit_down;limit_up_count_5d;limit_down_count_5d;ret_1d_rank_pct;ret_5d_rank_pct;ret_20d_rank_pct;amount_ratio_5d_rank_pct;volatility_20d_rank_pct;log_mean_amount_20d_rank_pct,31,4597785,1125300,1,0.066674315314896745,0.09107693435542949,0.73206587141700386,0.78925619834710747,0.24629188662690021,0.26571512394701724,0.5105154846731762,0.24740264671207587,0.062509116202931064,0.0036995892037027245,0.56152175473865595,0.5613961085582998,0.5613961085582998,0,0.87720001462140529,e8be564ed240657db86ce35bc35a701a274d2ca3fa8894ec8213e3389d02950b,0,80.413266199999953,3488.203125,0.0266697261259587,0.018216118325009932,-5.6913559214926551e-05,0.073887565988070059,0.052722186606930593,0.0046754752463766674,0.14684535459804712,-0.008429188729009468,-0.00091897248345901295
G10,34-B,new_run,artifacts/experiments/features34_step2_34minusB/20261003T084404309061Z_7605747e,ret_1d;ret_5d;ret_20d;gap_1d;intraday_ret;high_low_range;volatility_5d;volatility_20d;volume_ratio_5d;amount_ratio_5d;ret_2d;ret_10d;ret_60d;bias_20d;bias_60d;price_position_20d;price_position_60d;amount_ratio_20d;log_mean_amount_20d;volatility_60d;flag_limit_up;flag_limit_down;limit_up_count_5d;limit_down_count_5d;ret_1d_rank_pct;ret_5d_rank_pct;ret_20d_rank_pct;amount_ratio_5d_rank_pct;volatility_20d_rank_pct;log_mean_amount_20d_rank_pct,30,4597785,1125300,1,0.0646276635227091,0.091321567885885302,0.7076933195394467,0.75619834710743805,0.15268905171441097,0.17211228903452802,0.48994634502802648,0.224673877414999,0.039780346905854191,-0.019029180093374148,0.55794083859850663,0.55778826823664562,0.55778826823664562,0,0.83509841123598616,0c4ca89e17fa124d477739cccd8b68a8bab49af5c656e7c7a1e2e1d7f0ca5e38,0,81.153137000000015,3601.3984375,0.025851065409083641,0.017397457608134874,-0.0008755742760899847,0.04580671551432329,0.024641336133183828,-0.023405375227370101,0.15301609649159206,-0.0022584468354645282,0.0052517694100859269
G11,34-C,new_run,artifacts/experiments/features34_step2_34minusC/20261003T084528056410Z_0c89663a,ret_1d;ret_5d;ret_20d;gap_1d;intraday_ret;high_low_range;volatility_5d;volatility_20d;volume_ratio_5d;amount_ratio_5d;ret_2d;ret_10d;ret_60d;close_location;upper_shadow;lower_shadow;body_ratio;amount_ratio_20d;log_mean_amount_20d;volatility_60d;flag_limit_up;flag_limit_down;limit_up_count_5d;limit_down_count_5d;ret_1d_rank_pct;ret_5d_rank_pct;ret_20d_rank_pct;amount_ratio_5d_rank_pct;volatility_20d_rank_pct;log_mean_amount_20d_rank_pct,30,4597785,1125300,1,0.071153035606959888,0.093314037091583799,0.76251159873327723,0.80165289256198347,0.23680332060215478,0.25622655792227184,0.50859276587568603,0.24692438066072459,0.062030850151579775,0.0032213231523514352,0.56155765364732912,0.5613961085582998,0.5613961085582998,0,0.87165975883024849,9f93de07df3b7ad6a72240c25cb7a7fd1796420a119fdfd5ea8458e187f2076a,0,75.461106699999846,3747.09765625,0.028461214242783958,0.020007606441835191,0.0017345745576103321,0.071040996180646437,0.049875616799506972,0.0018289054389530462,0.14742217023729418,-0.0078523730897624155,-0.00034215684421196046
G12,34-D,new_run,artifacts/experiments/features34_step2_34minusD/20261003T084646063337Z_01b925e1,ret_1d;ret_5d;ret_20d;gap_1d;intraday_ret;high_low_range;volatility_5d;volatility_20d;volume_ratio_5d;amount_ratio_5d;ret_2d;ret_10d;ret_60d;close_location;upper_shadow;lower_shadow;body_ratio;bias_20d;bias_60d;price_position_20d;price_position_60d;flag_limit_up;flag_limit_down;limit_up_count_5d;limit_down_count_5d;ret_1d_rank_pct;ret_5d_rank_pct;ret_20d_rank_pct;amount_ratio_5d_rank_pct;volatility_20d_rank_pct;log_mean_amount_20d_rank_pct,31,4597785,1125300,1,0.067673729582289802,0.092252345260240912,0.73357191507039066,0.7975206611570248,0.22906007890391819,0.24848331622403519,0.51223117634929372,0.24211816259930324,0.057224632090158434,-0.001584894909069906,0.56156662837449745,0.5613961085582998,0.5613961085582998,0,0.88664548681354138,957fae144b1566d85906aaa235db1360bebf5e49bf7ffad03b05cee6e9163fe9,0,80.518120100000033,4278.234375,0.027069491832915921,0.018615884031967154,0.00034285214774229522,0.068718023671175452,0.047552644290035986,-0.00049406707051793952,0.14633064709521187,-0.0089438962318447168,-0.0014336799862942617
G13,34-E,new_run,artifacts/experiments/features34_step2_34minusE/20261003T084809273777Z_846ae82b,ret_1d;ret_5d;ret_20d;gap_1d;intraday_ret;high_low_range;volatility_5d;volatility_20d;volume_ratio_5d;amount_ratio_5d;ret_2d;ret_10d;ret_60d;close_location;upper_shadow;lower_shadow;body_ratio;bias_20d;bias_60d;price_position_20d;price_position_60d;amount_ratio_20d;log_mean_amount_20d;volatility_60d;ret_1d_rank_pct;ret_5d_rank_pct;ret_20d_rank_pct;amount_ratio_5d_rank_pct;volatility_20d_rank_pct;log_mean_amount_20d_rank_pct,30,4597785,1125300,1,0.064280562130807267,0.093709543578068114,0.68595534324906859,0.78925619834710747,0.23246243509631043,0.25188567241642745,0.50650497809530759,0.24349946195262376,0.058605931443478948,-0.00020359555574939181,0.5614948305571511,0.5613961085582998,0.5613961085582998,0.5613961085582998,0.87478958217353275,4b1dd74d2ac8e31fece40cf01ed480f9285ef234223d8b9da2c0806c3c1f8ecc,0,78.76325659999975,4131.3203125,0.025712224852322909,0.017258617051374141,-0.0010144148328507172,0.069738730528893123,0.048573351147753657,0.00052663978719973137,0.14804850657140772,-0.007226036755648868,0.00028417948990158703
G14,34-F,new_run,artifacts/experiments/features34_step2_34minusF/20261003T084930537961Z_73608e43,ret_1d;ret_5d;ret_20d;gap_1d;intraday_ret;high_low_range;volatility_5d;volatility_20d;volume_ratio_5d;amount_ratio_5d;ret_2d;ret_10d;ret_60d;close_location;upper_shadow;lower_shadow;body_ratio;bias_20d;bias_60d;price_position_20d;price_position_60d;amount_ratio_20d;log_mean_amount_20d;volatility_60d;flag_limit_up;flag_limit_down;limit_up_count_5d;limit_down_count_5d,28,4597785,1125300,1,0.048176474277760173,0.094935730169912858,0.50746409377729018,0.71900826446280997,0.22321397880876731,0.24263721612888428,0.49089911259390306,0.23896504957556336,0.05407151906641855,-0.0047380079328097902,0.56050761056863874,0.56024734348075822,0.56024734348075822,0,0.85223225741539244,20a6d5125a77af540c4a0ae60027dfbad4601cb6a49ab1c83438cf7205cc6258,0,57.428480399999899,3909.75,0.019270589711104069,0.010816981910155302,-0.007456049974069557,0.06696419364263019,0.045798814261490725,-0.0022478970990632008,0.15273026622182909,-0.0025442771052275048,0.0049659391403229503
