experiment_id,context,feature,group,kind,year,split,directory,before_directory,feature_count,train_samples,valid_prediction_rows,before_ic_mean,after_ic_mean,delta_ic_mean,after_ic_mean_minus_baseline10,before_ic_std,after_ic_std,delta_ic_std,after_ic_std_minus_baseline10,before_icir,after_icir,delta_icir,after_icir_minus_baseline10,before_ic_positive_ratio,after_ic_positive_ratio,delta_ic_positive_ratio,after_ic_positive_ratio_minus_baseline10,before_annual_excess,after_annual_excess,delta_annual_excess,after_annual_excess_minus_baseline10,before_top1_annual_ret,after_top1_annual_ret,delta_top1_annual_ret,after_top1_annual_ret_minus_baseline10,before_mean_turnover,after_mean_turnover,delta_mean_turnover,after_mean_turnover_minus_baseline10,before_final_score,after_final_score,delta_final_score,after_final_score_minus_baseline10,before_top_missing_label,after_top_missing_label,delta_top_missing_label,before_top_invalid_price,after_top_invalid_price,delta_top_invalid_price,before_top_baseline_all_missing,after_top_baseline_all_missing,delta_top_baseline_all_missing,before_top_candidate_all_missing,after_top_candidate_all_missing,delta_top_candidate_all_missing,before_price_valid_turnover,after_price_valid_turnover,delta_price_valid_turnover,positive_months,negative_months,near_months,worst_month,worst_month_delta,median_month_delta,positive_excess_months,largest_positive_excess_month_share,largest_positive_score_month_share,block_ci_lower,block_ci_upper,block_ci_spans_zero,block_length,block_repetitions,guards_pass,near_effect,clear_year_degradation,preliminary_conclusion,evidence_limit,candidate
S4R_full34_minus3_2021,full34,ret_10d;limit_up_count_5d;volatility_20d_rank_pct,joint,joint,2021,dev_2021,artifacts/experiments/S4R_full34_minus3_2021/20261004T090607834910Z_eadde3a4,artifacts/experiments/features34_step3_full34_dev_2021/20261003T180738608686Z_70f49bc1,31,2594048,1129950,0.075466202388611833,0.077344426206477274,0.0018782238178654403,0.042237507697673128,0.075874067182906735,0.078248233873821987,0.0023741666909152526,0.021279915006249053,0.99462445062669858,0.98844948157165902,-0.0061749690550395586,0.3721961111604174,0.86419753086419748,0.83539094650205759,-0.028806584362139898,0.078189300411522611,0.50733590294912922,0.53581559531322898,0.028479692364099751,0.47891574359051325,0.66504254095121496,0.69352223331531471,0.028479692364099751,0.47891574359051337,0.31852597395551457,0.31652241370293338,-0.0020035602525811935,0.0046991450379532673,0.38682945965352911,0.39672572496567959,0.0098962653121504873,0.15915998264483727,1,1,0,1,1,0,1,1,0,0,0,0,0.87702547057048363,0.88144461652706474,0.0044191459565811053,9,3,0,202101,-0.052774173908373856,0.010081937348999342,9,0.34263389929670329,0.30485715543168912,-0.0018830272155671,0.026747856338721381,True,20,2000,False,False,False,possible deletion,conditional fixed background; 2023 alone cannot decide; bootstrap fixed predictions only,S4R_full34_minus3
S4R_full34_minus3_2022,full34,ret_10d;limit_up_count_5d;volatility_20d_rank_pct,joint,joint,2022,dev_2022,artifacts/experiments/S4R_full34_minus3_2022/20261004T090627775954Z_bffc5f5a,artifacts/experiments/features34_step3_full34_dev_2022/20261003T181310927243Z_d27fb847,31,3568878,1125300,0.089826173429262163,0.090022936471934198,0.00019676304267203515,0.047308358791327054,0.092504173560365582,0.093357182435225491,0.00085300887485990906,0.01592213091787574,0.97104995344501044,0.96428506220606314,-0.0067648912389473015,0.4126669403915938,0.83471074380165289,0.83471074380165289,0,0.099173553719008267,0.45733731271457678,0.46624963367911443,0.0089123209645376456,0.36420163532879979,0.32620909564980677,0.33512141661434441,0.0089123209645376456,0.3642016353287999,0.23216561379343295,0.23599646319724563,0.003830849403812675,0.017569948723584722,0.40348197904804806,0.40508512573333433,0.0016031466852862719,0.12291284949809533,0.85511700002711477,0.85336358131253331,-0.0017534187145814562,0.85503565585994346,0.85330031362695569,-0.0017353422329877688,0.85503565585994346,0.85330031362695569,-0.0017353422329877688,0,0,0,0.87679080193207903,0.87829322533476162,0.0015024234026825845,6,6,0,202202,-0.044338967284798581,-0.00048481409676176535,6,0.32333971275946055,0.30879008166266203,-0.009351763259738204,0.014183731877637544,True,20,2000,False,False,False,possible deletion,conditional fixed background; 2023 alone cannot decide; bootstrap fixed predictions only,S4R_full34_minus3
S4R_full34_minus3_2023,full34,ret_10d;limit_up_count_5d;volatility_20d_rank_pct,joint,joint,2023,primary_2023,artifacts/experiments/S4R_full34_minus3_2023/20261004T090648724514Z_0e18c478,artifacts/experiments/features34_step1_full34_2023/20261001T145046998460Z_a2802673,31,4597785,1125300,0.066816599212934064,0.066000244532103014,-0.00081635468083104956,0.044866225029731095,0.093668546567256442,0.0919638994724052,-0.0017046470948512416,0.020715595264066036,0.71333015896598773,0.71767557607653565,0.0043454171105479222,0.42105069865386269,0.79338842975206614,0.77685950413223137,-0.016528925619834767,0.13636363636363635,0.23070696913897798,0.25091350966550674,0.02020654052652876,0.18036224506170853,0.25013020645909501,0.27033674698562382,0.020206540526528816,0.18036224506170859,0.50745224306164616,0.50532814510779234,-0.0021240979538538207,0.02290995619798103,0.24370305750837315,0.25007570718015548,0.0063726496717823322,0.065182176671010672,0.5615486789201608,0.56152175473865595,-2.6924181504850431e-05,0.5613961085582998,0.5613961085582998,0,0.5613961085582998,0.5613961085582998,0,0,0,0,0.87596818849572067,0.87493963755005155,-0.0010285509456691155,6,6,2,202307,-0.023376089534762834,0.007385834018050319,7,0.23448471635808943,0.23421755626729229,-0.003164541018007025,0.017600053778800639,True,20,2000,False,False,False,possible deletion,conditional fixed background; 2023 alone cannot decide; bootstrap fixed predictions only,S4R_full34_minus3
S4R_lean31_minus4_2021,lean31,price_position_20d;lower_shadow;ret_5d_rank_pct;volatility_20d_rank_pct,joint,joint,2021,dev_2021,artifacts/experiments/S4R_lean31_minus4_2021/20261004T090711374528Z_074f66ba,artifacts/experiments/features34_step3_lean31_dev_2021/20261003T180857919690Z_9a8fa5e8,27,2594048,1129950,0.076461399394064919,0.077189770675951536,0.00072837128188661671,0.04208285216714739,0.077920368145214344,0.079351518631025519,0.0014311504858111751,0.022383199763452585,0.98127615685246183,0.97275732093892442,-0.0085188359135374148,0.3565039505276828,0.84362139917695478,0.8559670781893004,0.012345679012345623,0.098765432098765427,0.50867439036625439,0.50702229024977541,-0.0016521001164789828,0.45012243852705969,0.66638102836834001,0.66472892825186103,-0.0016521001164789828,0.45012243852705969,0.33342495494581409,0.31343511103530564,-0.019989843910508454,0.0016118423703255225,0.38315939038375801,0.38895206203472155,0.0057926716509635323,0.15138631971387922,1,1,0,1,1,0,1,1,0,0,0,0,0.87325989666919734,0.87410210425987156,0.00084220759067421547,7,5,0,202110,-0.056869472755128658,0.0079705688140951081,6,0.5321469591453527,0.32778144038149332,-0.0064845690672350308,0.018412399273220723,True,20,2000,False,False,False,possible deletion,conditional fixed background; 2023 alone cannot decide; bootstrap fixed predictions only,S4R_lean31_minus4
S4R_lean31_minus4_2022,lean31,price_position_20d;lower_shadow;ret_5d_rank_pct;volatility_20d_rank_pct,joint,joint,2022,dev_2022,artifacts/experiments/S4R_lean31_minus4_2022/20261004T090730132670Z_e52a05ef,artifacts/experiments/features34_step3_lean31_dev_2022/20261003T181431453037Z_61467b0e,27,3568878,1125300,0.090092369560114557,0.094236865755487745,0.0041444961953731874,0.051522288074880601,0.093726906232600118,0.096484461564930471,0.0027575553323303525,0.01904941004758072,0.96122205651954618,0.97670510076972161,0.015483044250175437,0.42508697895525227,0.83884297520661155,0.83471074380165289,-0.0041322314049586639,0.099173553719008267,0.47224649593819346,0.50447257016187463,0.032226074223681178,0.40242457181155999,0.34111827887342339,0.37334435309710451,0.032226074223681123,0.40242457181155999,0.24168976222233035,0.24083480217977749,-0.00085496004255286584,0.022408287706116581,0.40520396793880475,0.41678607669682421,0.01158210875801946,0.13461380046158522,0.84641317413978545,0.84822986053994454,0.0018166864001590843,0.84631375349102056,0.84812140165038274,0.0018076481593621851,0.84631375349102056,0.84812140165038274,0.0018076481593621851,0,0,0,0.87139451563012216,0.87039005876922526,-0.0010044568608968962,9,3,0,202201,-0.01074624129579016,0.0093813730483572888,9,0.28983440974038116,0.26138729579317904,0.001268450571714092,0.021667516084987067,False,20,2000,True,False,False,possible deletion,conditional fixed background; 2023 alone cannot decide; bootstrap fixed predictions only,S4R_lean31_minus4
S4R_lean31_minus4_2023,lean31,price_position_20d;lower_shadow;ret_5d_rank_pct;volatility_20d_rank_pct,joint,joint,2023,primary_2023,artifacts/experiments/S4R_lean31_minus4_2023/20261004T090750752259Z_95be596d,artifacts/experiments/features34_step2_34minusA/20261003T084241291962Z_47787afa,27,4597785,1125300,0.066674315314896745,0.071825386488470547,0.0051510711735738013,0.050691366986098628,0.09107693435542949,0.092811392608235815,0.0017344582528063257,0.021563088399896652,0.73206587141700386,0.77388545166702916,0.041819580250025301,0.47726057424435619,0.78925619834710747,0.80578512396694213,0.016528925619834656,0.16528925619834711,0.24629188662690021,0.28759234993654587,0.041300463309645652,0.21704108533274766,0.26571512394701724,0.30701558725666284,0.041300463309645596,0.2170410853327476,0.5105154846731762,0.50505820286165248,-0.0054572818115237176,0.022640013951841176,0.24740264671207587,0.26349039871785623,0.016087752005780359,0.078596868208711423,0.56152175473865595,0.56157560310166565,5.3848363009700861e-05,0.5613961085582998,0.5613961085582998,0,0.5613961085582998,0.5613961085582998,0,0,0,0,0.87720001462140529,0.87539507125905924,-0.0018049433623460454,9,3,0,202301,-0.042517566261845385,0.021078969926510316,8,0.36630978315904289,0.35482309058436684,0.00066281464115358298,0.03471029294700323,False,20,2000,False,False,False,possible deletion,conditional fixed background; 2023 alone cannot decide; bootstrap fixed predictions only,S4R_lean31_minus4
reused_full34_2021,full34,,joint,reference,2021,dev_2021,artifacts/experiments/features34_step3_full34_dev_2021/20261003T180738608686Z_70f49bc1,artifacts/experiments/features34_step3_full34_dev_2021/20261003T180738608686Z_70f49bc1,34,2594048,1129950,0.075466202388611833,0.075466202388611833,0,0.040359283879807688,0.075874067182906735,0.075874067182906735,0,0.018905748315333801,0.99462445062669858,0.99462445062669858,0,0.37837108021545696,0.86419753086419748,0.86419753086419748,0,0.10699588477366251,0.50733590294912922,0.50733590294912922,0,0.4504360512264135,0.66504254095121496,0.66504254095121496,0,0.45043605122641361,0.31852597395551457,0.31852597395551457,0,0.0067027052905344608,0.38682945965352911,0.38682945965352911,0,0.14926371733268678,1,1,0,1,1,0,1,1,0,0,0,0,0.87702547057048363,0.87702547057048363,0,0,0,12,202101,0,0,0,,,0,0,True,20,2000,False,True,False,near/uncertain,conditional fixed background; 2023 alone cannot decide; bootstrap fixed predictions only,full34
reused_full34_2022,full34,,joint,reference,2022,dev_2022,artifacts/experiments/features34_step3_full34_dev_2022/20261003T181310927243Z_d27fb847,artifacts/experiments/features34_step3_full34_dev_2022/20261003T181310927243Z_d27fb847,34,3568878,1125300,0.089826173429262163,0.089826173429262163,0,0.047111595748655019,0.092504173560365582,0.092504173560365582,0,0.015069122043015831,0.97104995344501044,0.97104995344501044,0,0.4194318316305411,0.83471074380165289,0.83471074380165289,0,0.099173553719008267,0.45733731271457678,0.45733731271457678,0,0.35528931436426214,0.32620909564980677,0.32620909564980677,0,0.35528931436426225,0.23216561379343295,0.23216561379343295,0,0.013739099319772047,0.40348197904804806,0.40348197904804806,0,0.12130970281280906,0.85511700002711477,0.85511700002711477,0,0.85503565585994346,0.85503565585994346,0,0.85503565585994346,0.85503565585994346,0,0,0,0,0.87679080193207903,0.87679080193207903,0,0,0,12,202201,0,0,0,,,0,0,True,20,2000,False,True,False,near/uncertain,conditional fixed background; 2023 alone cannot decide; bootstrap fixed predictions only,full34
reused_full34_2023,full34,,joint,reference,2023,primary_2023,artifacts/experiments/features34_step1_full34_2023/20261001T145046998460Z_a2802673,artifacts/experiments/features34_step1_full34_2023/20261001T145046998460Z_a2802673,34,4597785,1125300,0.066816599212934064,0.066816599212934064,0,0.045682579710562145,0.093668546567256442,0.093668546567256442,0,0.022420242358917278,0.71333015896598773,0.71333015896598773,0,0.41670528154331477,0.79338842975206614,0.79338842975206614,0,0.15289256198347112,0.23070696913897798,0.23070696913897798,0,0.16015570453517977,0.25013020645909501,0.25013020645909501,0,0.16015570453517977,0.50745224306164616,0.50745224306164616,0,0.02503405415183485,0.24370305750837315,0.24370305750837315,0,0.05880952699922834,0.5615486789201608,0.5615486789201608,0,0.5613961085582998,0.5613961085582998,0,0.5613961085582998,0.5613961085582998,0,0,0,0,0.87596818849572067,0.87596818849572067,0,0,0,12,202301,0,0,0,,,0,0,True,20,2000,False,True,False,near/uncertain,conditional fixed background; 2023 alone cannot decide; bootstrap fixed predictions only,full34
reused_lean31_2021,lean31,,joint,reference,2021,dev_2021,artifacts/experiments/features34_step3_lean31_dev_2021/20261003T180857919690Z_9a8fa5e8,artifacts/experiments/features34_step3_lean31_dev_2021/20261003T180857919690Z_9a8fa5e8,31,2594048,1129950,0.076461399394064919,0.076461399394064919,0,0.041354480885260773,0.077920368145214344,0.077920368145214344,0,0.02095204927764141,0.98127615685246183,0.98127615685246183,0,0.36502278644122022,0.84362139917695478,0.84362139917695478,0,0.086419753086419804,0.50867439036625439,0.50867439036625439,0,0.45177453864353867,0.66638102836834001,0.66638102836834001,0,0.45177453864353867,0.33342495494581409,0.33342495494581409,0,0.021601686280833976,0.38315939038375801,0.38315939038375801,0,0.14559364806291569,1,1,0,1,1,0,1,1,0,0,0,0,0.87325989666919734,0.87325989666919734,0,0,0,12,202101,0,0,0,,,0,0,True,20,2000,False,True,False,near/uncertain,conditional fixed background; 2023 alone cannot decide; bootstrap fixed predictions only,lean31
reused_lean31_2022,lean31,,joint,reference,2022,dev_2022,artifacts/experiments/features34_step3_lean31_dev_2022/20261003T181431453037Z_61467b0e,artifacts/experiments/features34_step3_lean31_dev_2022/20261003T181431453037Z_61467b0e,31,3568878,1125300,0.090092369560114557,0.090092369560114557,0,0.047377791879507414,0.093726906232600118,0.093726906232600118,0,0.016291854715250367,0.96122205651954618,0.96122205651954618,0,0.40960393470507683,0.83884297520661155,0.83884297520661155,0,0.10330578512396693,0.47224649593819346,0.47224649593819346,0,0.37019849758787882,0.34111827887342339,0.34111827887342339,0,0.37019849758787887,0.24168976222233035,0.24168976222233035,0,0.023263247748669447,0.40520396793880475,0.40520396793880475,0,0.12303169170356576,0.84641317413978545,0.84641317413978545,0,0.84631375349102056,0.84631375349102056,0,0.84631375349102056,0.84631375349102056,0,0,0,0,0.87139451563012216,0.87139451563012216,0,0,0,12,202201,0,0,0,,,0,0,True,20,2000,False,True,False,near/uncertain,conditional fixed background; 2023 alone cannot decide; bootstrap fixed predictions only,lean31
reused_lean31_2023,lean31,,joint,reference,2023,primary_2023,artifacts/experiments/features34_step2_34minusA/20261003T084241291962Z_47787afa,artifacts/experiments/features34_step2_34minusA/20261003T084241291962Z_47787afa,31,4597785,1125300,0.066674315314896745,0.066674315314896745,0,0.045540295812524827,0.09107693435542949,0.09107693435542949,0,0.019828630147090326,0.73206587141700386,0.73206587141700386,0,0.43544099399433089,0.78925619834710747,0.78925619834710747,0,0.14876033057851246,0.24629188662690021,0.24629188662690021,0,0.17574062202310201,0.26571512394701724,0.26571512394701724,0,0.17574062202310201,0.5105154846731762,0.5105154846731762,0,0.028097295763364893,0.24740264671207587,0.24740264671207587,0,0.062509116202931064,0.56152175473865595,0.56152175473865595,0,0.5613961085582998,0.5613961085582998,0,0.5613961085582998,0.5613961085582998,0,0,0,0,0.87720001462140529,0.87720001462140529,0,0,0,12,202301,0,0,0,,,0,0,True,20,2000,False,True,False,near/uncertain,conditional fixed background; 2023 alone cannot decide; bootstrap fixed predictions only,lean31
