month,ic,excess,turnover,annual_excess,ic_contribution,excess_contribution,stability_contribution,score,before_ic,delta_ic,ic_minus_baseline10,before_annual_excess,delta_annual_excess,annual_excess_minus_baseline10,before_turnover,delta_turnover,turnover_minus_baseline10,before_score,delta_score,score_minus_baseline10,experiment_id,context,feature,year,kind,candidate
202101,0.054594056222121178,0.0012432236549528534,0.53899647537535988,0.31329236104811903,0.021837622488848473,0.093987708314435703,0.13830105738739204,0.25412638819067623,0.058765447804673743,-0.0041713915825525652,0.014776136683277798,0.43864074747199783,-0.1253483864238788,0.32882700008050358,0.49399280421472913,0.045003671160630754,-0.0062141800899173649,0.30690056209905009,-0.052774173908373856,0.10642280872443741,S4R_full34_minus3_2021,full34,ret_10d;limit_up_count_5d;volatility_20d_rank_pct,2021,joint,S4R_full34_minus3
202102,0.096533647439952713,0.0022265386708450255,0.45381686292597551,0.56108774505294645,0.038613458975981091,0.16832632351588392,0.16385494112220733,0.37079472361407234,0.095366796455667535,0.0011668509842851782,0.064699968207389741,0.59683556810584515,-0.035747823052898697,0.57710577466202617,0.47393656436534026,-0.020119701439364757,0.076578412751538427,0.37501641970441846,-0.0042216960903461165,0.17603819585610217,S4R_full34_minus3_2021,full34,ret_10d;limit_up_count_5d;volatility_20d_rank_pct,2021,joint,S4R_full34_minus3
202103,0.10526841907825342,0.0029848193695730927,0.43776049937679418,0.75217448113241936,0.042107367631301372,0.22565234433972581,0.16867185018696174,0.43643156215798889,0.10289822410824899,0.00237019497000443,0.043501409333234937,0.72183865168678774,0.030335829445631624,0.64001054693731185,0.44701805308512554,-0.0092575537083313675,-0.0065001992530052122,0.42360546922379827,0.012826092934190625,0.21135378759038909,S4R_full34_minus3_2021,full34,ret_10d;limit_up_count_5d;volatility_20d_rank_pct,2021,joint,S4R_full34_minus3
202104,0.069991272115101755,0.0024475026612534386,0.42273875483070433,0.61677067063586655,0.027996508846040703,0.18503120119075997,0.17317837355078869,0.38620608358758934,0.064976959431469306,0.0050143126836324492,0.047400214676265359,0.61318248434047418,0.0035881862953923704,0.75153102723079812,0.43344382559331474,-0.010705070762610402,0.058964568257466932,0.37991238139673555,0.0062937021908537893,0.22673002356250549,S4R_full34_minus3_2021,full34,ret_10d;limit_up_count_5d;volatility_20d_rank_pct,2021,joint,S4R_full34_minus3
202105,0.047943929832718314,0.0017157930818855328,0.38911495917245331,0.43237985663515427,0.019177571933087327,0.12971395699054628,0.18326551224826401,0.33215704117189759,0.052241511779904583,-0.0042975819471862686,0.032887583431508827,0.48505182450607293,-0.052671967870918657,0.25566455004949629,0.3342262871249112,0.054888672047542109,-0.014425693605105649,0.36614426592631033,-0.033987224754412737,0.094182106468984061,S4R_full34_minus3_2021,full34,ret_10d;limit_up_count_5d;volatility_20d_rank_pct,2021,joint,S4R_full34_minus3
202106,0.079054983460825512,0.002580727032464545,0.37656450769149102,0.65034321218106539,0.031621993384330208,0.19510296365431962,0.1870306476925527,0.41375560473120254,0.077854284456356074,0.0012006990044694382,0.050298391067700385,0.64500174557823853,0.0053414666028268609,0.67750626710584128,0.41979747426550401,-0.043232966574012988,-0.032640271252970032,0.39870299517636282,0.015052609554839724,0.23316331793472356,S4R_full34_minus3_2021,full34,ret_10d;limit_up_count_5d;volatility_20d_rank_pct,2021,joint,S4R_full34_minus3
202107,0.06413349103225463,0.0027344955631637704,0.28488913718039882,0.68909288191727014,0.025653396412901854,0.20672786457518103,0.21453325884588037,0.44691451983396324,0.061881075413042663,0.0022524156192119671,0.024291082190833362,0.6656542870952904,0.023438594821979741,0.24741769542107989,0.32417932796494148,-0.039290190784542656,-0.022373060011813717,0.42719491790432174,0.019719601929641506,0.090653659506201412,S4R_full34_minus3_2021,full34,ret_10d;limit_up_count_5d;volatility_20d_rank_pct,2021,joint,S4R_full34_minus3
202108,0.095647409290101015,0.00247732077133692,0.286363476415194,0.62428483437690385,0.038258963716040408,0.18728545031307114,0.21409095707544179,0.43963537110455331,0.092561340577702197,0.0030860687123988179,0.047052583384624425,0.46032093664766721,0.16396389772923664,0.5535016412313869,0.26687196382300571,0.019491512592188287,0.039174537412345833,0.39505922807847932,0.044576143026073989,0.17311916449956199,S4R_full34_minus3_2021,full34,ret_10d;limit_up_count_5d;volatility_20d_rank_pct,2021,joint,S4R_full34_minus3
202109,0.09459829943663868,0.0027299428360368547,0.25637722481685932,0.68794559468128735,0.037839319774655475,0.20638367840438621,0.22308683255494219,0.46730983073398391,0.091010616952011028,0.0035876824846276523,0.069565529742448035,0.6156783491683161,0.072267245512971257,0.7511249008437616,0.24776292454690929,0.008614300269950026,0.017965605890864045,0.44677887416722645,0.020530956566757463,0.24777400038284852,S4R_full34_minus3_2021,full34,ret_10d;limit_up_count_5d;volatility_20d_rank_pct,2021,joint,S4R_full34_minus3
202110,0.055994496292086422,0.0011352332192883278,0.18754917626555576,0.28607877126065862,0.022397798516834572,0.085823631378197582,0.24373524712033326,0.35195667701536543,0.04820508873861469,0.0077894075534717319,0.0094345665087497768,0.27941044490790651,0.0066683263527521075,-0.020706626386079841,0.19196266497556608,-0.0044134887100103215,-0.016579328887346895,0.34551636947514797,0.0064403075402174603,0.0025356373538800714,S4R_full34_minus3_2021,full34,ret_10d;limit_up_count_5d;volatility_20d_rank_pct,2021,joint,S4R_full34_minus3
202111,0.091116061143303451,0.0024482602059197121,0.11821215074856233,0.61696157189176748,0.03644642445732138,0.18508847156753025,0.2645363547754313,0.48607125080028291,0.087308274398253352,0.0038077867450500985,0.050054321146149411,0.44485970115517631,0.17210187073659117,0.53591436526712921,0.1351328008386907,-0.016920650090128372,-0.021103072342952126,0.42784137985424697,0.058229870946035933,0.18712695974148413,S4R_full34_minus3_2021,full34,ret_10d;limit_up_count_5d;volatility_20d_rank_pct,2021,joint,S4R_full34_minus3
202112,0.066654909026016299,0.00052193714041357171,0.10416316279106097,0.13152815938422008,0.026661963610406521,0.039458447815266022,0.26875105116268172,0.33487146258835426,0.065913253996340349,0.00074165502967594998,0.049586656949522107,0.106942732076547,0.024585427307673074,0.3352120857611588,0.10304813465651336,0.0011150281345476132,-0.00158541768042747,0.3275336808245462,0.00733778176380806,0.12087391381228474,S4R_full34_minus3_2021,full34,ret_10d;limit_up_count_5d;volatility_20d_rank_pct,2021,joint,S4R_full34_minus3
202201,0.12468901251538074,0.0035821853970422865,0.05041792601794709,0.90271072005465625,0.049875605006152297,0.27081321601639685,0.28487462219461585,0.60556344321716504,0.12470227903505464,-1.3266519673899024e-05,0.063872457145259326,0.88005607374028738,0.022654646314368865,0.66386733956771049,0.047613466832023582,0.002804459185923508,0.0051359672406846094,0.59961369368650097,0.0059497495306640724,0.22316839455621151,S4R_full34_minus3_2022,full34,ret_10d;limit_up_count_5d;volatility_20d_rank_pct,2022,joint,S4R_full34_minus3
202202,0.079762562254345221,0.0011602922836278962,0.04170516285866703,0.29239365547422985,0.031905024901738091,0.087718096642268956,0.2874884511423999,0.40711157268640696,0.080346543742632712,-0.00058398148828749108,0.041876128029081174,0.44018709360237573,-0.14779343812814588,0.04724520575459959,0.042480685355200817,-0.00077552249653378702,-0.0031169491885250505,0.45145053997120554,-0.044338967284798581,0.03185909769456996,S4R_full34_minus3_2022,full34,ret_10d;limit_up_count_5d;volatility_20d_rank_pct,2022,joint,S4R_full34_minus3
202203,0.074334639276465622,0.001139763134167157,0.15525993476118083,0.28722030981012359,0.02973385571058625,0.086166092943037079,0.25342201957164573,0.36932196822526908,0.070561146933528954,0.0037734923429366685,0.038453359747791072,0.31231761171730871,-0.025097301907185121,0.47193897496073467,0.15208483308019252,0.003175101680988307,0.048064651323009605,0.37629429236454642,-0.0069723241392773416,0.14254364099043396,S4R_full34_minus3_2022,full34,ret_10d;limit_up_count_5d;volatility_20d_rank_pct,2022,joint,S4R_full34_minus3
202204,0.093070896054950281,0.0018884165354303582,0.3084133132059152,0.47588096692845028,0.037228358421980114,0.14276429007853508,0.20747600603822541,0.38746865453874058,0.090954385040434543,0.0021165110145157373,0.033336142010693688,0.34693073750529191,0.12895022942315837,0.33007661700330027,0.29476783605626994,0.013645477149645258,0.14562513242596281,0.3520306244508804,0.035438030087860173,0.068669902177478648,S4R_full34_minus3_2022,full34,ret_10d;limit_up_count_5d;volatility_20d_rank_pct,2022,joint,S4R_full34_minus3
202205,0.14253043726259446,0.0027315175558703074,0.16775203467510724,0.68834242407931745,0.057012174905037787,0.20650272722379523,0.24967438959746782,0.51318929172630079,0.14210188088570128,0.00042855637689317994,0.043694478977029064,0.65083302866438431,0.037509395414933144,0.25912164504774182,0.17124247141791082,-0.0034904367428035821,-0.0071576896403405255,0.50071791952822253,0.012471372198078257,0.097361591997236319,S4R_full34_minus3_2022,full34,ret_10d;limit_up_count_5d;volatility_20d_rank_pct,2022,joint,S4R_full34_minus3
202206,0.090310279511398958,0.0010347802691983196,0.23462263227068117,0.26076462783797655,0.036124111804559586,0.078229388351392967,0.22961321031879564,0.34396671047474819,0.093643305732629328,-0.0033330262212303702,0.025181314744914723,0.17718134396437954,0.083583283873597009,-0.0026427115345645791,0.23366802961960617,0.00095460265107499831,0.0065336004248263968,0.32051131659648369,0.023455393878264508,0.0073196323101486493,S4R_full34_minus3_2022,full34,ret_10d;limit_up_count_5d;volatility_20d_rank_pct,2022,joint,S4R_full34_minus3
202207,0.0762430849948523,0.001162472192969347,0.30164188303633627,0.29294299262827544,0.030497233997940923,0.087882897788482628,0.20950743508909911,0.32788756687552267,0.073637610709909984,0.0026054742849423163,0.037823225893087356,0.32861729225292452,-0.035674299624649075,0.0075613124879195248,0.29867038060012518,0.002971502436211082,0.01056427159307205,0.33843911777980379,-0.010551550904281115,0.014228402625689196,S4R_full34_minus3_2022,full34,ret_10d;limit_up_count_5d;volatility_20d_rank_pct,2022,joint,S4R_full34_minus3
202208,0.072174705868112643,0.00066991555897323769,0.29990628911948936,0.16881872086125591,0.028869882347245059,0.050645616258376769,0.21002811326415319,0.28954361186977501,0.069935421099203129,0.0022392847689095136,0.058239660809112345,0.14102819921826384,0.027790521642992061,0.71303943994225782,0.29276697929158674,0.0071393098279026179,-0.0034349338709443455,0.28245253441768436,0.0070910774520906439,0.23823817646760559,S4R_full34_minus3_2022,full34,ret_10d;limit_up_count_5d;volatility_20d_rank_pct,2022,joint,S4R_full34_minus3
202209,0.058937291701222409,0.002285047768457144,0.29507129308417746,0.57583203765120028,0.023574916680488965,0.17274961129536007,0.21147861207474675,0.40780314005059581,0.06743375745372901,-0.0084964657525066004,0.04523925350150796,0.59086339126323972,-0.015031353612039444,0.41963942095971257,0.29447472179819228,0.00059657128598517017,-0.014090883947909139,0.41589010382100589,-0.0080869637704100716,0.14821479287288969,S4R_full34_minus3_2022,full34,ret_10d;limit_up_count_5d;volatility_20d_rank_pct,2022,joint,S4R_full34_minus3
202210,0.120478734895485,0.0029836238204963674,0.30206853890510521,0.75187320276508463,0.048191493958193998,0.22556196082952537,0.20937943832846842,0.48313289311618779,0.11617378711890365,0.0043049477765813443,0.048555111375269425,0.65355400542913966,0.098319197335944963,0.4990738125884821,0.29920448816062167,0.0028640507444835372,0.011292602996107903,0.45277437002811682,0.030358523088070966,0.16575640742782,S4R_full34_minus3_2022,full34,ret_10d;limit_up_count_5d;volatility_20d_rank_pct,2022,joint,S4R_full34_minus3
202211,0.091800263370665366,0.0013837585040390719,0.31004991135034937,0.34870714301784611,0.036720105348266148,0.10461214290535382,0.20698502659489518,0.34831727484851516,0.092360716259726541,-0.00056045288906117485,0.064883822446246187,0.39573200873866443,-0.047024865720818321,0.24369767749842344,0.30281798062010196,0.0072319307302474156,0.010039667725749823,0.36481849493945939,-0.016501220090944235,0.096050931910300563,S4R_full34_minus3_2022,full34,ret_10d;limit_up_count_5d;volatility_20d_rank_pct,2022,joint,S4R_full34_minus3
202212,0.073252217643105633,0.0027005061031799729,0.3032786795034168,0.68052753800135313,0.029300887057242254,0.20415826140040594,0.20901639614897496,0.44247554460662319,0.072901424888444727,0.00035079275466090576,0.063639148588589697,0.69701066878517448,-0.016483130783821354,0.63890336897342692,0.29622949420039807,0.0070491853030187346,0.0031688826077122534,0.4493949223308108,-0.0069193777241876031,0.2161760053451503,S4R_full34_minus3_2022,full34,ret_10d;limit_up_count_5d;volatility_20d_rank_pct,2022,joint,S4R_full34_minus3
202301,0.069835176294019585,0.00036882365348744472,0.30559904498754326,0.092943560678836065,0.027934070517607837,0.027883068203650819,0.20832028650373705,0.26413742522499573,0.070165451748851734,-0.00033027545483214904,0.077791822085762824,0.042279790236402187,0.050663770442433878,0.26494851643807327,0.31307316894039477,-0.0074741239528515191,0.019415617534715102,0.24682816708834293,0.017309258136652794,0.10477659850531262,S4R_full34_minus3_2023,full34,ret_10d;limit_up_count_5d;volatility_20d_rank_pct,2023,joint,S4R_full34_minus3
202302,0.14501449009504835,0.0029157182133670613,0.31738215424686517,0.73476098976849946,0.058005796038019343,0.22042829693054983,0.20478535372594045,0.48321944669450967,0.14725706088279109,-0.0022425707877427314,0.1075976493820697,0.74981962871132379,-0.015058638942824332,0.36978846454866332,0.31601117613197216,0.0013709781148930067,0.022713700459059127,0.4890453601269219,-0.005825913432412233,0.14716148897970915,S4R_full34_minus3_2023,full34,ret_10d;limit_up_count_5d;volatility_20d_rank_pct,2023,joint,S4R_full34_minus3
202303,0.056365096787325972,0.001293802662181267,0.30235685453188382,0.32603827086967929,0.02254603871493039,0.09781148126090379,0.20929294364043485,0.32965046361626904,0.061779713130973642,-0.0054146163436476699,0.023983304877779651,0.32164905831129192,0.0043892125583873676,0.10283610267827076,0.30493626899115966,-0.0025794144592758417,0.01372391571062398,0.32972572204842915,-7.5258432160107969e-05,0.036326978041405944,S4R_full34_minus3_2023,full34,ret_10d;limit_up_count_5d;volatility_20d_rank_pct,2023,joint,S4R_full34_minus3
202304,0.065694427772360314,0.0020186199722060667,0.28362154414134616,0.50869223299592881,0.026277771108944126,0.15260766989877864,0.21491353675759617,0.39379897776531891,0.06255655268920042,0.0031378750831598939,0.048974535225063349,0.40693290138583943,0.10175933161008938,0.53011752699718706,0.28626853722029916,-0.0026469930789529972,0.0035302551840065144,0.36122193032534228,0.032577047439976636,0.17756599563397951,S4R_full34_minus3_2023,full34,ret_10d;limit_up_count_5d;volatility_20d_rank_pct,2023,joint,S4R_full34_minus3
202305,0.078573227359815867,0.0012748081658727048,0.20442388386007043,0.3212516577999216,0.031429290943926345,0.096375497339976482,0.23867283484197885,0.36647762312588167,0.076607477122629733,0.0019657502371861341,0.0087924672017542782,0.27591187115973848,0.045339786640183122,-0.06095052582892263,0.20595285179784165,-0.001528967937771214,-0.0062858189439015111,0.35163069665762092,0.014846926468260746,-0.012882425184804647,S4R_full34_minus3_2023,full34,ret_10d;limit_up_count_5d;volatility_20d_rank_pct,2023,joint,S4R_full34_minus3
202306,0.03115871430734405,-0.00010032434694978417,0.3627004945767911,-0.025281735431345612,0.012463485722937621,-0.0075845206294036828,0.19118985162696267,0.19606881672049661,0.032391705012396056,-0.0012329907050520061,0.021353791928717145,-0.016610476194847762,-0.0086712592364978497,0.06348312871949971,0.37095560390784582,-0.0082551093310547219,0.018725711674647649,0.19668685797415031,-0.000618041253653695,0.021968741884942494,S4R_full34_minus3_2023,full34,ret_10d;limit_up_count_5d;volatility_20d_rank_pct,2023,joint,S4R_full34_minus3
202307,0.089897484468494576,0.0011492528592389789,0.66442382286419965,0.2896117205282227,0.035958993787397829,0.086883516158466803,0.10067285314074011,0.22351536308660475,0.10127661706397895,-0.01137913259548437,0.072726226455831544,0.35277263435349365,-0.063160913825270948,0.67978345316152866,0.66483661503424041,-0.00041279217004075441,0.05560694433700164,0.24689145262136758,-0.023376089534762834,0.21634344322969074,S4R_full34_minus3_2023,full34,ret_10d;limit_up_count_5d;volatility_20d_rank_pct,2023,joint,S4R_full34_minus3
202308,0.03461117763541606,0.00018145085579129671,0.68134811987363764,0.045725615659406769,0.013844471054166425,0.01371768469782203,0.095595564037908712,0.12315771978989717,0.030792047132036818,0.0038191305033792415,0.023224608644498171,0.00033234278600605214,0.045393272873400718,0.016373314810084205,0.68045189534335371,0.0008962245302839289,0.04207017953883363,0.10828095308561042,0.014876766704286754,0.0015807840391744571,S4R_full34_minus3_2023,full34,ret_10d;limit_up_count_5d;volatility_20d_rank_pct,2023,joint,S4R_full34_minus3
202309,0.020724574511677075,3.4139210669012528e-05,0.70476020908477577,0.0086030810885911572,0.0082898298046708303,0.0025809243265773473,0.088571937274567261,0.099442691405815437,0.020476114829967456,0.0002484596817096188,0.034712029792363243,0.029282651068657569,-0.020679569980066412,0.041078175556816934,0.70602050462363153,-0.0012602955388557602,0.040831756634691629,0.10516908986549478,-0.0057263984596793438,0.01395873759358289,S4R_full34_minus3_2023,full34,ret_10d;limit_up_count_5d;volatility_20d_rank_pct,2023,joint,S4R_full34_minus3
202310,0.041917838295844848,0.0010444581215379002,0.71121143668829068,0.26320344662755085,0.016767135318337938,0.078961033988265247,0.086636568993512797,0.18236473830011599,0.039525550752276456,0.0023922875435683916,0.024553369267712739,0.16341306648727325,0.099790380140277607,0.18697169466957891,0.71050202751515124,0.00070940917313944141,0.039673809115661318,0.15168353199254719,0.030681206307568792,0.054010713373260383,S4R_full34_minus3_2023,full34,ret_10d;limit_up_count_5d;volatility_20d_rank_pct,2023,joint,S4R_full34_minus3
202311,0.095583670449850944,0.0010810255023818709,0.73933352439208866,0.27241842660023147,0.038233468179940382,0.081725527980069435,0.078199942682373402,0.19815893884238323,0.092136710105080857,0.0034469603447700864,0.047102827015916497,0.18578418405425487,0.086634242545976597,-0.13132221525183257,0.74409544025479335,-0.0047619158627046909,0.014152719690963211,0.16936130718187081,0.028797631660512413,-0.024801349676472129,S4R_full34_minus3_2023,full34,ret_10d;limit_up_count_5d;volatility_20d_rank_pct,2023,joint,S4R_full34_minus3
202312,0.061968410305929762,0.0006957786427853682,0.71866221287176713,0.17533621798191279,0.024787364122371907,0.052600865394573836,0.084401336138469854,0.16178956565541558,0.065183175904983084,-0.0032147655990533222,0.055553339522013995,0.23693997811825615,-0.061603760136343361,0.17912237983760987,0.71942177421730569,-0.00075956134553856192,0.0098313678916505109,0.18132873153227835,-0.019539165876862774,0.073008639392593389,S4R_full34_minus3_2023,full34,ret_10d;limit_up_count_5d;volatility_20d_rank_pct,2023,joint,S4R_full34_minus3
202101,0.048097040203524635,0.00046616136043874432,0.54668189592318106,0.11747266283056357,0.019238816081409857,0.035241798849169066,0.13599543122304567,0.1904760461536246,0.056045103076887967,-0.0079480628733633318,0.0082791206646812554,0.19265966871453724,-0.075187005883973673,0.1330073018629481,0.53284924008448953,0.013832655838691532,0.0014712404579038107,0.2203611698197695,-0.029885123666144903,0.042772466687385768,S4R_lean31_minus4_2021,lean31,price_position_20d;lower_shadow;ret_5d_rank_pct;volatility_20d_rank_pct,2021,joint,S4R_lean31_minus4
202102,0.094161956680619621,0.0025089316981098298,0.54881268721905507,0.63225078792367706,0.037664782672247848,0.18967523637710312,0.13535619383428346,0.36269621288363441,0.094972926606371466,-0.0008109699257518449,0.062328277448056649,0.63516949778726672,-0.0029187098635896636,0.64826881753275678,0.56221053587622316,-0.013397848657168088,0.17157423704461799,0.35987685921586166,0.0028193536677727504,0.16793968512566423,S4R_lean31_minus4_2021,lean31,price_position_20d;lower_shadow;ret_5d_rank_pct;volatility_20d_rank_pct,2021,joint,S4R_lean31_minus4
202103,0.10892314442154498,0.0030880418596330754,0.38672709511173087,0.778186548627535,0.043569257768617996,0.23345596458826048,0.18398187146648073,0.46100709382335925,0.10760280341530748,0.0013203410062374993,0.047156134676526497,0.80539828311141182,-0.027211734483876815,0.6660226144324275,0.45591765478868257,-0.069190559676951702,-0.057533603518068521,0.44788530986294178,0.013121783960417466,0.23592931925575944,S4R_lean31_minus4_2021,lean31,price_position_20d;lower_shadow;ret_5d_rank_pct;volatility_20d_rank_pct,2021,joint,S4R_lean31_minus4
202104,0.074849155071368259,0.002578597661560187,0.41006757003203942,0.64980661071316714,0.029939662028547306,0.19494198321395015,0.17697972899038816,0.40186137423288559,0.071427833570909247,0.0034213215004590125,0.052258097632531864,0.59595944168309811,0.053847169030069031,0.78456696730809872,0.46599107543933133,-0.055923505407291907,0.046293383458802018,0.36756164330149377,0.034299730931391825,0.24238531420780174,S4R_lean31_minus4_2021,lean31,price_position_20d;lower_shadow;ret_5d_rank_pct;volatility_20d_rank_pct,2021,joint,S4R_lean31_minus4
202105,0.05339738964741219,0.0014923712896205556,0.39658903936913664,0.37607756498438,0.021358955858964877,0.11282326949531399,0.18102328818925897,0.31520551354353787,0.046648280664908615,0.0067491089825035752,0.038341043246202702,0.37303013481103536,0.0030474301733446341,0.19936225839872201,0.36088010823244926,0.035708931136687383,-0.0069516134084223191,0.32230432023953925,-0.0070988066960013807,0.077230578840624342,S4R_lean31_minus4_2021,lean31,price_position_20d;lower_shadow;ret_5d_rank_pct;volatility_20d_rank_pct,2021,joint,S4R_lean31_minus4
202106,0.086553409597950146,0.0025134262265680703,0.30666879630988653,0.63338340909515367,0.034621363839180061,0.19001502272854609,0.20799936110703404,0.43263574767476021,0.078286044890033796,0.0082673647079163498,0.057796817204825018,0.5908939627879759,0.042489446307177769,0.66054646401992956,0.34468466941628173,-0.038015873106395204,-0.10253598263457453,0.40517720596752177,0.027458541707238437,0.25204346087828122,S4R_lean31_minus4_2021,lean31,price_position_20d;lower_shadow;ret_5d_rank_pct;volatility_20d_rank_pct,2021,joint,S4R_lean31_minus4
202107,0.057043037164471115,0.0026075301336675703,0.33601931125992157,0.65709759368422771,0.022817214865788447,0.19712927810526831,0.19919420662202353,0.41914069959308031,0.063484100002914587,-0.0064410628384434718,0.017200628323049846,0.69921624148133388,-0.042118647797106168,0.21542240718803746,0.33659663915845223,-0.00057732789853065514,0.028757114067709033,0.43417952069803029,-0.015038821104949973,0.062879839265318482,S4R_lean31_minus4_2021,lean31,price_position_20d;lower_shadow;ret_5d_rank_pct;volatility_20d_rank_pct,2021,joint,S4R_lean31_minus4
202108,0.094980492093041533,0.0020905646325719176,0.30660414195018149,0.5268222874081232,0.037992196837216614,0.15804668622243695,0.20801875741494555,0.40405764047459913,0.094358199089499634,0.00062229300354189887,0.046385666187564942,0.57438016073110865,-0.047557873322985444,0.45603909426260619,0.30596744338520954,0.00063669856497194921,0.059415202947333323,0.41826709483956959,-0.014209454364970453,0.13754143386960782,S4R_lean31_minus4_2021,lean31,price_position_20d;lower_shadow;ret_5d_rank_pct;volatility_20d_rank_pct,2021,joint,S4R_lean31_minus4
202109,0.089121240048782135,0.0024961802690353632,0.2290636660384949,0.62903742779691152,0.035648496019512858,0.18871122833907344,0.23128090018845152,0.4556406245470378,0.091088217632016716,-0.0019669775832345804,0.06408847035459149,0.60678410919021752,0.022253318606693995,0.69221673395938577,0.28446982995997361,-0.055406163921478707,-0.0093479528875003715,0.43312957082187986,0.022511053725157937,0.23610479419590241,S4R_lean31_minus4_2021,lean31,price_position_20d;lower_shadow;ret_5d_rank_pct;volatility_20d_rank_pct,2021,joint,S4R_lean31_minus4
202110,0.044294006032638236,0.00057692202348154202,0.17790910116697503,0.14538434991734858,0.017717602413055294,0.04361530497520457,0.2466272696499075,0.30796017703816736,0.052551529375521717,-0.0082575233428834813,-0.0022659237506984092,0.31829699928937955,-0.17291264937203096,-0.16140104772938987,0.17226687247908831,0.0056422286878867189,-0.02621940398592762,0.36482964979329602,-0.056869472755128658,-0.041460862623317996,S4R_lean31_minus4_2021,lean31,price_position_20d;lower_shadow;ret_5d_rank_pct;volatility_20d_rank_pct,2021,joint,S4R_lean31_minus4
202111,0.092497146826074225,0.0022591330062843406,0.10889244170681497,0.56930151758365388,0.036998858730429691,0.17079045527509615,0.26733226748795547,0.47512158149348127,0.088819275823758537,0.0036778710023156885,0.051435406828920185,0.55255957812264755,0.016741939461006328,0.48825431095901556,0.13353333830754119,-0.024640896600726214,-0.030422781384699477,0.46123558227403527,0.013885999219445999,0.1761772904346825,S4R_lean31_minus4_2021,lean31,price_position_20d;lower_shadow;ret_5d_rank_pct;volatility_20d_rank_pct,2021,joint,S4R_lean31_minus4
202112,0.072013963271088235,0.001083636184543509,0.095051840117795369,0.27307631850496428,0.028805585308435296,0.08192289555148928,0.27148444796466137,0.38221292882458596,0.064650245353031793,0.0073637179180564422,0.054945711194594044,0.11568047156695647,0.15739584693800779,0.47676024488190294,0.11328682735892812,-0.018234987241132747,-0.010696740353693071,0.32657819140362121,0.055634737420964753,0.16821538004851644,S4R_lean31_minus4_2021,lean31,price_position_20d;lower_shadow;ret_5d_rank_pct;volatility_20d_rank_pct,2021,joint,S4R_lean31_minus4
202201,0.11947200137077991,0.0035087537157800709,0.061482837685823952,0.88420593637657785,0.047788800548311972,0.26526178091297337,0.2815551486942528,0.59460573015553808,0.1186921992918047,0.00077980207897521137,0.058655446000658508,0.92377952745018677,-0.039573591073608916,0.64536255588963209,0.064195888334832391,-0.0027130506490084388,0.016200878908561471,0.60535197145132824,-0.01074624129579016,0.21221068149458455,S4R_lean31_minus4_2022,lean31,price_position_20d;lower_shadow;ret_5d_rank_pct;volatility_20d_rank_pct,2022,joint,S4R_lean31_minus4
202202,0.083235387991147866,0.0016933200021538599,0.040927208035140938,0.4267166405427727,0.033294155196459146,0.1280149921628318,0.28772183758945769,0.4490309849487486,0.083361754720232648,-0.00012636672908478142,0.045348953765883819,0.45997653359356594,-0.033259893050793243,0.18156819082314243,0.042485899352875153,-0.0015586913177342149,-0.0038949040120511425,0.45859189216030027,-0.0095609072115516724,0.073778509956911598,S4R_lean31_minus4_2022,lean31,price_position_20d;lower_shadow;ret_5d_rank_pct;volatility_20d_rank_pct,2022,joint,S4R_lean31_minus4
202203,0.069684339734984932,0.0011849058677220626,0.17018171525976361,0.29859627866595978,0.027873735893993973,0.089578883599787926,0.24894548542207093,0.36639810491585284,0.069631834405069315,5.2505329915616961e-05,0.033803060206310381,0.31939979818897851,-0.020803519523018732,0.48331494381657081,0.17520924513267616,-0.0050275298729125506,0.062986431821592387,0.37110989967891844,-0.0047117947630656021,0.13961977768101771,S4R_lean31_minus4_2022,lean31,price_position_20d;lower_shadow;ret_5d_rank_pct;volatility_20d_rank_pct,2022,joint,S4R_lean31_minus4
202204,0.091597041691949654,0.0015335603031298168,0.36034856047256786,0.38645719638871384,0.036638816676779866,0.11593715891661414,0.19189543185822966,0.34447140745162363,0.088999858603013404,0.0025971830889362502,0.031862287647693062,0.38252574799564837,0.0039314483930654731,0.24065284646356386,0.35688806588213351,0.0034604945904343487,0.19756037969261547,0.34329124807525979,0.0011801593763638429,0.025672655090361707,S4R_lean31_minus4_2022,lean31,price_position_20d;lower_shadow;ret_5d_rank_pct;volatility_20d_rank_pct,2022,joint,S4R_lean31_minus4
202205,0.14916960774562651,0.0029553433205060657,0.17314594026660171,0.74474651676752857,0.059667843098250607,0.22342395503025855,0.24805621792001947,0.53114801604852868,0.1434878553451556,0.0056817524004709186,0.050333649460061122,0.7215066192198728,0.023239897547655763,0.31552573773595294,0.1803523841029131,-0.0072064438363113881,-0.0017637840488460566,0.5197414126731501,0.011406603375378577,0.11532031631946421,S4R_lean31_minus4_2022,lean31,price_position_20d;lower_shadow;ret_5d_rank_pct;volatility_20d_rank_pct,2022,joint,S4R_lean31_minus4
202206,0.096322721394998978,0.0010123309558642349,0.23493965260947891,0.25510740087778716,0.038529088557999594,0.076532220263336143,0.22951810421715632,0.34457941303849204,0.093722166724016509,0.002600554670982469,0.031193756628514743,0.24027230475712014,0.014835096120667024,-0.0082999384947539667,0.23271575467332312,0.0022238979361557942,0.0068506207636241379,0.33975583171474566,0.0048235813237463843,0.0079323348738924992,S4R_lean31_minus4_2022,lean31,price_position_20d;lower_shadow;ret_5d_rank_pct;volatility_20d_rank_pct,2022,joint,S4R_lean31_minus4
202207,0.082103055175606718,0.0014818530094571111,0.30022152045387479,0.37342695838319201,0.03284122207024269,0.1120280875149576,0.20993354386383759,0.35480285344903784,0.074870355738565514,0.007232699437041204,0.043683196073841773,0.24238659508172014,0.13104036330147187,0.088045278242836089,0.2944024163212583,0.0058191041326164927,0.0091439090106105736,0.31434339592356475,0.040459457525473086,0.041143689199204359,S4R_lean31_minus4_2022,lean31,price_position_20d;lower_shadow;ret_5d_rank_pct;volatility_20d_rank_pct,2022,joint,S4R_lean31_minus4
202208,0.07953521359811902,0.00087655890783666852,0.29604173873353257,0.22089284477484047,0.031814085439247609,0.066267853432452145,0.21118747837994023,0.30926941725163998,0.073969082582671611,0.0055661310154474092,0.065600168539118722,0.17984178091740699,0.041051063857433484,0.76511356385584239,0.29506921172814948,0.00097252700538308368,-0.0072994842569011342,0.29501940378984592,0.014250013461794053,0.25796398184947056,S4R_lean31_minus4_2022,lean31,price_position_20d;lower_shadow;ret_5d_rank_pct;volatility_20d_rank_pct,2022,joint,S4R_lean31_minus4
202209,0.054986801655181688,0.0026276650269934248,0.28925274187522515,0.662171586802343,0.021994720662072677,0.19865147604070291,0.21322417743743247,0.43387037414020801,0.056848213747941169,-0.0018614120927594804,0.041288763455467239,0.58699600851301537,0.075175578289327638,0.50597897011085524,0.2946933905453471,-0.0054406486701219503,-0.019909435156861444,0.41043007088947697,0.023440303250731043,0.17428202696250189,S4R_lean31_minus4_2022,lean31,price_position_20d;lower_shadow;ret_5d_rank_pct;volatility_20d_rank_pct,2022,joint,S4R_lean31_minus4
202210,0.12053504293110875,0.0026405994968604109,0.3003182302137688,0.66543107320882355,0.048214017172443502,0.19962932196264707,0.20990453093586936,0.45774787007095996,0.12118277966584166,-0.00064773673473290938,0.048611419410893184,0.64477920737960004,0.020651865829223515,0.41263168303222103,0.30505048910197563,-0.0047322588882068306,0.0095422943047714925,0.45039172734962396,0.0073561427213360009,0.14037138438259217,S4R_lean31_minus4_2022,lean31,price_position_20d;lower_shadow;ret_5d_rank_pct;volatility_20d_rank_pct,2022,joint,S4R_lean31_minus4
202211,0.095403106074616412,0.0017445686115122581,0.31055245482442412,0.43963129010108903,0.038161242429846566,0.13188938703032671,0.20683426355267279,0.37688489301284606,0.090439398724764919,0.0049637073498514928,0.068486665150197246,0.36923419228189347,0.070397097819195564,0.33462182458166634,0.30395823607578415,0.0065942187486399684,0.010542211199824569,0.35575854635173876,0.021126346661107298,0.12461855007463146,S4R_lean31_minus4_2022,lean31,price_position_20d;lower_shadow;ret_5d_rank_pct;volatility_20d_rank_pct,2022,joint,S4R_lean31_minus4
202212,0.10308536589403076,0.0031728449006732311,0.29409945723915754,0.7995569149696542,0.041234146357612307,0.23986707449089625,0.21177016282825273,0.49287138367676131,0.083203600396689781,0.019881765497340984,0.093472296839514829,0.727757842626646,0.071799072343008197,0.75793274594172799,0.29827397485256318,-0.0041745176134056483,-0.0060103396565470146,0.46212660049090076,0.030744783185860547,0.26657184441528842,S4R_lean31_minus4_2022,lean31,price_position_20d;lower_shadow;ret_5d_rank_pct;volatility_20d_rank_pct,2022,joint,S4R_lean31_minus4
202301,0.058844096152752941,-0.00023682252341920913,0.30645457697032352,-0.059679275901640703,0.023537638461101178,-0.017903782770492212,0.20806362690890293,0.21369748259951188,0.069517631624488138,-0.010673535471735197,0.066800741944496186,0.072331881059119099,-0.1320111569607598,0.11232567985759648,0.31097189368724576,-0.0045173167169222372,0.020271149517495368,0.25621504886135726,-0.042517566261845385,0.054336655879828777,S4R_lean31_minus4_2023,lean31,price_position_20d;lower_shadow;ret_5d_rank_pct;volatility_20d_rank_pct,2023,joint,S4R_lean31_minus4
202302,0.15070102729620477,0.0028316216960753366,0.3154302011513071,0.71356866741098479,0.060280410918481908,0.21407060022329544,0.20537093965460787,0.47972195079638524,0.14585088975174998,0.0048501375444547912,0.11328418658322612,0.71656083128208292,-0.0029921638710981302,0.34859614219114865,0.31678589221867581,-0.0013556910673687139,0.02076174736350106,0.47827283761972211,0.0014491131766631304,0.14366399308158473,S4R_lean31_minus4_2023,lean31,price_position_20d;lower_shadow;ret_5d_rank_pct;volatility_20d_rank_pct,2023,joint,S4R_lean31_minus4
202303,0.062442174490241448,0.0012276021091880648,0.30079812960831853,0.30935573151539231,0.02497686979609658,0.092806719454617687,0.20976056111750443,0.32754415036821871,0.060515553386580455,0.0019266211036609929,0.030060382580695127,0.29885685838657639,0.010498873128815922,0.086153563323983773,0.30940599898518267,-0.0086078693768641412,0.012165190787058688,0.32104147917505027,0.0065026711931684411,0.034220664793355615,S4R_lean31_minus4_2023,lean31,price_position_20d;lower_shadow;ret_5d_rank_pct;volatility_20d_rank_pct,2023,joint,S4R_lean31_minus4
202304,0.06339875104221028,0.0022962527916938914,0.27690156853565295,0.57865570350686057,0.025359500416884114,0.17359671105205818,0.2169295294393041,0.41588574090824637,0.065166753745554543,-0.0017680027033442625,0.046678858494913315,0.507527124507689,0.071128578999171577,0.60008099750811883,0.28401498039916379,-0.0071134118635108323,-0.0031897204216866926,0.39312034473077939,0.022765396177466979,0.19965275877690697,S4R_lean31_minus4_2023,lean31,price_position_20d;lower_shadow;ret_5d_rank_pct;volatility_20d_rank_pct,2023,joint,S4R_lean31_minus4
202305,0.076869155925609278,0.0009956656267323435,0.2107249705388981,0.25090773793655058,0.030747662370243713,0.075272321380965165,0.23678250883833057,0.34280249258953943,0.073996781234955636,0.0028723746906536424,0.0070883957675476894,0.31518754079283262,-0.064279802856282042,-0.13129444569229365,0.20941285330730777,0.0013121172315903318,1.5267734926160959e-05,0.36133111873963975,-0.018528626150100314,-0.036557555721146884,S4R_lean31_minus4_2023,lean31,price_position_20d;lower_shadow;ret_5d_rank_pct;volatility_20d_rank_pct,2023,joint,S4R_lean31_minus4
202306,0.053427422986909945,0.0010912233898596414,0.35796276976206487,0.27498829424462962,0.021370969194763979,0.082496488273388888,0.19261116907138054,0.29647862653953339,0.032980966623004836,0.020446456363905109,0.043622500608283044,-0.003815171055057237,0.27880346529968686,0.36375315839547495,0.37408387550972372,-0.016121105747658848,0.01398798685992142,0.19982267267976764,0.096655953859765747,0.12237855170397927,S4R_lean31_minus4_2023,lean31,price_position_20d;lower_shadow;ret_5d_rank_pct;volatility_20d_rank_pct,2023,joint,S4R_lean31_minus4
202307,0.098281328779235941,0.0017667856811998024,0.67327159144569915,0.44522999166235022,0.039312531511694379,0.13356899749870507,0.098018522566290248,0.27090005157668967,0.098265826742143236,1.5502037092704479e-05,0.081110070766572909,0.35741165206758968,0.087818339594760542,0.83540172429565618,0.67028558527051929,0.0029860061751798561,0.064454712918501134,0.24544415073597839,0.025455900840711282,0.26372813171977566,S4R_lean31_minus4_2023,lean31,price_position_20d;lower_shadow;ret_5d_rank_pct;volatility_20d_rank_pct,2023,joint,S4R_lean31_minus4
202308,0.051452309414019598,0.00033269153168042774,0.68187990186745517,0.083838265983467788,0.020580923765607842,0.025151479795040337,0.09543602943976344,0.14116843300041163,0.030833170214536146,0.020619139199483452,0.040065740423101709,-0.027609771425509987,0.11144803740897777,0.05448596513414522,0.68586894981634439,-0.0039890479488892128,0.042601961532651167,0.098289651713258153,0.042878781287153472,0.019591497249688908,S4R_lean31_minus4_2023,lean31,price_position_20d;lower_shadow;ret_5d_rank_pct;volatility_20d_rank_pct,2023,joint,S4R_lean31_minus4
202309,0.037495530366163349,0.00042260823260746117,0.70608690264711083,0.10649727461708021,0.01499821214646534,0.031949182385124064,0.088173929205866752,0.13512132373745617,0.023316491490274878,0.014179038875888471,0.051482985646849513,0.014839340638886372,0.091657933978193842,0.138972369085306,0.71065787022238314,-0.0045709675752723111,0.042158450197026687,0.10058103772106092,0.03454028601639525,0.049637369925223621,S4R_lean31_minus4_2023,lean31,price_position_20d;lower_shadow;ret_5d_rank_pct;volatility_20d_rank_pct,2023,joint,S4R_lean31_minus4
202310,0.041245071304133796,0.0013036422555096907,0.69783972271433559,0.32851784838844206,0.01649802852165352,0.09855535451653262,0.090648083185699321,0.20570146622388547,0.039890771111523671,0.001354300192610125,0.023880602276001688,0.27437659443567319,0.054141253952768864,0.25228609643047012,0.71595608627273566,-0.018116363558400073,0.026302095141706228,0.18348246089349074,0.022219005330394725,0.077347441297029862,S4R_lean31_minus4_2023,lean31,price_position_20d;lower_shadow;ret_5d_rank_pct;volatility_20d_rank_pct,2023,joint,S4R_lean31_minus4
202311,0.093473560598620192,0.00060811101594647943,0.74364717246167844,0.15324397601851281,0.037389424239448077,0.045973192805553842,0.076905848261496462,0.16026846530649838,0.091988910379586245,0.0014846502190339478,0.044992717164685746,0.24622906898866148,-0.092985092970148675,-0.25049666583355124,0.74246636064575711,0.0011808118159213343,0.018466367760552993,0.18792437665470579,-0.027655911348207413,-0.062691823212356973,S4R_lean31_minus4_2023,lean31,price_position_20d;lower_shadow;ret_5d_rank_pct;volatility_20d_rank_pct,2023,joint,S4R_lean31_minus4
202312,0.067844448141152577,0.00099944379929349102,0.71872239649215619,0.25185983742195972,0.027137779256461034,0.075557951226587913,0.08438328105235314,0.18707901153540207,0.066444245494784185,0.0014002026463683925,0.06142937735723681,0.1962424262505742,0.055617411171385522,0.2556459992776568,0.72770116353436587,-0.0089787670422096788,0.0098915515120395758,0.16714007701277617,0.019938934522625906,0.098298085272579883,S4R_lean31_minus4_2023,lean31,price_position_20d;lower_shadow;ret_5d_rank_pct;volatility_20d_rank_pct,2023,joint,S4R_lean31_minus4
202101,0.058765447804673743,0.0017406378867936422,0.49399280421472913,0.43864074747199783,0.023506179121869499,0.13159222424159933,0.15180215873558126,0.30690056209905009,0.058765447804673743,0,0.018947528265830363,0.43864074747199783,0,0.45417538650438238,0.49399280421472913,0,-0.051217851250548119,0.30690056209905009,0,0.15919698263281126,reused_full34_2021,full34,,2021,reference,full34
202102,0.095366796455667535,0.0023683951115311317,0.47393656436534026,0.59683556810584515,0.038146718582267015,0.17905067043175354,0.1578190306903979,0.37501641970441846,0.095366796455667535,0,0.063533117223104563,0.59683556810584515,0,0.61285359771492487,0.47393656436534026,0,0.096698114190903184,0.37501641970441846,0,0.18025989194644829,reused_full34_2021,full34,,2021,reference,full34
202103,0.10289822410824899,0.0028644390939951895,0.44701805308512554,0.72183865168678774,0.041159289643299596,0.21655159550603631,0.16589458407446234,0.42360546922379827,0.10289822410824899,0,0.041131214363230507,0.72183865168678774,0,0.60967471749168023,0.44701805308512554,0,0.0027573544553261553,0.42360546922379827,0,0.19852769465619846,reused_full34_2021,full34,,2021,reference,full34
202104,0.064976959431469306,0.0024332638267479134,0.43344382559331474,0.61318248434047418,0.025990783772587723,0.18395474530214226,0.16996685232200556,0.37991238139673555,0.064976959431469306,0,0.04238590199263291,0.61318248434047418,0,0.74794284093540575,0.43344382559331474,0,0.069669639020077334,0.37991238139673555,0,0.2204363213716517,reused_full34_2021,full34,,2021,reference,full34
202105,0.052241511779904583,0.0019248088274050512,0.3342262871249112,0.48505182450607293,0.020896604711961836,0.14551554735182187,0.19973211386252662,0.36614426592631033,0.052241511779904583,0,0.037185165378695095,0.48505182450607293,0,0.30833651792041494,0.3342262871249112,0,-0.069314365652647758,0.36614426592631033,0,0.1281693312233968,reused_full34_2021,full34,,2021,reference,full34
202106,0.077854284456356074,0.0025595307364215817,0.41979747426550401,0.64500174557823853,0.031141713782542432,0.19350052367347156,0.17406075772034882,0.39870299517636282,0.077854284456356074,0,0.049097692063230947,0.64500174557823853,0,0.67216480050301441,0.41979747426550401,0,0.010592695321042955,0.39870299517636282,0,0.21811070837988383,reused_full34_2021,full34,,2021,reference,full34
202107,0.061881075413042663,0.0026414852662511525,0.32417932796494148,0.6656542870952904,0.024752430165217068,0.19969628612858711,0.20274620161051757,0.42719491790432174,0.061881075413042663,0,0.022038666571621394,0.6656542870952904,0,0.22397910059910014,0.32417932796494148,0,0.016917130772728939,0.42719491790432174,0,0.070934057576559906,reused_full34_2021,full34,,2021,reference,full34
202108,0.092561340577702197,0.001826670383522489,0.26687196382300571,0.46032093664766721,0.03702453623108088,0.13809628099430016,0.21993841085309829,0.39505922807847932,0.092561340577702197,0,0.043966514672225607,0.46032093664766721,0,0.3895377435021502,0.26687196382300571,0,0.019683024820157546,0.39505922807847932,0,0.12854302147348801,reused_full34_2021,full34,,2021,reference,full34
202109,0.091010616952011028,0.0024431680522552226,0.24776292454690929,0.6156783491683161,0.036404246780804415,0.18470350475049482,0.2256711226359272,0.44677887416722645,0.091010616952011028,0,0.065977847257820382,0.6156783491683161,0,0.67885765533079034,0.24776292454690929,0,0.0093513056209140188,0.44677887416722645,0,0.22724304381609106,reused_full34_2021,full34,,2021,reference,full34
202110,0.04820508873861469,0.0011087716067774067,0.19196266497556608,0.27941044490790651,0.019282035495445878,0.083823133472371955,0.24241120050733014,0.34551636947514797,0.04820508873861469,0,0.0016451589552780449,0.27941044490790651,0,-0.027374952738831948,0.19196266497556608,0,-0.012165840177336573,0.34551636947514797,0,-0.0039046701863373889,reused_full34_2021,full34,,2021,reference,full34
202111,0.087308274398253352,0.0017653162744253029,0.1351328008386907,0.44485970115517631,0.034923309759301344,0.13345791034655288,0.25946015974839276,0.42784137985424697,0.087308274398253352,0,0.046246534401099312,0.44485970115517631,0,0.36381249453053799,0.1351328008386907,0,-0.0041824222528237531,0.42784137985424697,0,0.1288970887954482,reused_full34_2021,full34,,2021,reference,full34
202112,0.065913253996340349,0.00042437592093867856,0.10304813465651336,0.106942732076547,0.026365301598536141,0.032082819622964102,0.26908555960304598,0.3275336808245462,0.065913253996340349,0,0.048845001919846157,0.106942732076547,0,0.31062665845348569,0.10304813465651336,0,-0.0027004458149750832,0.3275336808245462,0,0.11353613204847668,reused_full34_2021,full34,,2021,reference,full34
202201,0.12470227903505464,0.0034922860069059023,0.047613466832023582,0.88005607374028738,0.049880911614021861,0.26401682212208621,0.28571595995039289,0.59961369368650097,0.12470227903505464,0,0.063885723664933225,0.88005607374028738,0,0.64121269325334163,0.047613466832023582,0,0.0023315080547611014,0.59961369368650097,0,0.21721864502554744,reused_full34_2022,full34,,2022,reference,full34
202202,0.080346543742632712,0.0017467741809618085,0.042480685355200817,0.44018709360237573,0.032138617497053087,0.13205612808071271,0.28725579439343973,0.45145053997120554,0.080346543742632712,0,0.042460109517368665,0.44018709360237573,0,0.19503864388274547,0.042480685355200817,0,-0.0023414266919912635,0.45145053997120554,0,0.076198064979368541,reused_full34_2022,full34,,2022,reference,full34
202203,0.070561146933528954,0.0012393556020528123,0.15208483308019252,0.31231761171730871,0.028224458773411582,0.093695283515192615,0.25437455007594223,0.37629429236454642,0.070561146933528954,0,0.034679867404854403,0.31231761171730871,0,0.49703627686791974,0.15208483308019252,0,0.044889549642021298,0.37629429236454642,0,0.1495159651297113,reused_full34_2022,full34,,2022,reference,full34
202204,0.090954385040434543,0.0013767092758146505,0.29476783605626994,0.34693073750529191,0.036381754016173821,0.10407922125158757,0.21156964918311899,0.3520306244508804,0.090954385040434543,0,0.031219630996177951,0.34693073750529191,0,0.20112638758014192,0.29476783605626994,0,0.13197965527631755,0.3520306244508804,0,0.033231872089618475,reused_full34_2022,full34,,2022,reference,full34
202205,0.14210188088570128,0.0025826707486681917,0.17124247141791082,0.65083302866438431,0.056840752354280516,0.19524990859931529,0.24862725857462675,0.50071791952822253,0.14210188088570128,0,0.043265922600135884,0.65083302866438431,0,0.22161224963280868,0.17124247141791082,0,-0.0036672528975369434,0.50071791952822253,0,0.084890219799158062,reused_full34_2022,full34,,2022,reference,full34
202206,0.093643305732629328,0.00070310057128722034,0.23366802961960617,0.17718134396437954,0.03745732229305173,0.053154403189313859,0.22989959111411812,0.32051131659648369,0.093643305732629328,0,0.028514340966145094,0.17718134396437954,0,-0.086225995408161588,0.23366802961960617,0,0.0055789977737513985,0.32051131659648369,0,-0.016135761568115858,reused_full34_2022,full34,,2022,reference,full34
202207,0.073637610709909984,0.0013040368740195418,0.29867038060012518,0.32861729225292452,0.029455044283963994,0.098585187675877359,0.21039888581996244,0.33843911777980379,0.073637610709909984,0,0.03521775160814504,0.32861729225292452,0,0.0432356121125686,0.29867038060012518,0,0.0075927691568609679,0.33843911777980379,0,0.024779953529970311,reused_full34_2022,full34,,2022,reference,full34
202208,0.069935421099203129,0.00055963571118358669,0.29276697929158674,0.14102819921826384,0.027974168439681254,0.042308459765479152,0.21216990621252396,0.28245253441768436,0.069935421099203129,0,0.056000376040202832,0.14102819921826384,0,0.68524891829926571,0.29276697929158674,0,-0.010574243698846963,0.28245253441768436,0,0.23114709901551495,reused_full34_2022,full34,,2022,reference,full34
202209,0.06743375745372901,0.0023446959970763481,0.29447472179819228,0.59086339126323972,0.026973502981491607,0.1772590173789719,0.21165758346054234,0.41589010382100589,0.06743375745372901,0,0.053735719254014561,0.59086339126323972,0,0.43467077457175202,0.29447472179819228,0,-0.014687455233894309,0.41589010382100589,0,0.15630175664329976,reused_full34_2022,full34,,2022,reference,full34
202210,0.11617378711890365,0.002593468275512459,0.29920448816062167,0.65355400542913966,0.046469514847561462,0.19606620162874189,0.21023865355181348,0.45277437002811682,0.11617378711890365,0,0.04425016359868808,0.65355400542913966,0,0.40075461525253714,0.29920448816062167,0,0.0084285522516243661,0.45277437002811682,0,0.13539788433974903,reused_full34_2022,full34,,2022,reference,full34
202211,0.092360716259726541,0.0015703651140423192,0.30281798062010196,0.39573200873866443,0.036944286503890617,0.11871960262159932,0.20915460581396941,0.36481849493945939,0.092360716259726541,0,0.065444275335307361,0.39573200873866443,0,0.29072254321924174,0.30281798062010196,0,0.0028077369955024079,0.36481849493945939,0,0.1125521520012448,reused_full34_2022,full34,,2022,reference,full34
202212,0.072901424888444727,0.002765915352322121,0.29622949420039807,0.69701066878517448,0.029160569955377892,0.20910320063555235,0.21113115173988059,0.4493949223308108,0.072901424888444727,0,0.063288355833928792,0.69701066878517448,0,0.65538649975724828,0.29622949420039807,0,-0.0038803026953064812,0.4493949223308108,0,0.2230953830693379,reused_full34_2022,full34,,2022,reference,full34
202301,0.070165451748851734,0.00016777694538254836,0.31307316894039477,0.042279790236402187,0.028066180699540696,0.012683937070920656,0.20607804931788157,0.24682816708834293,0.070165451748851734,0,0.078122097540594973,0.042279790236402187,0,0.21428474599563938,0.31307316894039477,0,0.026889741487566621,0.24682816708834293,0,0.087467340368659829,reused_full34_2023,full34,,2023,reference,full34
202302,0.14725706088279109,0.0029754747171084278,0.31601117613197216,0.74981962871132379,0.058902824353116438,0.22494588861339712,0.20519664716040834,0.4890453601269219,0.14725706088279109,0,0.10984022016981243,0.74981962871132379,0,0.38484710349148765,0.31601117613197216,0,0.021342722344166121,0.4890453601269219,0,0.15298740241212139,reused_full34_2023,full34,,2023,reference,full34
202303,0.061779713130973642,0.0012763851520289362,0.30493626899115966,0.32164905831129192,0.024711885252389459,0.096494717493387575,0.2085191193026521,0.32972572204842915,0.061779713130973642,0,0.029397921221427321,0.32164905831129192,0,0.09844689011988339,0.30493626899115966,0,0.016303330169899821,0.32972572204842915,0,0.036402236473566052,reused_full34_2023,full34,,2023,reference,full34
202304,0.06255655268920042,0.001614813100737458,0.28626853722029916,0.40693290138583943,0.025022621075680169,0.12207987041575183,0.21411943883391027,0.36122193032534228,0.06255655268920042,0,0.045836660141903456,0.40693290138583943,0,0.42835819538709763,0.28626853722029916,0,0.0061772482629595116,0.36122193032534228,0,0.14498894819400288,reused_full34_2023,full34,,2023,reference,full34
202305,0.076607477122629733,0.0010948883776180098,0.20595285179784165,0.27591187115973848,0.030642990849051893,0.082773561347921534,0.23821414446064751,0.35163069665762092,0.076607477122629733,0,0.0068267169645681441,0.27591187115973848,0,-0.10629031246910575,0.20595285179784165,0,-0.0047568510061302971,0.35163069665762092,0,-0.027729351653065393,reused_full34_2023,full34,,2023,reference,full34
202306,0.032391705012396056,-6.5914588074792712e-05,0.37095560390784582,-0.016610476194847762,0.012956682004958423,-0.0049831428584543288,0.18871331882764622,0.19668685797415031,0.032391705012396056,0,0.022586782633769151,-0.016610476194847762,0,0.072154387955997559,0.37095560390784582,0,0.026980821005702371,0.19668685797415031,0,0.022586783138596189,reused_full34_2023,full34,,2023,reference,full34
202307,0.10127661706397895,0.0013998914061646574,0.66483661503424041,0.35277263435349365,0.040510646825591579,0.1058317903060481,0.10054901548972787,0.24689145262136758,0.10127661706397895,0,0.084105359051315914,0.35277263435349365,0,0.74294436698679966,0.66483661503424041,0,0.056019736507042395,0.24689145262136758,0,0.23971953276445357,reused_full34_2023,full34,,2023,reference,full34
202308,0.030792047132036818,1.3188205793890958e-06,0.68045189534335371,0.00033234278600605214,0.012316818852814729,9.9702835801815644e-05,0.095864431396993882,0.10828095308561042,0.030792047132036818,0,0.019405478141118929,0.00033234278600605214,0,-0.029019958063316514,0.68045189534335371,0,0.041173955008549701,0.10828095308561042,0,-0.013295982665112296,reused_full34_2023,full34,,2023,reference,full34
202309,0.020476114829967456,0.0001162009963041967,0.70602050462363153,0.029282651068657569,0.0081904459319869834,0.0087847953205972707,0.088193848612910533,0.10516908986549478,0.020476114829967456,0,0.034463570110653624,0.029282651068657569,0,0.061757745536883346,0.70602050462363153,0,0.04209205217354739,0.10516908986549478,0,0.019685136053262234,reused_full34_2023,full34,,2023,reference,full34
202310,0.039525550752276456,0.00064846454955267156,0.71050202751515124,0.16341306648727325,0.015810220300910584,0.049023919946181972,0.086849391745454627,0.15168353199254719,0.039525550752276456,0,0.022161081724144348,0.16341306648727325,0,0.087181314529301307,0.71050202751515124,0,0.038964399942521877,0.15168353199254719,0,0.02332950706569159,reused_full34_2023,full34,,2023,reference,full34
202311,0.092136710105080857,0.00073723882561212248,0.74409544025479335,0.18578418405425487,0.036854684042032342,0.055735255216276459,0.076771367923561998,0.16936130718187081,0.092136710105080857,0,0.043655866671146411,0.18578418405425487,0,-0.21795645779780917,0.74409544025479335,0,0.018914635553667902,0.16936130718187081,0,-0.053598981336984541,reused_full34_2023,full34,,2023,reference,full34
202312,0.065183175904983084,0.00094023800840577838,0.71942177421730569,0.23693997811825615,0.026073270361993237,0.071081993435476845,0.084173467734808285,0.18132873153227835,0.065183175904983084,0,0.058768105121067317,0.23693997811825615,0,0.24072613997395323,0.71942177421730569,0,0.010590929237189073,0.18132873153227835,0,0.092547805269456163,reused_full34_2023,full34,,2023,reference,full34
202101,0.056045103076887967,0.00076452249489895733,0.53284924008448953,0.19265966871453724,0.022418041230755189,0.057797900614361172,0.14014522797465315,0.2203611698197695,0.056045103076887967,0,0.016227183538044587,0.19265966871453724,0,0.20819430774692177,0.53284924008448953,0,-0.012361415380787721,0.2203611698197695,0,0.072657590353530671,reused_lean31_2021,lean31,,2021,reference,lean31
202102,0.094972926606371466,0.0025205138801082014,0.56221053587622316,0.63516949778726672,0.037989170642548586,0.19055084933618002,0.13133683923713305,0.35987685921586166,0.094972926606371466,0,0.063139247373808494,0.63516949778726672,0,0.65118752739634644,0.56221053587622316,0,0.18497208570178608,0.35987685921586166,0,0.16512033145789148,reused_lean31_2021,lean31,,2021,reference,lean31
202103,0.10760280341530748,0.003196024932981793,0.45591765478868257,0.80539828311141182,0.043041121366122995,0.24161948493342353,0.16322470356339525,0.44788530986294178,0.10760280341530748,0,0.045835793670288998,0.80539828311141182,0,0.69323434891630431,0.45591765478868257,0,0.01165695615888318,0.44788530986294178,0,0.22280753529534197,reused_lean31_2021,lean31,,2021,reference,lean31
202104,0.071427833570909247,0.0023649184193773732,0.46599107543933133,0.59595944168309811,0.028571133428363701,0.17878783250492944,0.16020267736820062,0.36756164330149377,0.071427833570909247,0,0.048836776132072851,0.59595944168309811,0,0.73071979827802969,0.46599107543933133,0,0.10221688886609392,0.36756164330149377,0,0.20808558327640991,reused_lean31_2021,lean31,,2021,reference,lean31
202105,0.046648280664908615,0.0014802783127422039,0.36088010823244926,0.37303013481103536,0.018659312265963447,0.11190904044331061,0.1917359675302652,0.32230432023953925,0.046648280664908615,0,0.031591934263699127,0.37303013481103536,0,0.19631482822537738,0.36088010823244926,0,-0.042660544545109702,0.32230432023953925,0,0.084329385536625723,reused_lean31_2021,lean31,,2021,reference,lean31
202106,0.078286044890033796,0.0023448173126506982,0.34468466941628173,0.5908939627879759,0.031314417956013522,0.17726818883639275,0.19659459917511549,0.40517720596752177,0.078286044890033796,0,0.049529452496908669,0.5908939627879759,0,0.61805701771275179,0.34468466941628173,0,-0.064520109528179326,0.40517720596752177,0,0.22458491917104279,reused_lean31_2021,lean31,,2021,reference,lean31
202107,0.063484100002914587,0.002774667624925928,0.33659663915845223,0.69921624148133388,0.025393640001165837,0.20976487244440015,0.1990210082524643,0.43417952069803029,0.063484100002914587,0,0.023641691161493318,0.69921624148133388,0,0.25754105498514362,0.33659663915845223,0,0.029334441966239688,0.43417952069803029,0,0.077918660370268455,reused_lean31_2021,lean31,,2021,reference,lean31
202108,0.094358199089499634,0.0022792863521075742,0.30596744338520954,0.57438016073110865,0.037743279635799855,0.17231404821933258,0.20820976698443713,0.41826709483956959,0.094358199089499634,0,0.045763373184023043,0.57438016073110865,0,0.50359696758559158,0.30596744338520954,0,0.058778504382361374,0.41826709483956959,0,0.15175088823457827,reused_lean31_2021,lean31,,2021,reference,lean31
202109,0.091088217632016716,0.00240787344916753,0.28446982995997361,0.60678410919021752,0.036435287052806686,0.18203523275706526,0.21465905101200791,0.43312957082187986,0.091088217632016716,0,0.06605544793782607,0.60678410919021752,0,0.66996341535269177,0.28446982995997361,0,0.046058211033978336,0.43312957082187986,0,0.21359374047074448,reused_lean31_2021,lean31,,2021,reference,lean31
202110,0.052551529375521717,0.0012630833305134108,0.17226687247908831,0.31829699928937955,0.021020611750208688,0.095489099786813858,0.24831993825627349,0.36482964979329602,0.052551529375521717,0,0.005991599592185072,0.31829699928937955,0,0.011511601642641089,0.17226687247908831,0,-0.031861632673814339,0.36482964979329602,0,0.015408610131810663,reused_lean31_2021,lean31,,2021,reference,lean31
202111,0.088819275823758537,0.0021926967385819348,0.13353333830754119,0.55255957812264755,0.035527710329503415,0.16576787343679425,0.25993999850773764,0.46123558227403527,0.088819275823758537,0,0.047757535826604497,0.55255957812264755,0,0.47151237149800923,0.13353333830754119,0,-0.0057818847839732623,0.46123558227403527,0,0.1622912912152365,reused_lean31_2021,lean31,,2021,reference,lean31
202112,0.064650245353031793,0.00045904949034506539,0.11328682735892812,0.11568047156695647,0.02586009814121272,0.034704141470086942,0.26601395179232157,0.32657819140362121,0.064650245353031793,0,0.047581993276537601,0.11568047156695647,0,0.31936439794389515,0.11328682735892812,0,0.0075382468874396757,0.32657819140362121,0,0.11258064262755169,reused_lean31_2021,lean31,,2021,reference,lean31
202201,0.1186921992918047,0.0036657917755959792,0.064195888334832391,0.92377952745018677,0.047476879716721883,0.27713385823505604,0.28074123349955027,0.60535197145132824,0.1186921992918047,0,0.057875643921683297,0.92377952745018677,0,0.68493614696324101,0.064195888334832391,0,0.01891392955756991,0.60535197145132824,0,0.22295692279037471,reused_lean31_2022,lean31,,2022,reference,lean31
202202,0.083361754720232648,0.0018253037047363727,0.042485899352875153,0.45997653359356594,0.033344701888093062,0.13799296007806977,0.28725423019413743,0.45859189216030027,0.083361754720232648,0,0.0454753204949686,0.45997653359356594,0,0.21482808387393568,0.042485899352875153,0,-0.0023362126943169276,0.45859189216030027,0,0.08333941716846327,reused_lean31_2022,lean31,,2022,reference,lean31
202203,0.069631834405069315,0.0012674595166229307,0.17520924513267616,0.31939979818897851,0.027852733762027727,0.095819939456693551,0.24743722646019717,0.37110989967891844,0.069631834405069315,0,0.033750554876394764,0.31939979818897851,0,0.50411846333958954,0.17520924513267616,0,0.068013961694504937,0.37110989967891844,0,0.14433157244408332,reused_lean31_2022,lean31,,2022,reference,lean31
202204,0.088999858603013404,0.001517959317443049,0.35688806588213351,0.38252574799564837,0.035599943441205366,0.1147577243986945,0.19293358023535995,0.34329124807525979,0.088999858603013404,0,0.029265104558756812,0.38252574799564837,0,0.23672139807049838,0.35688806588213351,0,0.19409988510218112,0.34329124807525979,0,0.024492495713997864,reused_lean31_2022,lean31,,2022,reference,lean31
202205,0.1434878553451556,0.0028631215048407653,0.1803523841029131,0.7215066192198728,0.057395142138062238,0.21645198576596184,0.24589428476912606,0.5197414126731501,0.1434878553451556,0,0.044651897059590204,0.7215066192198728,0,0.29228584018829717,0.1803523841029131,0,0.0054426597874653315,0.5197414126731501,0,0.10391371294408563,reused_lean31_2022,lean31,,2022,reference,lean31
202206,0.093722166724016509,0.00095346152681396882,0.23271575467332312,0.24027230475712014,0.037488866689606604,0.072081691427136038,0.23018527359800303,0.33975583171474566,0.093722166724016509,0,0.028593201957532274,0.24027230475712014,0,-0.023135034615420991,0.23271575467332312,0,0.0046267228274683436,0.33975583171474566,0,0.003108753550146115,reused_lean31_2022,lean31,,2022,reference,lean31
202207,0.074870355738565514,0.00096185156778460373,0.2944024163212583,0.24238659508172014,0.029948142295426208,0.072715978524516042,0.2116792751036225,0.31434339592356475,0.074870355738565514,0,0.03645049663680057,0.24238659508172014,0,-0.042995085058635779,0.2944024163212583,0,0.0033248048779940809,0.31434339592356475,0,0.00068423167373127258,reused_lean31_2022,lean31,,2022,reference,lean31
202208,0.073969082582671611,0.00071365786078336107,0.29506921172814948,0.17984178091740699,0.029587633033068647,0.053952534275222098,0.21147923648155514,0.29501940378984592,0.073969082582671611,0,0.060034037523671313,0.17984178091740699,0,0.72406249999840888,0.29506921172814948,0,-0.0082720112622842179,0.29501940378984592,0,0.24371396838767651,reused_lean31_2022,lean31,,2022,reference,lean31
202209,0.056848213747941169,0.0023293492401310133,0.2946933905453471,0.58699600851301537,0.022739285499176469,0.17609880255390462,0.21159198283639588,0.41043007088947697,0.056848213747941169,0,0.04315017554822672,0.58699600851301537,0,0.43080339182152766,0.2946933905453471,0,-0.014468786486739493,0.41043007088947697,0,0.15084172371177085,reused_lean31_2022,lean31,,2022,reference,lean31
202210,0.12118277966584166,0.0025586476483317462,0.30505048910197563,0.64477920737960004,0.048473111866336668,0.19343376221388001,0.2084848532694073,0.45039172734962396,0.12118277966584166,0,0.049259156145626093,0.64477920737960004,0,0.39197981720299752,0.30505048910197563,0,0.014274553192978323,0.45039172734962396,0,0.13301524166125617,reused_lean31_2022,lean31,,2022,reference,lean31
202211,0.090439398724764919,0.0014652150487376725,0.30395823607578415,0.36923419228189347,0.036175759489905972,0.11077025768456804,0.20881252917726473,0.35575854635173876,0.090439398724764919,0,0.063522957800345753,0.36923419228189347,0,0.26422472676247077,0.30395823607578415,0,0.003947992451184601,0.35575854635173876,0,0.10349220341352416,reused_lean31_2022,lean31,,2022,reference,lean31
202212,0.083203600396689781,0.0028879279469311348,0.29827397485256318,0.727757842626646,0.033281440158675915,0.21832735278799378,0.21051780754423105,0.46212660049090076,0.083203600396689781,0,0.073590531342173846,0.727757842626646,0,0.6861336735987198,0.29827397485256318,0,-0.0018358220431413663,0.46212660049090076,0,0.23582706122942787,reused_lean31_2022,lean31,,2022,reference,lean31
202301,0.069517631624488138,0.00028703127404412342,0.31097189368724576,0.072331881059119099,0.027807052649795258,0.021699564317735728,0.20670843189382626,0.25621504886135726,0.069517631624488138,0,0.077474277416231377,0.072331881059119099,0,0.24433683681835627,0.31097189368724576,0,0.024788466234417605,0.25621504886135726,0,0.096854222141674162,reused_lean31_2023,lean31,,2023,reference,lean31
202302,0.14585088975174998,0.0028434953622304879,0.31678589221867581,0.71656083128208292,0.058340355900699997,0.21496824938462486,0.20496423233439726,0.47827283761972211,0.14585088975174998,0,0.10843404903877132,0.71656083128208292,0,0.35158830606224678,0.31678589221867581,0,0.022117438430869774,0.47827283761972211,0,0.1422148799049216,reused_lean31_2023,lean31,,2023,reference,lean31
202303,0.060515553386580455,0.001185939914232446,0.30940599898518267,0.29885685838657639,0.024206221354632185,0.089657057515972916,0.20717820030444517,0.32104147917505027,0.060515553386580455,0,0.028133761477034135,0.29885685838657639,0,0.075654690195167851,0.30940599898518267,0,0.02077306016392283,0.32104147917505027,0,0.027717993600187174,reused_lean31_2023,lean31,,2023,reference,lean31
202304,0.065166753745554543,0.0020139965258241625,0.28401498039916379,0.507527124507689,0.026066701498221819,0.1522581373523067,0.21479550588025084,0.39312034473077939,0.065166753745554543,0,0.048446861198257578,0.507527124507689,0,0.52895241850894725,0.28401498039916379,0,0.0039236914418241398,0.39312034473077939,0,0.17688736259943999,reused_lean31_2023,lean31,,2023,reference,lean31
202305,0.073996781234955636,0.0012507442094953675,0.20941285330730777,0.31518754079283262,0.029598712493982257,0.094556262237849784,0.23717614400780768,0.36133111873963975,0.073996781234955636,0,0.004216021076894047,0.31518754079283262,0,-0.067014642836011606,0.20941285330730777,0,-0.0012968494966641708,0.36133111873963975,0,-0.01802892957104657,reused_lean31_2023,lean31,,2023,reference,lean31
202306,0.032980966623004836,-1.513956767879856e-05,0.37408387550972372,-0.003815171055057237,0.013192386649201936,-0.0011445513165171711,0.18777483734708286,0.19982267267976764,0.032980966623004836,0,0.023176044244377931,-0.003815171055057237,0,0.084949693095788079,0.37408387550972372,0,0.030109092607580268,0.19982267267976764,0,0.025722597844213518,reused_lean31_2023,lean31,,2023,reference,lean31
202307,0.098265826742143236,0.0014183002066174193,0.67028558527051929,0.35741165206758968,0.039306330696857295,0.1072234956202769,0.098914324418844207,0.24544415073597839,0.098265826742143236,0,0.081094568729480204,0.35741165206758968,0,0.74758338470089569,0.67028558527051929,0,0.061468706743321277,0.24544415073597839,0,0.23827223087906438,reused_lean31_2023,lean31,,2023,reference,lean31
202308,0.030833170214536146,-0.00010956258502186502,0.68586894981634439,-0.027609771425509987,0.012333268085814459,-0.0082829314276529949,0.094239315055096681,0.098289651713258153,0.030833170214536146,0,0.019446601223618257,-0.027609771425509987,0,-0.056962072274832548,0.68586894981634439,0,0.04659100948154038,0.098289651713258153,0,-0.023287284037464565,reused_lean31_2023,lean31,,2023,reference,lean31
202309,0.023316491490274878,5.8886272376533225e-05,0.71065787022238314,0.014839340638886372,0.0093265965961099508,0.0044518021916659118,0.086802638933285062,0.10058103772106092,0.023316491490274878,0,0.037303946770961049,0.014839340638886372,0,0.047314435107112154,0.71065787022238314,0,0.046729417772298998,0.10058103772106092,0,0.015097083908828371,reused_lean31_2023,lean31,,2023,reference,lean31
202310,0.039890771111523671,0.0010887960096653698,0.71595608627273566,0.27437659443567319,0.01595630844460947,0.082312978330701961,0.085213174118179302,0.18348246089349074,0.039890771111523671,0,0.022526302083391563,0.27437659443567319,0,0.19814484247770126,0.71595608627273566,0,0.0444184587001063,0.18348246089349074,0,0.055128435966635136,reused_lean31_2023,lean31,,2023,reference,lean31
202311,0.091988910379586245,0.00097709948011373603,0.74246636064575711,0.24622906898866148,0.036795564151834499,0.073868720696598444,0.077260091806272871,0.18792437665470579,0.091988910379586245,0,0.043508066945651798,0.24622906898866148,0,-0.15751157286340256,0.74246636064575711,0,0.017285555944631659,0.18792437665470579,0,-0.03503591186414956,reused_lean31_2023,lean31,,2023,reference,lean31
202312,0.066444245494784185,0.00077873978670862779,0.72770116353436587,0.1962424262505742,0.026577698197913675,0.058872727875172254,0.081689650939690231,0.16714007701277617,0.066444245494784185,0,0.060029174710868417,0.1962424262505742,0,0.20002858810627128,0.72770116353436587,0,0.018870318554249255,0.16714007701277617,0,0.078359150749953976,reused_lean31_2023,lean31,,2023,reference,lean31
