context,feature,decision,probe_eligible,min_annual_delta,mean_annual_delta,delta_2023,reason,experiment_ids
full34,amount_ratio_20d,不确定,False,-0.0049990975348825906,1.8146047458783565e-05,0.0065160880287627732,fixed score rule; near rows remain uncertain even if joint exploration eligible,S4_full34_amount_ratio_20d_2021;S4_full34_amount_ratio_20d_2022;S4_full34_amount_ratio_20d_2023
full34,amount_ratio_5d_rank_pct,不确定,False,-0.0040083387153323491,-0.0011618036021120066,0.0018701777230849537,fixed score rule; near rows remain uncertain even if joint exploration eligible,S4_full34_amount_ratio_5d_rank_pct_2021;S4_full34_amount_ratio_5d_rank_pct_2022;S4_full34_amount_ratio_5d_rank_pct_2023
full34,bias_20d,不确定,False,-0.0036794191627233241,-0.0003878949487566008,-0.0036794191627233241,fixed score rule; near rows remain uncertain even if joint exploration eligible,S4_full34_bias_20d_2021;S4_full34_bias_20d_2022;S4_full34_bias_20d_2023
full34,bias_60d,保留,False,-0.0089681256755728689,-0.0050669736730098169,-0.0023689961774414903,fixed score rule; near rows remain uncertain even if joint exploration eligible,S4_full34_bias_60d_2021;S4_full34_bias_60d_2022;S4_full34_bias_60d_2023
full34,body_ratio,不确定,False,6.7167498175951801e-05,0.0022187397708303227,6.7167498175951801e-05,fixed score rule; near rows remain uncertain even if joint exploration eligible,S4_full34_body_ratio_2021;S4_full34_body_ratio_2022;S4_full34_body_ratio_2023
full34,close_location,保留,False,-0.0082401166577781293,-0.0047333085976145883,-0.0020146698542287955,fixed score rule; near rows remain uncertain even if joint exploration eligible,S4_full34_close_location_2021;S4_full34_close_location_2022;S4_full34_close_location_2023
full34,flag_limit_down,保留,False,-0.2012978023976088,-0.15729739388638078,-0.10965197283760753,fixed score rule; near rows remain uncertain even if joint exploration eligible,S4_full34_flag_limit_down_2021;S4_full34_flag_limit_down_2022;S4_full34_flag_limit_down_2023
full34,flag_limit_up,不确定,False,-0.0057862017332978022,-0.00076655951352867324,-0.0026101825456660566,fixed score rule; near rows remain uncertain even if joint exploration eligible,S4_full34_flag_limit_up_2021;S4_full34_flag_limit_up_2022;S4_full34_flag_limit_up_2023
full34,limit_down_count_5d,不确定,False,-0.0053981975734050947,0.00027040717470502851,-0.00072829972967278223,fixed score rule; near rows remain uncertain even if joint exploration eligible,S4_full34_limit_down_count_5d_2021;S4_full34_limit_down_count_5d_2022;S4_full34_limit_down_count_5d_2023
full34,limit_up_count_5d,不确定,True,0.00040749638917936259,0.0037883045055704576,0.0032592644589046205,fixed score rule; near rows remain uncertain even if joint exploration eligible,S4_full34_limit_up_count_5d_2021;S4_full34_limit_up_count_5d_2022;S4_full34_limit_up_count_5d_2023
full34,log_mean_amount_20d,保留,False,-0.0032204809134919188,-0.0024593696684988287,-0.0018482959969774171,fixed score rule; near rows remain uncertain even if joint exploration eligible,S4_full34_log_mean_amount_20d_2021;S4_full34_log_mean_amount_20d_2022;S4_full34_log_mean_amount_20d_2023
full34,log_mean_amount_20d_rank_pct,不确定,False,-0.0049946522018098349,-0.0029442364206390312,-0.0039667173113048793,fixed score rule; near rows remain uncertain even if joint exploration eligible,S4_full34_log_mean_amount_20d_rank_pct_2021;S4_full34_log_mean_amount_20d_rank_pct_2022;S4_full34_log_mean_amount_20d_rank_pct_2023
full34,lower_shadow,不确定,False,-0.0015817838432589104,0.0030601374190641351,0.0055638943800970786,fixed score rule; near rows remain uncertain even if joint exploration eligible,S4_full34_lower_shadow_2021;S4_full34_lower_shadow_2022;S4_full34_lower_shadow_2023
full34,price_position_20d,不确定,False,-0.0070535479906126408,0.00016116923149891993,0.0098190967231867876,fixed score rule; near rows remain uncertain even if joint exploration eligible,S4_full34_price_position_20d_2021;S4_full34_price_position_20d_2022;S4_full34_price_position_20d_2023
full34,price_position_60d,不确定,False,-0.00033830386387734279,0.0016431194001866971,0.00056785588896099415,fixed score rule; near rows remain uncertain even if joint exploration eligible,S4_full34_price_position_60d_2021;S4_full34_price_position_60d_2022;S4_full34_price_position_60d_2023
full34,ret_10d,不确定,True,-3.1336375252433157e-06,0.0015762379436727221,0.0024624364958712175,fixed score rule; near rows remain uncertain even if joint exploration eligible,S4_full34_ret_10d_2021;S4_full34_ret_10d_2022;S4_full34_ret_10d_2023
full34,ret_1d_rank_pct,保留,False,-0.039583375090922301,-0.022199382811898732,-0.012186471435863738,fixed score rule; near rows remain uncertain even if joint exploration eligible,S4_full34_ret_1d_rank_pct_2021;S4_full34_ret_1d_rank_pct_2022;S4_full34_ret_1d_rank_pct_2023
full34,ret_20d_rank_pct,不确定,False,-0.010676521928536631,-0.0044202991250618384,0.004077050386368436,fixed score rule; near rows remain uncertain even if joint exploration eligible,S4_full34_ret_20d_rank_pct_2021;S4_full34_ret_20d_rank_pct_2022;S4_full34_ret_20d_rank_pct_2023
full34,ret_2d,不确定,False,-0.0059217421940696013,-0.0021291152254751902,-0.0006281082856925968,fixed score rule; near rows remain uncertain even if joint exploration eligible,S4_full34_ret_2d_2021;S4_full34_ret_2d_2022;S4_full34_ret_2d_2023
full34,ret_5d_rank_pct,不确定,False,-0.0035038568125151937,0.001107155694668821,0.002174439609658102,fixed score rule; near rows remain uncertain even if joint exploration eligible,S4_full34_ret_5d_rank_pct_2021;S4_full34_ret_5d_rank_pct_2022;S4_full34_ret_5d_rank_pct_2023
full34,ret_60d,不确定,False,-0.0046665672118453294,0.0029168322315857587,0.0021728892207223682,fixed score rule; near rows remain uncertain even if joint exploration eligible,S4_full34_ret_60d_2021;S4_full34_ret_60d_2022;S4_full34_ret_60d_2023
full34,upper_shadow,不确定,False,-0.0042869152496919916,-0.00091254510831266977,-0.00018623887505761494,fixed score rule; near rows remain uncertain even if joint exploration eligible,S4_full34_upper_shadow_2021;S4_full34_upper_shadow_2022;S4_full34_upper_shadow_2023
full34,volatility_20d_rank_pct,不确定,True,-0.00035384252792147741,0.0011689097199419907,0.0018242941850596939,fixed score rule; near rows remain uncertain even if joint exploration eligible,S4_full34_volatility_20d_rank_pct_2021;S4_full34_volatility_20d_rank_pct_2022;S4_full34_volatility_20d_rank_pct_2023
full34,volatility_60d,不确定,False,-0.0030860234729437885,1.1152959573305457e-05,0.0021877544570225171,fixed score rule; near rows remain uncertain even if joint exploration eligible,S4_full34_volatility_60d_2021;S4_full34_volatility_60d_2022;S4_full34_volatility_60d_2023
lean31,amount_ratio_20d,不确定,False,-0.0050187141994324502,0.0030833300398443917,0.01262009792455035,fixed score rule; near rows remain uncertain even if joint exploration eligible,S4_lean31_amount_ratio_20d_2021;S4_lean31_amount_ratio_20d_2022;S4_lean31_amount_ratio_20d_2023
lean31,amount_ratio_5d_rank_pct,不确定,False,-0.0043547254445233108,-0.00083232981980519794,-0.00098055723012777096,fixed score rule; near rows remain uncertain even if joint exploration eligible,S4_lean31_amount_ratio_5d_rank_pct_2021;S4_lean31_amount_ratio_5d_rank_pct_2022;S4_lean31_amount_ratio_5d_rank_pct_2023
lean31,bias_20d,不确定,False,-0.0053202486050746289,0.00027537888786546838,0.0028922233806844833,fixed score rule; near rows remain uncertain even if joint exploration eligible,S4_lean31_bias_20d_2021;S4_lean31_bias_20d_2022;S4_lean31_bias_20d_2023
lean31,bias_60d,保留,False,-0.0033346014283196224,-0.0022018011341512398,-0.0033346014283196224,fixed score rule; near rows remain uncertain even if joint exploration eligible,S4_lean31_bias_60d_2021;S4_lean31_bias_60d_2022;S4_lean31_bias_60d_2023
lean31,body_ratio,不确定,False,-0.0055423494708316534,0.00056461265884891199,0.00272107138866437,fixed score rule; near rows remain uncertain even if joint exploration eligible,S4_lean31_body_ratio_2021;S4_lean31_body_ratio_2022;S4_lean31_body_ratio_2023
lean31,close_location,保留,False,-0.0056074458153613227,-0.0042027310963698621,-0.0027551961972827332,fixed score rule; near rows remain uncertain even if joint exploration eligible,S4_lean31_close_location_2021;S4_lean31_close_location_2022;S4_lean31_close_location_2023
lean31,flag_limit_down,保留,False,-0.18944119007738566,-0.15382593457751073,-0.10988529380781412,fixed score rule; near rows remain uncertain even if joint exploration eligible,S4_lean31_flag_limit_down_2021;S4_lean31_flag_limit_down_2022;S4_lean31_flag_limit_down_2023
lean31,flag_limit_up,不确定,False,-0.0060353082270591107,-0.00038253797887817059,-0.0009010065916997545,fixed score rule; near rows remain uncertain even if joint exploration eligible,S4_lean31_flag_limit_up_2021;S4_lean31_flag_limit_up_2022;S4_lean31_flag_limit_up_2023
lean31,limit_down_count_5d,不确定,False,-0.002526623639945158,0.001595675586998931,-0.002526623639945158,fixed score rule; near rows remain uncertain even if joint exploration eligible,S4_lean31_limit_down_count_5d_2021;S4_lean31_limit_down_count_5d_2022;S4_lean31_limit_down_count_5d_2023
lean31,limit_up_count_5d,不确定,False,-0.0041894596554843955,9.4138862622189512e-05,-0.0030282692352127383,fixed score rule; near rows remain uncertain even if joint exploration eligible,S4_lean31_limit_up_count_5d_2021;S4_lean31_limit_up_count_5d_2022;S4_lean31_limit_up_count_5d_2023
lean31,log_mean_amount_20d,不确定,False,-0.0033147699967092381,-0.00089382941367587476,-0.0033147699967092381,fixed score rule; near rows remain uncertain even if joint exploration eligible,S4_lean31_log_mean_amount_20d_2021;S4_lean31_log_mean_amount_20d_2022;S4_lean31_log_mean_amount_20d_2023
lean31,log_mean_amount_20d_rank_pct,不确定,False,-0.0024280657253937243,-0.0012576451500328027,-0.00039528707542299535,fixed score rule; near rows remain uncertain even if joint exploration eligible,S4_lean31_log_mean_amount_20d_rank_pct_2021;S4_lean31_log_mean_amount_20d_rank_pct_2022;S4_lean31_log_mean_amount_20d_rank_pct_2023
lean31,lower_shadow,删除,True,0.0025011599640940574,0.0079212826807384031,0.0025011599640940574,fixed score rule; near rows remain uncertain even if joint exploration eligible,S4_lean31_lower_shadow_2021;S4_lean31_lower_shadow_2022;S4_lean31_lower_shadow_2023
lean31,price_position_20d,不确定,True,-0.00074488054139121296,0.0082020597752949873,0.018773069758346611,fixed score rule; near rows remain uncertain even if joint exploration eligible,S4_lean31_price_position_20d_2021;S4_lean31_price_position_20d_2022;S4_lean31_price_position_20d_2023
lean31,price_position_60d,不确定,False,-0.00071403018010235408,0.0025438425941475642,0.00097164341619887518,fixed score rule; near rows remain uncertain even if joint exploration eligible,S4_lean31_price_position_60d_2021;S4_lean31_price_position_60d_2022;S4_lean31_price_position_60d_2023
lean31,ret_1d_rank_pct,保留,False,-0.028361259991498411,-0.022052656712865205,-0.016229350200983622,fixed score rule; near rows remain uncertain even if joint exploration eligible,S4_lean31_ret_1d_rank_pct_2021;S4_lean31_ret_1d_rank_pct_2022;S4_lean31_ret_1d_rank_pct_2023
lean31,ret_20d_rank_pct,不确定,False,-0.0026669669938411689,-0.00060348032214943559,0.001146102799750498,fixed score rule; near rows remain uncertain even if joint exploration eligible,S4_lean31_ret_20d_rank_pct_2021;S4_lean31_ret_20d_rank_pct_2022;S4_lean31_ret_20d_rank_pct_2023
lean31,ret_5d_rank_pct,删除,True,0.0018381372887182335,0.0020716404784741163,0.0023626197312657249,fixed score rule; near rows remain uncertain even if joint exploration eligible,S4_lean31_ret_5d_rank_pct_2021;S4_lean31_ret_5d_rank_pct_2022;S4_lean31_ret_5d_rank_pct_2023
lean31,upper_shadow,不确定,False,-0.0029928265487890182,0.00077587389360329417,0.0039671115395138179,fixed score rule; near rows remain uncertain even if joint exploration eligible,S4_lean31_upper_shadow_2021;S4_lean31_upper_shadow_2022;S4_lean31_upper_shadow_2023
lean31,volatility_20d_rank_pct,不确定,True,7.4406285683448203e-05,0.0024298912804338138,0.005328352873594594,fixed score rule; near rows remain uncertain even if joint exploration eligible,S4_lean31_volatility_20d_rank_pct_2021;S4_lean31_volatility_20d_rank_pct_2022;S4_lean31_volatility_20d_rank_pct_2023
lean31,volatility_60d,不确定,False,-0.0032060331415574572,0.0013101720398446166,-0.0032060331415574572,fixed score rule; near rows remain uncertain even if joint exploration eligible,S4_lean31_volatility_60d_2021;S4_lean31_volatility_60d_2022;S4_lean31_volatility_60d_2023
