context,feature,group,decision,old_decision,direct_years,experiment_ids,near_years,annual_direction_conflict,block_ci_zero_years,old_guards_failed_years,statistical_uncertainty,evidence_scope,absent_from_original_input,delta_2021,delta_2022,delta_2023,selected_candidates_in_context,present_in_selected_candidates,removed_in_selected_candidates
full34,amount_ratio_20d,D,不确定,不确定,2021;2022;2023,S4_full34_amount_ratio_20d_2021;S4_full34_amount_ratio_20d_2022;S4_full34_amount_ratio_20d_2023,,True,2021;2022;2023,2021;2022;2023,True,conditional direct annual score evidence; not statistical significance or joint necessity,False,-0.0014625523515038319,-0.0049990975348825906,0.0065160880287627732,S4R_full34_minus3,S4R_full34_minus3,
full34,amount_ratio_5d_rank_pct,F,不确定,不确定,2021;2022;2023,S4_full34_amount_ratio_5d_rank_pct_2021;S4_full34_amount_ratio_5d_rank_pct_2022;S4_full34_amount_ratio_5d_rank_pct_2023,,True,2021;2022;2023,2021;2022;2023,True,conditional direct annual score evidence; not statistical significance or joint necessity,False,-0.0040083387153323491,-0.0013472498140886247,0.0018701777230849537,S4R_full34_minus3,S4R_full34_minus3,
full34,bias_20d,C,不确定,不确定,2021;2022;2023,S4_full34_bias_20d_2021;S4_full34_bias_20d_2022;S4_full34_bias_20d_2023,2022,True,2021;2022;2023,2021;2022;2023,True,conditional direct annual score evidence; not statistical significance or joint necessity,False,0.0029724320888472322,-0.00045669777239371045,-0.0036794191627233241,S4R_full34_minus3,S4R_full34_minus3,
full34,bias_60d,C,保留,不确定,2021;2022;2023,S4_full34_bias_60d_2021;S4_full34_bias_60d_2022;S4_full34_bias_60d_2023,,False,2021;2022;2023,2021;2022;2023,True,conditional direct annual score evidence; not statistical significance or joint necessity,False,-0.0038637991660150917,-0.0089681256755728689,-0.0023689961774414903,S4R_full34_minus3,S4R_full34_minus3,
full34,body_ratio,B,不确定,不确定,2021;2022;2023,S4_full34_body_ratio_2021;S4_full34_body_ratio_2022;S4_full34_body_ratio_2023,2023,False,2021;2022;2023,2021;2022;2023,True,conditional direct annual score evidence; not statistical significance or joint necessity,False,0.0045111453273721791,0.0020779064869428376,6.7167498175951801e-05,S4R_full34_minus3,S4R_full34_minus3,
full34,close_location,B,保留,不确定,2021;2022;2023,S4_full34_close_location_2021;S4_full34_close_location_2022;S4_full34_close_location_2023,,False,2021;2022;2023,2021;2022;2023,True,conditional direct annual score evidence; not statistical significance or joint necessity,False,-0.0039451392808368402,-0.0082401166577781293,-0.0020146698542287955,S4R_full34_minus3,S4R_full34_minus3,
full34,flag_limit_down,E,保留,保留,2021;2022;2023,S4_full34_flag_limit_down_2021;S4_full34_flag_limit_down_2022;S4_full34_flag_limit_down_2023,,False,,2021;2022;2023,False,conditional direct annual score evidence; not statistical significance or joint necessity,False,-0.16094240642392602,-0.2012978023976088,-0.10965197283760753,S4R_full34_minus3,S4R_full34_minus3,
full34,flag_limit_up,E,不确定,不确定,2021;2022;2023,S4_full34_flag_limit_up_2021;S4_full34_flag_limit_up_2022;S4_full34_flag_limit_up_2023,,True,2021;2022;2023,2021;2022;2023,True,conditional direct annual score evidence; not statistical significance or joint necessity,False,-0.0057862017332978022,0.0060967057383778389,-0.0026101825456660566,S4R_full34_minus3,S4R_full34_minus3,
full34,limit_down_count_5d,E,不确定,不确定,2021;2022;2023,S4_full34_limit_down_count_5d_2021;S4_full34_limit_down_count_5d_2022;S4_full34_limit_down_count_5d_2023,2023,True,2021;2022;2023,2021;2022;2023,True,conditional direct annual score evidence; not statistical significance or joint necessity,False,0.0069377188271929624,-0.0053981975734050947,-0.00072829972967278223,S4R_full34_minus3,S4R_full34_minus3,
full34,limit_up_count_5d,E,不确定,不确定,2021;2022;2023,S4_full34_limit_up_count_5d_2021;S4_full34_limit_up_count_5d_2022;S4_full34_limit_up_count_5d_2023,2022,False,2021;2022;2023,2021;2022,True,conditional direct annual score evidence; not statistical significance or joint necessity,False,0.0076981526686273893,0.00040749638917936259,0.0032592644589046205,S4R_full34_minus3,,S4R_full34_minus3
full34,log_mean_amount_20d,D,保留,不确定,2021;2022;2023,S4_full34_log_mean_amount_20d_2021;S4_full34_log_mean_amount_20d_2022;S4_full34_log_mean_amount_20d_2023,,False,2021;2022;2023,2021;2022;2023,True,conditional direct annual score evidence; not statistical significance or joint necessity,False,-0.0032204809134919188,-0.0023093320950271501,-0.0018482959969774171,S4R_full34_minus3,S4R_full34_minus3,
full34,log_mean_amount_20d_rank_pct,F,不确定,不确定,2021;2022;2023,S4_full34_log_mean_amount_20d_rank_pct_2021;S4_full34_log_mean_amount_20d_rank_pct_2022;S4_full34_log_mean_amount_20d_rank_pct_2023,2021,True,2021;2022,2021;2022;2023,True,conditional direct annual score evidence; not statistical significance or joint necessity,False,0.00012866025119762092,-0.0049946522018098349,-0.0039667173113048793,S4R_full34_minus3,S4R_full34_minus3,
full34,lower_shadow,B,不确定,不确定,2021;2022;2023,S4_full34_lower_shadow_2021;S4_full34_lower_shadow_2022;S4_full34_lower_shadow_2023,,True,2021;2022;2023,2022;2023,True,conditional direct annual score evidence; not statistical significance or joint necessity,False,0.005198301720354237,-0.0015817838432589104,0.0055638943800970786,S4R_full34_minus3,S4R_full34_minus3,
full34,price_position_20d,C,不确定,不确定,2021;2022;2023,S4_full34_price_position_20d_2021;S4_full34_price_position_20d_2022;S4_full34_price_position_20d_2023,,True,2021;2022,2021;2022,True,conditional direct annual score evidence; not statistical significance or joint necessity,False,-0.002282041038077387,-0.0070535479906126408,0.0098190967231867876,S4R_full34_minus3,S4R_full34_minus3,
full34,price_position_60d,C,不确定,不确定,2021;2022;2023,S4_full34_price_position_60d_2021;S4_full34_price_position_60d_2022;S4_full34_price_position_60d_2023,2022;2023,True,2021;2022;2023,2022;2023,True,conditional direct annual score evidence; not statistical significance or joint necessity,False,0.0046998061754764398,-0.00033830386387734279,0.00056785588896099415,S4R_full34_minus3,S4R_full34_minus3,
full34,ret_10d,A,不确定,不确定,2021;2022;2023,S4_full34_ret_10d_2021;S4_full34_ret_10d_2022;S4_full34_ret_10d_2023,2022,True,2021;2022;2023,2021;2022;2023,True,conditional direct annual score evidence; not statistical significance or joint necessity,False,0.0022694109726721923,-3.1336375252433157e-06,0.0024624364958712175,S4R_full34_minus3,,S4R_full34_minus3
full34,ret_1d_rank_pct,F,保留,不确定,2021;2022;2023,S4_full34_ret_1d_rank_pct_2021;S4_full34_ret_1d_rank_pct_2022;S4_full34_ret_1d_rank_pct_2023,,False,2021;2023,2021;2022;2023,True,conditional direct annual score evidence; not statistical significance or joint necessity,False,-0.014828301908910158,-0.039583375090922301,-0.012186471435863738,S4R_full34_minus3,S4R_full34_minus3,
full34,ret_20d_rank_pct,F,不确定,不确定,2021;2022;2023,S4_full34_ret_20d_rank_pct_2021;S4_full34_ret_20d_rank_pct_2022;S4_full34_ret_20d_rank_pct_2023,,True,2021;2023,2021;2022,True,conditional direct annual score evidence; not statistical significance or joint necessity,False,-0.0066614258330173204,-0.010676521928536631,0.004077050386368436,S4R_full34_minus3,S4R_full34_minus3,
full34,ret_2d,A,不确定,不确定,2021;2022;2023,S4_full34_ret_2d_2021;S4_full34_ret_2d_2022;S4_full34_ret_2d_2023,2021;2023,True,2021;2022;2023,2021;2022;2023,True,conditional direct annual score evidence; not statistical significance or joint necessity,False,0.0001625048033366272,-0.0059217421940696013,-0.0006281082856925968,S4R_full34_minus3,S4R_full34_minus3,
full34,ret_5d_rank_pct,F,不确定,不确定,2021;2022;2023,S4_full34_ret_5d_rank_pct_2021;S4_full34_ret_5d_rank_pct_2022;S4_full34_ret_5d_rank_pct_2023,,True,2021;2022;2023,2021;2022;2023,True,conditional direct annual score evidence; not statistical significance or joint necessity,False,0.0046508842868635547,-0.0035038568125151937,0.002174439609658102,S4R_full34_minus3,S4R_full34_minus3,
full34,ret_60d,A,不确定,不确定,2021;2022;2023,S4_full34_ret_60d_2021;S4_full34_ret_60d_2022;S4_full34_ret_60d_2023,,True,2022;2023,2022,True,conditional direct annual score evidence; not statistical significance or joint necessity,False,0.011244174685880237,-0.0046665672118453294,0.0021728892207223682,S4R_full34_minus3,S4R_full34_minus3,
full34,upper_shadow,B,不确定,不确定,2021;2022;2023,S4_full34_upper_shadow_2021;S4_full34_upper_shadow_2022;S4_full34_upper_shadow_2023,2023,True,2021;2022;2023,2021;2022;2023,True,conditional direct annual score evidence; not statistical significance or joint necessity,False,0.0017355187998115973,-0.0042869152496919916,-0.00018623887505761494,S4R_full34_minus3,S4R_full34_minus3,
full34,volatility_20d_rank_pct,F,不确定,不确定,2021;2022;2023,S4_full34_volatility_20d_rank_pct_2021;S4_full34_volatility_20d_rank_pct_2022;S4_full34_volatility_20d_rank_pct_2023,2021,True,2021;2022;2023,2021;2022;2023,True,conditional direct annual score evidence; not statistical significance or joint necessity,False,-0.00035384252792147741,0.0020362775026877555,0.0018242941850596939,S4R_full34_minus3,,S4R_full34_minus3
full34,volatility_60d,D,不确定,不确定,2021;2022;2023,S4_full34_volatility_60d_2021;S4_full34_volatility_60d_2022;S4_full34_volatility_60d_2023,2021,True,2021;2022;2023,2021;2022;2023,True,conditional direct annual score evidence; not statistical significance or joint necessity,False,0.00093172789464118777,-0.0030860234729437885,0.0021877544570225171,S4R_full34_minus3,S4R_full34_minus3,
lean31,amount_ratio_20d,D,不确定,不确定,2021;2022;2023,S4_lean31_amount_ratio_20d_2021;S4_lean31_amount_ratio_20d_2022;S4_lean31_amount_ratio_20d_2023,,True,2021;2022,2021;2022,True,conditional direct annual score evidence; not statistical significance or joint necessity,False,-0.0050187141994324502,0.0016486063944152751,0.01262009792455035,S4R_lean31_minus4,S4R_lean31_minus4,
lean31,amount_ratio_5d_rank_pct,F,不确定,不确定,2021;2022;2023,S4_lean31_amount_ratio_5d_rank_pct_2021;S4_lean31_amount_ratio_5d_rank_pct_2022;S4_lean31_amount_ratio_5d_rank_pct_2023,2023,True,2021;2022;2023,2021;2022;2023,True,conditional direct annual score evidence; not statistical significance or joint necessity,False,0.0028382932152354878,-0.0043547254445233108,-0.00098055723012777096,S4R_lean31_minus4,S4R_lean31_minus4,
lean31,bias_20d,C,不确定,不确定,2021;2022;2023,S4_lean31_bias_20d_2021;S4_lean31_bias_20d_2022;S4_lean31_bias_20d_2023,,True,2021;2022;2023,2021;2022;2023,True,conditional direct annual score evidence; not statistical significance or joint necessity,False,0.0032541618879865508,-0.0053202486050746289,0.0028922233806844833,S4R_lean31_minus4,S4R_lean31_minus4,
lean31,bias_60d,C,保留,不确定,2021;2022;2023,S4_lean31_bias_60d_2021;S4_lean31_bias_60d_2022;S4_lean31_bias_60d_2023,,False,2021;2022;2023,2021;2022;2023,True,conditional direct annual score evidence; not statistical significance or joint necessity,False,-0.0015849206511383551,-0.0016858813229957414,-0.0033346014283196224,S4R_lean31_minus4,S4R_lean31_minus4,
lean31,body_ratio,B,不确定,不确定,2021;2022;2023,S4_lean31_body_ratio_2021;S4_lean31_body_ratio_2022;S4_lean31_body_ratio_2023,,True,2021;2022;2023,2021;2022;2023,True,conditional direct annual score evidence; not statistical significance or joint necessity,False,0.0045151160587140193,-0.0055423494708316534,0.00272107138866437,S4R_lean31_minus4,S4R_lean31_minus4,
lean31,close_location,B,保留,不确定,2021;2022;2023,S4_lean31_close_location_2021;S4_lean31_close_location_2022;S4_lean31_close_location_2023,,False,2021;2022;2023,2021;2022;2023,True,conditional direct annual score evidence; not statistical significance or joint necessity,False,-0.0056074458153613227,-0.0042455512764655312,-0.0027551961972827332,S4R_lean31_minus4,S4R_lean31_minus4,
lean31,flag_limit_down,E,保留,保留,2021;2022;2023,S4_lean31_flag_limit_down_2021;S4_lean31_flag_limit_down_2022;S4_lean31_flag_limit_down_2023,,False,,2021;2022;2023,False,conditional direct annual score evidence; not statistical significance or joint necessity,False,-0.1621513198473325,-0.18944119007738566,-0.10988529380781412,S4R_lean31_minus4,S4R_lean31_minus4,
lean31,flag_limit_up,E,不确定,不确定,2021;2022;2023,S4_lean31_flag_limit_up_2021;S4_lean31_flag_limit_up_2022;S4_lean31_flag_limit_up_2023,2023,True,2021;2022;2023,2021;2022;2023,True,conditional direct annual score evidence; not statistical significance or joint necessity,False,-0.0060353082270591107,0.0057887008821243535,-0.0009010065916997545,S4R_lean31_minus4,S4R_lean31_minus4,
lean31,limit_down_count_5d,E,不确定,不确定,2021;2022;2023,S4_lean31_limit_down_count_5d_2021;S4_lean31_limit_down_count_5d_2022;S4_lean31_limit_down_count_5d_2023,,True,2021;2022;2023,2023,True,conditional direct annual score evidence; not statistical significance or joint necessity,False,0.0030872837756772964,0.0042263666252646548,-0.002526623639945158,S4R_lean31_minus4,S4R_lean31_minus4,
lean31,limit_up_count_5d,E,不确定,不确定,2021;2022;2023,S4_lean31_limit_up_count_5d_2021;S4_lean31_limit_up_count_5d_2022;S4_lean31_limit_up_count_5d_2023,,True,2021;2022;2023,2022;2023,True,conditional direct annual score evidence; not statistical significance or joint necessity,False,0.0075001454785637023,-0.0041894596554843955,-0.0030282692352127383,S4R_lean31_minus4,S4R_lean31_minus4,
lean31,log_mean_amount_20d,D,不确定,不确定,2021;2022;2023,S4_lean31_log_mean_amount_20d_2021;S4_lean31_log_mean_amount_20d_2022;S4_lean31_log_mean_amount_20d_2023,2021;2022,True,2021;2022;2023,2021;2023,True,conditional direct annual score evidence; not statistical significance or joint necessity,False,0.00018004905472635002,0.00045323270095526391,-0.0033147699967092381,S4R_lean31_minus4,S4R_lean31_minus4,
lean31,log_mean_amount_20d_rank_pct,F,不确定,不确定,2021;2022;2023,S4_lean31_log_mean_amount_20d_rank_pct_2021;S4_lean31_log_mean_amount_20d_rank_pct_2022;S4_lean31_log_mean_amount_20d_rank_pct_2023,2021;2023,False,2021;2022;2023,2021;2022;2023,True,conditional direct annual score evidence; not statistical significance or joint necessity,False,-0.00094958264928168834,-0.0024280657253937243,-0.00039528707542299535,S4R_lean31_minus4,S4R_lean31_minus4,
lean31,lower_shadow,B,删除,不确定,2021;2022;2023,S4_lean31_lower_shadow_2021;S4_lean31_lower_shadow_2022;S4_lean31_lower_shadow_2023,,False,2021;2023,2022;2023,True,conditional direct annual score evidence; not statistical significance or joint necessity,False,0.0089160872864430529,0.012346600791678097,0.0025011599640940574,S4R_lean31_minus4,,S4R_lean31_minus4
lean31,price_position_20d,C,不确定,不确定,2021;2022;2023,S4_lean31_price_position_20d_2021;S4_lean31_price_position_20d_2022;S4_lean31_price_position_20d_2023,2022,True,2021;2022,2021;2022,True,conditional direct annual score evidence; not statistical significance or joint necessity,False,0.0065779901089295656,-0.00074488054139121296,0.018773069758346611,S4R_lean31_minus4,,S4R_lean31_minus4
lean31,price_position_60d,C,不确定,不确定,2021;2022;2023,S4_lean31_price_position_60d_2021;S4_lean31_price_position_60d_2022;S4_lean31_price_position_60d_2023,2022;2023,True,2021;2022;2023,2022;2023,True,conditional direct annual score evidence; not statistical significance or joint necessity,False,0.0073739145463461719,-0.00071403018010235408,0.00097164341619887518,S4R_lean31_minus4,S4R_lean31_minus4,
lean31,ret_1d_rank_pct,F,保留,不确定,2021;2022;2023,S4_lean31_ret_1d_rank_pct_2021;S4_lean31_ret_1d_rank_pct_2022;S4_lean31_ret_1d_rank_pct_2023,,False,2022;2023,2021;2022;2023,True,conditional direct annual score evidence; not statistical significance or joint necessity,False,-0.021567359946113585,-0.028361259991498411,-0.016229350200983622,S4R_lean31_minus4,S4R_lean31_minus4,
lean31,ret_20d_rank_pct,F,不确定,不确定,2021;2022;2023,S4_lean31_ret_20d_rank_pct_2021;S4_lean31_ret_20d_rank_pct_2022;S4_lean31_ret_20d_rank_pct_2023,2022,True,2021;2022;2023,2021;2022;2023,True,conditional direct annual score evidence; not statistical significance or joint necessity,False,-0.0026669669938411689,-0.0002895767723576359,0.001146102799750498,S4R_lean31_minus4,S4R_lean31_minus4,
lean31,ret_5d_rank_pct,F,删除,不确定,2021;2022;2023,S4_lean31_ret_5d_rank_pct_2021;S4_lean31_ret_5d_rank_pct_2022;S4_lean31_ret_5d_rank_pct_2023,,False,2021;2022;2023,2021;2023,True,conditional direct annual score evidence; not statistical significance or joint necessity,False,0.0020141644154383909,0.0018381372887182335,0.0023626197312657249,S4R_lean31_minus4,,S4R_lean31_minus4
lean31,upper_shadow,B,不确定,不确定,2021;2022;2023,S4_lean31_upper_shadow_2021;S4_lean31_upper_shadow_2022;S4_lean31_upper_shadow_2023,,True,2021;2022;2023,2021;2022;2023,True,conditional direct annual score evidence; not statistical significance or joint necessity,False,0.0013533366900850829,-0.0029928265487890182,0.0039671115395138179,S4R_lean31_minus4,S4R_lean31_minus4,
lean31,volatility_20d_rank_pct,F,不确定,不确定,2021;2022;2023,S4_lean31_volatility_20d_rank_pct_2021;S4_lean31_volatility_20d_rank_pct_2022;S4_lean31_volatility_20d_rank_pct_2023,2022,False,2021;2022;2023,2021;2022,True,conditional direct annual score evidence; not statistical significance or joint necessity,False,0.0018869146820233995,7.4406285683448203e-05,0.005328352873594594,S4R_lean31_minus4,,S4R_lean31_minus4
lean31,volatility_60d,D,不确定,不确定,2021;2022;2023,S4_lean31_volatility_60d_2021;S4_lean31_volatility_60d_2022;S4_lean31_volatility_60d_2023,2021,True,2021;2022;2023,2021;2022;2023,True,conditional direct annual score evidence; not statistical significance or joint necessity,False,0.00072552058019759169,0.0064110286808937156,-0.0032060331415574572,S4R_lean31_minus4,S4R_lean31_minus4,
lean31,ret_2d,A,不确定,不确定,,,,False,,,True,conditional direct annual score evidence; not statistical significance or joint necessity,True,,,,S4R_lean31_minus4,,S4R_lean31_minus4
lean31,ret_10d,A,不确定,不确定,,,,False,,,True,conditional direct annual score evidence; not statistical significance or joint necessity,True,,,,S4R_lean31_minus4,,S4R_lean31_minus4
lean31,ret_60d,A,不确定,不确定,,,,False,,,True,conditional direct annual score evidence; not statistical significance or joint necessity,True,,,,S4R_lean31_minus4,,S4R_lean31_minus4
