candidate,split,year,month,top_type,top_count,price_valid_turnover,missing_label_count,missing_label_fraction,invalid_price_count,invalid_price_fraction,all_features_missing_count,all_features_missing_fraction,candidate_all_missing_count,candidate_all_missing_fraction
S4R_full34_minus3,dev_2021,2021,202101,return,7553,0.83166040515173567,0,0,0,0,0,0,0,0
S4R_full34_minus3,dev_2021,2021,202101,turnover,9125,0.83166040515173567,9125,1,9125,1,9125,1,0,0
S4R_lean31_minus4,dev_2021,2021,202101,return,7553,0.80489604361155198,0,0,0,0,0,0,0,0
S4R_lean31_minus4,dev_2021,2021,202101,turnover,9125,0.80489604361155198,9125,1,9125,1,9125,1,0,0
baseline10,dev_2021,2021,202101,return,7553,0.77121657099151164,0,0,0,0,0,0,0,0
baseline10,dev_2021,2021,202101,turnover,9125,0.77121657099151164,9125,1,9125,1,9125,1,9125,1
full34,dev_2021,2021,202101,return,7553,0.84268213562393079,0,0,0,0,0,0,0,0
full34,dev_2021,2021,202101,turnover,9125,0.84268213562393079,9125,1,9125,1,9125,1,0,0
S4R_full34_minus3,dev_2021,2021,202102,return,5701,0.85435101579852668,0,0,0,0,0,0,0,0
S4R_full34_minus3,dev_2021,2021,202102,turnover,6840,0.85435101579852668,6840,1,6840,1,6840,1,0,0
S4R_lean31_minus4,dev_2021,2021,202102,return,5701,0.84691784127883696,0,0,0,0,0,0,0,0
S4R_lean31_minus4,dev_2021,2021,202102,turnover,6840,0.84691784127883696,6840,1,6840,1,6840,1,0,0
baseline10,dev_2021,2021,202102,return,5701,0.81357748033364274,0,0,0,0,0,0,0,0
baseline10,dev_2021,2021,202102,turnover,6840,0.81357748033364274,6840,1,6840,1,6840,1,6840,1
full34,dev_2021,2021,202102,return,5701,0.84811019847816083,0,0,0,0,0,0,0,0
full34,dev_2021,2021,202102,turnover,6840,0.84811019847816083,6840,1,6840,1,6840,1,0,0
S4R_full34_minus3,dev_2021,2021,202103,return,8799,0.89518576227136992,0,0,0,0,0,0,0,0
S4R_full34_minus3,dev_2021,2021,202103,turnover,10507,0.89518576227136992,10507,1,10507,1,10507,1,0,0
S4R_lean31_minus4,dev_2021,2021,202103,return,8799,0.89486502667643852,0,0,0,0,0,0,0,0
S4R_lean31_minus4,dev_2021,2021,202103,turnover,10507,0.89486502667643852,10507,1,10507,1,10507,1,0,0
baseline10,dev_2021,2021,202103,return,8799,0.81279084147928349,0,0,0,0,0,0,0,0
baseline10,dev_2021,2021,202103,turnover,10507,0.81279084147928349,10507,1,10507,1,10507,1,10507,1
full34,dev_2021,2021,202103,return,8799,0.88543381513026775,0,0,0,0,0,0,0,0
full34,dev_2021,2021,202103,turnover,10507,0.88543381513026775,10507,1,10507,1,10507,1,0,0
S4R_full34_minus3,dev_2021,2021,202104,return,8089,0.89046995519429728,0,0,0,0,0,0,0,0
S4R_full34_minus3,dev_2021,2021,202104,turnover,9599,0.89046995519429728,9599,1,9599,1,9599,1,0,0
S4R_lean31_minus4,dev_2021,2021,202104,return,8089,0.88439574707817892,0,0,0,0,0,0,0,0
S4R_lean31_minus4,dev_2021,2021,202104,turnover,9599,0.88439574707817892,9599,1,9599,1,9599,1,0,0
baseline10,dev_2021,2021,202104,return,8089,0.87401176948707771,0,0,0,0,0,0,0,0
baseline10,dev_2021,2021,202104,turnover,9599,0.87401176948707771,9599,1,9599,1,9599,1,9599,1
full34,dev_2021,2021,202104,return,8089,0.88853516975414237,0,0,0,0,0,0,0,0
full34,dev_2021,2021,202104,turnover,9599,0.88853516975414237,9599,1,9599,1,9599,1,0,0
S4R_full34_minus3,dev_2021,2021,202105,return,6976,0.88041242349929227,0,0,0,0,0,0,0,0
S4R_full34_minus3,dev_2021,2021,202105,turnover,8209,0.88041242349929227,8209,1,8209,1,8209,1,0,0
S4R_lean31_minus4,dev_2021,2021,202105,return,6976,0.87781927049951125,0,0,0,0,0,0,0,0
S4R_lean31_minus4,dev_2021,2021,202105,turnover,8209,0.87781927049951125,8209,1,8209,1,8209,1,0,0
baseline10,dev_2021,2021,202105,return,6976,0.85670293889191218,0,0,0,0,0,0,0,0
baseline10,dev_2021,2021,202105,turnover,8209,0.85670293889191218,8209,1,8209,1,8209,1,8209,1
full34,dev_2021,2021,202105,return,6976,0.87799379321810234,0,0,0,0,0,0,0,0
full34,dev_2021,2021,202105,turnover,8209,0.87799379321810234,8209,1,8209,1,8209,1,0,0
S4R_full34_minus3,dev_2021,2021,202106,return,8204,0.88818736746020155,0,0,0,0,0,0,0,0
S4R_full34_minus3,dev_2021,2021,202106,turnover,9583,0.88818736746020155,9583,1,9583,1,9583,1,0,0
S4R_lean31_minus4,dev_2021,2021,202106,return,8204,0.87872672912728167,0,0,0,0,0,0,0,0
S4R_lean31_minus4,dev_2021,2021,202106,turnover,9583,0.87872672912728167,9583,1,9583,1,9583,1,0,0
baseline10,dev_2021,2021,202106,return,8204,0.88938286932119559,0,0,0,0,0,0,0,0
baseline10,dev_2021,2021,202106,turnover,9583,0.88938286932119559,9583,1,9583,1,9583,1,9583,1
full34,dev_2021,2021,202106,return,8204,0.88803612272171695,0,0,0,0,0,0,0,0
full34,dev_2021,2021,202106,turnover,9583,0.88803612272171695,9583,1,9583,1,9583,1,0,0
S4R_full34_minus3,dev_2021,2021,202107,return,8678,0.88200180415959217,0,0,0,0,0,0,0,0
S4R_full34_minus3,dev_2021,2021,202107,turnover,10053,0.88200180415959217,10053,1,10053,1,10053,1,0,0
S4R_lean31_minus4,dev_2021,2021,202107,return,8678,0.88180117147606407,0,0,0,0,0,0,0,0
S4R_lean31_minus4,dev_2021,2021,202107,turnover,10053,0.88180117147606407,10053,1,10053,1,10053,1,0,0
baseline10,dev_2021,2021,202107,return,8678,0.85153705820539838,0,0,0,0,0,0,0,0
baseline10,dev_2021,2021,202107,turnover,10053,0.85153705820539838,10053,1,10053,1,10053,1,10053,1
full34,dev_2021,2021,202107,return,8678,0.87562105529937151,0,0,0,0,0,0,0,0
full34,dev_2021,2021,202107,turnover,10053,0.87562105529937151,10053,1,10053,1,10053,1,0,0
S4R_full34_minus3,dev_2021,2021,202108,return,8730,0.89302053882924648,0,0,0,0,0,0,0,0
S4R_full34_minus3,dev_2021,2021,202108,turnover,10024,0.89302053882924648,10024,1,10024,1,10024,1,0,0
S4R_lean31_minus4,dev_2021,2021,202108,return,8730,0.88848578294349523,0,0,0,0,0,0,0,0
S4R_lean31_minus4,dev_2021,2021,202108,turnover,10024,0.88848578294349523,10024,1,10024,1,10024,1,0,0
baseline10,dev_2021,2021,202108,return,8730,0.83011323117601665,0,0,0,0,0,0,0,0
baseline10,dev_2021,2021,202108,turnover,10024,0.83011323117601665,10024,1,10024,1,10024,1,10024,1
full34,dev_2021,2021,202108,return,8730,0.88528678621601709,0,0,0,0,0,0,0,0
full34,dev_2021,2021,202108,turnover,10024,0.88528678621601709,10024,1,10024,1,10024,1,0,0
S4R_full34_minus3,dev_2021,2021,202109,return,7990,0.89493728046105969,0,0,0,0,0,0,0,0
S4R_full34_minus3,dev_2021,2021,202109,turnover,9124,0.89493728046105969,9124,1,9124,1,9124,1,0,0
S4R_lean31_minus4,dev_2021,2021,202109,return,7990,0.88518458820904422,0,0,0,0,0,0,0,0
S4R_lean31_minus4,dev_2021,2021,202109,turnover,9124,0.88518458820904422,9124,1,9124,1,9124,1,0,0
baseline10,dev_2021,2021,202109,return,7990,0.84369693169860871,0,0,0,0,0,0,0,0
baseline10,dev_2021,2021,202109,turnover,9124,0.84369693169860871,9124,1,9124,1,9124,1,9124,1
full34,dev_2021,2021,202109,return,7990,0.89130502310578685,0,0,0,0,0,0,0,0
full34,dev_2021,2021,202109,turnover,9124,0.89130502310578685,9124,1,9124,1,9124,1,0,0
S4R_full34_minus3,dev_2021,2021,202110,return,6467,0.86431304127293274,0,0,0,0,0,0,0,0
S4R_full34_minus3,dev_2021,2021,202110,turnover,7328,0.86431304127293274,7328,1,7328,1,7328,1,0,0
S4R_lean31_minus4,dev_2021,2021,202110,return,6467,0.85504967790020037,0,0,0,0,0,0,0,0
S4R_lean31_minus4,dev_2021,2021,202110,turnover,7328,0.85504967790020037,7328,1,7328,1,7328,1,0,0
baseline10,dev_2021,2021,202110,return,6467,0.76487259282280795,0,0,0,0,0,0,0,0
baseline10,dev_2021,2021,202110,turnover,7328,0.76487259282280795,7328,1,7328,1,7328,1,7328,1
full34,dev_2021,2021,202110,return,6467,0.84888723264326416,0,0,0,0,0,0,0,0
full34,dev_2021,2021,202110,turnover,7328,0.84888723264326416,7328,1,7328,1,7328,1,0,0
S4R_full34_minus3,dev_2021,2021,202111,return,8910,0.89424673176004565,0,0,0,0,0,0,0,0
S4R_full34_minus3,dev_2021,2021,202111,turnover,10038,0.89424673176004565,10038,1,10038,1,10038,1,0,0
S4R_lean31_minus4,dev_2021,2021,202111,return,8910,0.88218386827851658,0,0,0,0,0,0,0,0
S4R_lean31_minus4,dev_2021,2021,202111,turnover,10038,0.88218386827851658,10038,1,10038,1,10038,1,0,0
baseline10,dev_2021,2021,202111,return,8910,0.8562342286639093,0,0,0,0,0,0,0,0
baseline10,dev_2021,2021,202111,turnover,10038,0.8562342286639093,10038,1,10038,1,10038,1,10038,1
full34,dev_2021,2021,202111,return,8910,0.88832946216426045,0,0,0,0,0,0,0,0
full34,dev_2021,2021,202111,turnover,10038,0.88832946216426045,10038,1,10038,1,10038,1,0,0
S4R_full34_minus3,dev_2021,2021,202112,return,9353,0.88924393128921586,0,0,0,0,0,0,0,0
S4R_full34_minus3,dev_2021,2021,202112,turnover,10482,0.88924393128921586,10482,1,10482,1,10482,1,0,0
S4R_lean31_minus4,dev_2021,2021,202112,return,9353,0.88647206914265742,0,0,0,0,0,0,0,0
S4R_lean31_minus4,dev_2021,2021,202112,turnover,10482,0.88647206914265742,10482,1,10482,1,10482,1,0,0
baseline10,dev_2021,2021,202112,return,9353,0.89569358918960862,0,0,0,0,0,0,0,0
baseline10,dev_2021,2021,202112,turnover,10482,0.89569358918960862,10482,1,10482,1,10482,1,10482,1
full34,dev_2021,2021,202112,return,9353,0.88431175177194288,0,0,0,0,0,0,0,0
full34,dev_2021,2021,202112,turnover,10482,0.88431175177194288,10482,1,10482,1,10482,1,0,0
S4R_full34_minus3,dev_2022,2022,202201,return,7805,0.88107418483165123,0,0,0,0,0,0,0,0
S4R_full34_minus3,dev_2022,2022,202201,turnover,8696,0.88107418483165123,8677,0.99781508739650415,8677,0.99781508739650415,8677,0.99781508739650415,0,0
S4R_lean31_minus4,dev_2022,2022,202201,return,7805,0.87905948492800157,0,0,0,0,0,0,0,0
S4R_lean31_minus4,dev_2022,2022,202201,turnover,8696,0.87905948492800157,8639,0.99344526218951246,8639,0.99344526218951246,8639,0.99344526218951246,0,0
baseline10,dev_2022,2022,202201,return,7805,0.85210488033209897,0,0,0,0,0,0,0,0
baseline10,dev_2022,2022,202201,turnover,8696,0.85210488033209897,8686,0.99885004599816007,8686,0.99885004599816007,8686,0.99885004599816007,8686,0.99885004599816007
full34,dev_2022,2022,202201,return,7805,0.87864047384558464,0,0,0,0,0,0,0,0
full34,dev_2022,2022,202201,turnover,8696,0.87864047384558464,8678,0.99793008279668816,8678,0.99793008279668816,8678,0.99793008279668816,0,0
S4R_full34_minus3,dev_2022,2022,202202,return,6591,0.86571971641199785,0,0,0,0,0,0,0,0
S4R_full34_minus3,dev_2022,2022,202202,turnover,7309,0.86571971641199785,7166,0.98043508003830893,7166,0.98043508003830893,7166,0.98043508003830893,0,0
S4R_lean31_minus4,dev_2022,2022,202202,return,6591,0.86451692763032661,0,0,0,0,0,0,0,0
S4R_lean31_minus4,dev_2022,2022,202202,turnover,7309,0.86451692763032661,7166,0.98043508003830893,7166,0.98043508003830893,7166,0.98043508003830893,0,0
baseline10,dev_2022,2022,202202,return,6591,0.82129792185522654,0,0,0,0,0,0,0,0
baseline10,dev_2022,2022,202202,turnover,7309,0.82129792185522654,7165,0.98029826241619922,7165,0.98029826241619922,7165,0.98029826241619922,7165,0.98029826241619922
full34,dev_2022,2022,202202,return,6591,0.87220757029931062,0,0,0,0,0,0,0,0
full34,dev_2022,2022,202202,turnover,7309,0.87220757029931062,7166,0.98043508003830893,7166,0.98043508003830893,7166,0.98043508003830893,0,0
S4R_full34_minus3,dev_2022,2022,202203,return,9508,0.88040377567658645,0,0,0,0,0,0,0,0
S4R_full34_minus3,dev_2022,2022,202203,turnover,10504,0.88040377567658645,9655,0.91917364813404412,9655,0.91917364813404412,9655,0.91917364813404412,0,0
S4R_lean31_minus4,dev_2022,2022,202203,return,9508,0.88072062673097162,0,0,0,0,0,0,0,0
S4R_lean31_minus4,dev_2022,2022,202203,turnover,10504,0.88072062673097162,9532,0.90746382330540742,9532,0.90746382330540742,9532,0.90746382330540742,0,0
baseline10,dev_2022,2022,202203,return,9508,0.83862094420276401,0,0,0,0,0,0,0,0
baseline10,dev_2022,2022,202203,turnover,10504,0.83862094420276401,9906,0.94306930693069302,9906,0.94306930693069302,9906,0.94306930693069302,9906,0.94306930693069302
full34,dev_2022,2022,202203,return,9508,0.86950955915916883,0,0,0,0,0,0,0,0
full34,dev_2022,2022,202203,turnover,10504,0.86950955915916883,9674,0.92098248286367101,9674,0.92098248286367101,9674,0.92098248286367101,0,0
S4R_full34_minus3,dev_2022,2022,202204,return,7864,0.84948987446201918,0,0,0,0,0,0,0,0
S4R_full34_minus3,dev_2022,2022,202204,turnover,8666,0.84948987446201918,6929,0.79956150473113319,6928,0.79944611123932607,6928,0.79944611123932607,0,0
S4R_lean31_minus4,dev_2022,2022,202204,return,7864,0.84630936752284081,0,0,0,0,0,0,0,0
S4R_lean31_minus4,dev_2022,2022,202204,turnover,8666,0.84630936752284081,6529,0.75340410800830837,6524,0.75282714054927302,6524,0.75282714054927302,0,0
baseline10,dev_2022,2022,202204,return,7864,0.85774393130286886,0,0,0,0,0,0,0,0
baseline10,dev_2022,2022,202204,turnover,8666,0.85774393130286886,7931,0.91518578352180935,7930,0.91507039003000235,7930,0.91507039003000235,7930,0.91507039003000235
full34,dev_2022,2022,202204,return,7864,0.84208291776124866,0,0,0,0,0,0,0,0
full34,dev_2022,2022,202204,turnover,8666,0.84208291776124866,7101,0.81940918532194784,7100,0.81929379183014073,7100,0.81929379183014073,0,0
S4R_full34_minus3,dev_2022,2022,202205,return,7829,0.86748333383504039,0,0,0,0,0,0,0,0
S4R_full34_minus3,dev_2022,2022,202205,turnover,8619,0.86748333383504039,7839,0.9095022624434389,7836,0.90915419422206756,7836,0.90915419422206756,0,0
S4R_lean31_minus4,dev_2022,2022,202205,return,7829,0.84971218047562624,0,0,0,0,0,0,0,0
S4R_lean31_minus4,dev_2022,2022,202205,turnover,8619,0.84971218047562624,7831,0.90857408051978183,7828,0.90822601229841049,7828,0.90822601229841049,0,0
baseline10,dev_2022,2022,202205,return,7829,0.83894052117230655,0,0,0,0,0,0,0,0
baseline10,dev_2022,2022,202205,turnover,8619,0.83894052117230655,7836,0.90915419422206756,7836,0.90915419422206756,7836,0.90915419422206756,7836,0.90915419422206756
full34,dev_2022,2022,202205,return,7829,0.86993474680983407,0,0,0,0,0,0,0,0
full34,dev_2022,2022,202205,turnover,8619,0.86993474680983407,7839,0.9095022624434389,7836,0.90915419422206756,7836,0.90915419422206756,0,0
S4R_full34_minus3,dev_2022,2022,202206,return,8740,0.89449387980808548,0,0,0,0,0,0,0,0
S4R_full34_minus3,dev_2022,2022,202206,turnover,9569,0.89449387980808548,8246,0.86174103877103148,8246,0.86174103877103148,8246,0.86174103877103148,0,0
S4R_lean31_minus4,dev_2022,2022,202206,return,8740,0.86199347965192952,0,0,0,0,0,0,0,0
S4R_lean31_minus4,dev_2022,2022,202206,turnover,9569,0.86199347965192952,8246,0.86174103877103148,8246,0.86174103877103148,8246,0.86174103877103148,0,0
baseline10,dev_2022,2022,202206,return,8740,0.90265424731401955,0,0,0,0,0,0,0,0
baseline10,dev_2022,2022,202206,turnover,9569,0.90265424731401955,8247,0.86184554289894455,8246,0.86174103877103148,8246,0.86174103877103148,8246,0.86174103877103148
full34,dev_2022,2022,202206,return,8740,0.89401468747098867,0,0,0,0,0,0,0,0
full34,dev_2022,2022,202206,turnover,9569,0.89401468747098867,8247,0.86184554289894455,8246,0.86174103877103148,8246,0.86174103877103148,0,0
S4R_full34_minus3,dev_2022,2022,202207,return,8806,0.89339559768797117,0,0,0,0,0,0,0,0
S4R_full34_minus3,dev_2022,2022,202207,turnover,9583,0.89339559768797117,7737,0.80736721277261814,7737,0.80736721277261814,7737,0.80736721277261814,0,0
S4R_lean31_minus4,dev_2022,2022,202207,return,8806,0.88507431660033575,0,0,0,0,0,0,0,0
S4R_lean31_minus4,dev_2022,2022,202207,turnover,9583,0.88507431660033575,7737,0.80736721277261814,7737,0.80736721277261814,7737,0.80736721277261814,0,0
baseline10,dev_2022,2022,202207,return,8806,0.88967221842580879,0,0,0,0,0,0,0,0
baseline10,dev_2022,2022,202207,turnover,9583,0.88967221842580879,7737,0.80736721277261814,7737,0.80736721277261814,7737,0.80736721277261814,7737,0.80736721277261814
full34,dev_2022,2022,202207,return,8806,0.88998780064683936,0,0,0,0,0,0,0,0
full34,dev_2022,2022,202207,turnover,9583,0.88998780064683936,7737,0.80736721277261814,7737,0.80736721277261814,7737,0.80736721277261814,0,0
S4R_full34_minus3,dev_2022,2022,202208,return,9680,0.88718342590810262,0,0,0,0,0,0,0,0
S4R_full34_minus3,dev_2022,2022,202208,turnover,10520,0.88718342590810262,8421,0.80047528517110267,8421,0.80047528517110267,8421,0.80047528517110267,0,0
S4R_lean31_minus4,dev_2022,2022,202208,return,9680,0.88609990503052605,0,0,0,0,0,0,0,0
S4R_lean31_minus4,dev_2022,2022,202208,turnover,10520,0.88609990503052605,8421,0.80047528517110267,8421,0.80047528517110267,8421,0.80047528517110267,0,0
baseline10,dev_2022,2022,202208,return,9680,0.88036674614227628,0,0,0,0,0,0,0,0
baseline10,dev_2022,2022,202208,turnover,10520,0.88036674614227628,8424,0.80076045627376424,8421,0.80047528517110267,8421,0.80047528517110267,8421,0.80047528517110267
full34,dev_2022,2022,202208,return,9680,0.88767553034245739,0,0,0,0,0,0,0,0
full34,dev_2022,2022,202208,turnover,10520,0.88767553034245739,8421,0.80047528517110267,8421,0.80047528517110267,8421,0.80047528517110267,0,0
S4R_full34_minus3,dev_2022,2022,202209,return,8885,0.85278498528446633,0,0,0,0,0,0,0,0
S4R_full34_minus3,dev_2022,2022,202209,turnover,9656,0.85278498528446633,7689,0.79629246064623027,7687,0.7960853355426678,7687,0.7960853355426678,0,0
S4R_lean31_minus4,dev_2022,2022,202209,return,8885,0.83911112617310157,0,0,0,0,0,0,0,0
S4R_lean31_minus4,dev_2022,2022,202209,turnover,9656,0.83911112617310157,7690,0.79639602319801162,7687,0.7960853355426678,7687,0.7960853355426678,0,0
baseline10,dev_2022,2022,202209,return,8885,0.81652329854362649,0,0,0,0,0,0,0,0
baseline10,dev_2022,2022,202209,turnover,9656,0.81652329854362649,7687,0.7960853355426678,7687,0.7960853355426678,7687,0.7960853355426678,7687,0.7960853355426678
full34,dev_2022,2022,202209,return,8885,0.85512092011006602,0,0,0,0,0,0,0,0
full34,dev_2022,2022,202209,turnover,9656,0.85512092011006602,7690,0.79639602319801162,7687,0.7960853355426678,7687,0.7960853355426678,0,0
S4R_full34_minus3,dev_2022,2022,202210,return,6742,0.87552602446137162,0,0,0,0,0,0,0,0
S4R_full34_minus3,dev_2022,2022,202210,turnover,7332,0.87552602446137162,5892,0.80360065466448449,5892,0.80360065466448449,5892,0.80360065466448449,0,0
S4R_lean31_minus4,dev_2022,2022,202210,return,6742,0.87680047959825547,0,0,0,0,0,0,0,0
S4R_lean31_minus4,dev_2022,2022,202210,turnover,7332,0.87680047959825547,5892,0.80360065466448449,5892,0.80360065466448449,5892,0.80360065466448449,0,0
baseline10,dev_2022,2022,202210,return,6742,0.79480980350136987,0,0,0,0,0,0,0,0
baseline10,dev_2022,2022,202210,turnover,7332,0.79480980350136987,5892,0.80360065466448449,5892,0.80360065466448449,5892,0.80360065466448449,5892,0.80360065466448449
full34,dev_2022,2022,202210,return,6742,0.87971112376891059,0,0,0,0,0,0,0,0
full34,dev_2022,2022,202210,turnover,7332,0.87971112376891059,5892,0.80360065466448449,5892,0.80360065466448449,5892,0.80360065466448449,0,0
S4R_full34_minus3,dev_2022,2022,202211,return,9264,0.90990151239689254,0,0,0,0,0,0,0,0
S4R_full34_minus3,dev_2022,2022,202211,turnover,10074,0.90990151239689254,8077,0.80176692475679967,8077,0.80176692475679967,8077,0.80176692475679967,0,0
S4R_lean31_minus4,dev_2022,2022,202211,return,9264,0.89860822551477115,0,0,0,0,0,0,0,0
S4R_lean31_minus4,dev_2022,2022,202211,turnover,10074,0.89860822551477115,8077,0.80176692475679967,8077,0.80176692475679967,8077,0.80176692475679967,0,0
baseline10,dev_2022,2022,202211,return,9264,0.88569927139790439,0,0,0,0,0,0,0,0
baseline10,dev_2022,2022,202211,turnover,10074,0.88569927139790439,8078,0.80186619019257499,8077,0.80176692475679967,8077,0.80176692475679967,8077,0.80176692475679967
full34,dev_2022,2022,202211,return,9264,0.90854272954627013,0,0,0,0,0,0,0,0
full34,dev_2022,2022,202211,turnover,10074,0.90854272954627013,8077,0.80176692475679967,8077,0.80176692475679967,8077,0.80176692475679967,0,0
S4R_full34_minus3,dev_2022,2022,202212,return,9299,0.87274575179633407,0,0,0,0,0,0,0,0
S4R_full34_minus3,dev_2022,2022,202212,turnover,10113,0.87274575179633407,8089,0.79986156432314848,8088,0.79976268169682585,8088,0.79976268169682585,0,0
S4R_lean31_minus4,dev_2022,2022,202212,return,9299,0.86997431564904315,0,0,0,0,0,0,0,0
S4R_lean31_minus4,dev_2022,2022,202212,turnover,10113,0.86997431564904315,8089,0.79986156432314848,8088,0.79976268169682585,8088,0.79976268169682585,0,0
baseline10,dev_2022,2022,202212,return,9299,0.87812352595653997,0,0,0,0,0,0,0,0
baseline10,dev_2022,2022,202212,turnover,10113,0.87812352595653997,8088,0.79976268169682585,8088,0.79976268169682585,8088,0.79976268169682585,8088,0.79976268169682585
full34,dev_2022,2022,202212,return,9299,0.86851051468760432,0,0,0,0,0,0,0,0
full34,dev_2022,2022,202212,turnover,10113,0.86851051468760432,8089,0.79986156432314848,8088,0.79976268169682585,8088,0.79976268169682585,0,0
S4R_full34_minus3,primary_2023,2023,202301,return,6765,0.88753904381087889,0,0,0,0,0,0,0,0
S4R_full34_minus3,primary_2023,2023,202301,turnover,7359,0.88753904381087889,5898,0.80146759070525886,5898,0.80146759070525886,5898,0.80146759070525886,0,0
S4R_lean31_minus4,primary_2023,2023,202301,return,6765,0.8790640612744115,0,0,0,0,0,0,0,0
S4R_lean31_minus4,primary_2023,2023,202301,turnover,7359,0.8790640612744115,5898,0.80146759070525886,5898,0.80146759070525886,5898,0.80146759070525886,0,0
baseline10,primary_2023,2023,202301,return,6765,0.87174867225355401,0,0,0,0,0,0,0,0
baseline10,primary_2023,2023,202301,turnover,7359,0.87174867225355401,5898,0.80146759070525886,5898,0.80146759070525886,5898,0.80146759070525886,5898,0.80146759070525886
full34,primary_2023,2023,202301,return,6765,0.89241748026240164,0,0,0,0,0,0,0,0
full34,primary_2023,2023,202301,turnover,7359,0.89241748026240164,5898,0.80146759070525886,5898,0.80146759070525886,5898,0.80146759070525886,0,0
S4R_full34_minus3,primary_2023,2023,202302,return,8482,0.89846960719249547,0,0,0,0,0,0,0,0
S4R_full34_minus3,primary_2023,2023,202302,turnover,9225,0.89846960719249547,7413,0.80357723577235773,7413,0.80357723577235773,7413,0.80357723577235773,0,0
S4R_lean31_minus4,primary_2023,2023,202302,return,8482,0.91106377156096874,0,0,0,0,0,0,0,0
S4R_lean31_minus4,primary_2023,2023,202302,turnover,9225,0.91106377156096874,7413,0.80357723577235773,7413,0.80357723577235773,7413,0.80357723577235773,0,0
baseline10,primary_2023,2023,202302,return,8482,0.896596983512157,0,0,0,0,0,0,0,0
baseline10,primary_2023,2023,202302,turnover,9225,0.896596983512157,7414,0.80368563685636851,7413,0.80357723577235773,7413,0.80357723577235773,7413,0.80357723577235773
full34,primary_2023,2023,202302,return,8482,0.90248857166859531,0,0,0,0,0,0,0,0
full34,primary_2023,2023,202302,turnover,9225,0.90248857166859531,7413,0.80357723577235773,7413,0.80357723577235773,7413,0.80357723577235773,0,0
S4R_full34_minus3,primary_2023,2023,202303,return,9767,0.87926694327646704,0,0,0,0,0,0,0,0
S4R_full34_minus3,primary_2023,2023,202303,turnover,10619,0.87926694327646704,8518,0.80214709483002167,8518,0.80214709483002167,8518,0.80214709483002167,0,0
S4R_lean31_minus4,primary_2023,2023,202303,return,9767,0.88215021325995391,0,0,0,0,0,0,0,0
S4R_lean31_minus4,primary_2023,2023,202303,turnover,10619,0.88215021325995391,8519,0.80224126565589982,8518,0.80214709483002167,8518,0.80214709483002167,0,0
baseline10,primary_2023,2023,202303,return,9767,0.87267550994437615,0,0,0,0,0,0,0,0
baseline10,primary_2023,2023,202303,turnover,10619,0.87267550994437615,8518,0.80214709483002167,8518,0.80214709483002167,8518,0.80214709483002167,8518,0.80214709483002167
full34,primary_2023,2023,202303,return,9767,0.87327740455120306,0,0,0,0,0,0,0,0
full34,primary_2023,2023,202303,turnover,10619,0.87327740455120306,8518,0.80214709483002167,8518,0.80214709483002167,8518,0.80214709483002167,0,0
S4R_full34_minus3,primary_2023,2023,202304,return,8033,0.87916966242490702,0,0,0,0,0,0,0,0
S4R_full34_minus3,primary_2023,2023,202304,turnover,8756,0.87916966242490702,7146,0.81612608497030603,7138,0.8152124257651896,7138,0.8152124257651896,0,0
S4R_lean31_minus4,primary_2023,2023,202304,return,8033,0.86946286373214765,0,0,0,0,0,0,0,0
S4R_lean31_minus4,primary_2023,2023,202304,turnover,8756,0.86946286373214765,7148,0.81635449977158525,7138,0.8152124257651896,7138,0.8152124257651896,0,0
baseline10,primary_2023,2023,202304,return,8033,0.8317273009910281,0,0,0,0,0,0,0,0
baseline10,primary_2023,2023,202304,turnover,8756,0.8317273009910281,7141,0.81555504796710832,7138,0.8152124257651896,7138,0.8152124257651896,7138,0.8152124257651896
full34,primary_2023,2023,202304,return,8033,0.87522359058298593,0,0,0,0,0,0,0,0
full34,primary_2023,2023,202304,turnover,8756,0.87522359058298593,7145,0.81601187756966653,7138,0.8152124257651896,7138,0.8152124257651896,0,0
S4R_full34_minus3,primary_2023,2023,202305,return,8404,0.84749891698024027,0,0,0,0,0,0,0,0
S4R_full34_minus3,primary_2023,2023,202305,turnover,9201,0.84749891698024027,7972,0.86642756222149764,7972,0.86642756222149764,7972,0.86642756222149764,0,0
S4R_lean31_minus4,primary_2023,2023,202305,return,8404,0.83821756145611537,0,0,0,0,0,0,0,0
S4R_lean31_minus4,primary_2023,2023,202305,turnover,9201,0.83821756145611537,7972,0.86642756222149764,7972,0.86642756222149764,7972,0.86642756222149764,0,0
baseline10,primary_2023,2023,202305,return,8404,0.77749347115111767,0,0,0,0,0,0,0,0
baseline10,primary_2023,2023,202305,turnover,9201,0.77749347115111767,7972,0.86642756222149764,7972,0.86642756222149764,7972,0.86642756222149764,7972,0.86642756222149764
full34,primary_2023,2023,202305,return,8404,0.84588904305499302,0,0,0,0,0,0,0,0
full34,primary_2023,2023,202305,turnover,9201,0.84588904305499302,7972,0.86642756222149764,7972,0.86642756222149764,7972,0.86642756222149764,0,0
S4R_full34_minus3,primary_2023,2023,202306,return,8536,0.88262140656147958,0,0,0,0,0,0,0,0
S4R_full34_minus3,primary_2023,2023,202306,turnover,9178,0.88262140656147958,6405,0.69786445848768797,6404,0.69775550228808014,6404,0.69775550228808014,0,0
S4R_lean31_minus4,primary_2023,2023,202306,return,8536,0.87293360256488017,0,0,0,0,0,0,0,0
S4R_lean31_minus4,primary_2023,2023,202306,turnover,9178,0.87293360256488017,6406,0.69797341468729568,6404,0.69775550228808014,6404,0.69775550228808014,0,0
baseline10,primary_2023,2023,202306,return,8536,0.86751659825694993,0,0,0,0,0,0,0,0
baseline10,primary_2023,2023,202306,turnover,9178,0.86751659825694993,6404,0.69775550228808014,6404,0.69775550228808014,6404,0.69775550228808014,6404,0.69775550228808014
full34,primary_2023,2023,202306,return,8536,0.88682986285801135,0,0,0,0,0,0,0,0
full34,primary_2023,2023,202306,turnover,9178,0.88682986285801135,6406,0.69797341468729568,6404,0.69775550228808014,6404,0.69775550228808014,0,0
S4R_full34_minus3,primary_2023,2023,202307,return,9279,0.87825469719165417,0,0,0,0,0,0,0,0
S4R_full34_minus3,primary_2023,2023,202307,turnover,9673,0.87825469719165417,3901,0.40328750129225682,3901,0.40328750129225682,3901,0.40328750129225682,0,0
S4R_lean31_minus4,primary_2023,2023,202307,return,9279,0.88526537857518628,0,0,0,0,0,0,0,0
S4R_lean31_minus4,primary_2023,2023,202307,turnover,9673,0.88526537857518628,3901,0.40328750129225682,3901,0.40328750129225682,3901,0.40328750129225682,0,0
baseline10,primary_2023,2023,202307,return,9279,0.84463963075945991,0,0,0,0,0,0,0,0
baseline10,primary_2023,2023,202307,turnover,9673,0.84463963075945991,3901,0.40328750129225682,3901,0.40328750129225682,3901,0.40328750129225682,3901,0.40328750129225682
full34,primary_2023,2023,202307,return,9279,0.88088038806918567,0,0,0,0,0,0,0,0
full34,primary_2023,2023,202307,turnover,9673,0.88088038806918567,3901,0.40328750129225682,3901,0.40328750129225682,3901,0.40328750129225682,0,0
S4R_full34_minus3,primary_2023,2023,202308,return,10216,0.86282756078272427,0,0,0,0,0,0,0,0
S4R_full34_minus3,primary_2023,2023,202308,turnover,10601,0.86282756078272427,3856,0.3637392698802,3856,0.3637392698802,3856,0.3637392698802,0,0
S4R_lean31_minus4,primary_2023,2023,202308,return,10216,0.86888337706357899,0,0,0,0,0,0,0,0
S4R_lean31_minus4,primary_2023,2023,202308,turnover,10601,0.86888337706357899,3857,0.36383360060371661,3856,0.3637392698802,3856,0.3637392698802,0,0
baseline10,primary_2023,2023,202308,return,10216,0.84270100652384283,0,0,0,0,0,0,0,0
baseline10,primary_2023,2023,202308,turnover,10601,0.84270100652384283,3857,0.36383360060371661,3856,0.3637392698802,3856,0.3637392698802,3856,0.3637392698802
full34,primary_2023,2023,202308,return,10216,0.86182822328652064,0,0,0,0,0,0,0,0
full34,primary_2023,2023,202308,turnover,10601,0.86182822328652064,3857,0.36383360060371661,3856,0.3637392698802,3856,0.3637392698802,0,0
S4R_full34_minus3,primary_2023,2023,202309,return,8906,0.87338690934686358,0,0,0,0,0,0,0,0
S4R_full34_minus3,primary_2023,2023,202309,turnover,9217,0.87338690934686358,3102,0.33655202343495716,3101,0.33644352826299229,3101,0.33644352826299229,0,0
S4R_lean31_minus4,primary_2023,2023,202309,return,8906,0.87882867919699525,0,0,0,0,0,0,0,0
S4R_lean31_minus4,primary_2023,2023,202309,turnover,9217,0.87882867919699525,3102,0.33655202343495716,3101,0.33644352826299229,3101,0.33644352826299229,0,0
baseline10,primary_2023,2023,202309,return,8906,0.85073716057951088,0,0,0,0,0,0,0,0
baseline10,primary_2023,2023,202309,turnover,9217,0.85073716057951088,3102,0.33655202343495716,3101,0.33644352826299229,3101,0.33644352826299229,3101,0.33644352826299229
full34,primary_2023,2023,202309,return,8906,0.87701450704032968,0,0,0,0,0,0,0,0
full34,primary_2023,2023,202309,turnover,9217,0.87701450704032968,3102,0.33655202343495716,3101,0.33644352826299229,3101,0.33644352826299229,0,0
S4R_full34_minus3,primary_2023,2023,202310,return,7560,0.86697089926496418,0,0,0,0,0,0,0,0
S4R_full34_minus3,primary_2023,2023,202310,turnover,7811,0.86697089926496418,2508,0.32108564844450133,2508,0.32108564844450133,2508,0.32108564844450133,0,0
S4R_lean31_minus4,primary_2023,2023,202310,return,7560,0.85755257971389087,0,0,0,0,0,0,0,0
S4R_lean31_minus4,primary_2023,2023,202310,turnover,7811,0.85755257971389087,2509,0.32121367302522086,2508,0.32108564844450133,2508,0.32108564844450133,0,0
baseline10,primary_2023,2023,202310,return,7560,0.838423572697507,0,0,0,0,0,0,0,0
baseline10,primary_2023,2023,202310,turnover,7811,0.838423572697507,2509,0.32121367302522086,2508,0.32108564844450133,2508,0.32108564844450133,2508,0.32108564844450133
full34,primary_2023,2023,202310,return,7560,0.8673839029674052,0,0,0,0,0,0,0,0
full34,primary_2023,2023,202310,turnover,7811,0.8673839029674052,2510,0.32134169760594034,2508,0.32108564844450133,2508,0.32108564844450133,0,0
S4R_full34_minus3,primary_2023,2023,202311,return,9808,0.88696320987332022,0,0,0,0,0,0,0,0
S4R_full34_minus3,primary_2023,2023,202311,turnover,10119,0.88696320987332022,3070,0.30338966301017889,3070,0.30338966301017889,3070,0.30338966301017889,0,0
S4R_lean31_minus4,primary_2023,2023,202311,return,9808,0.89483220822693288,0,0,0,0,0,0,0,0
S4R_lean31_minus4,primary_2023,2023,202311,turnover,10119,0.89483220822693288,3070,0.30338966301017889,3070,0.30338966301017889,3070,0.30338966301017889,0,0
baseline10,primary_2023,2023,202311,return,9808,0.88199481021224924,0,0,0,0,0,0,0,0
baseline10,primary_2023,2023,202311,turnover,10119,0.88199481021224924,3071,0.3034884870046447,3070,0.30338966301017889,3070,0.30338966301017889,3070,0.30338966301017889
full34,primary_2023,2023,202311,return,9808,0.89174408238992231,0,0,0,0,0,0,0,0
full34,primary_2023,2023,202311,turnover,10119,0.89174408238992231,3070,0.30338966301017889,3070,0.30338966301017889,3070,0.30338966301017889,0,0
S4R_full34_minus3,primary_2023,2023,202312,return,9386,0.85906611740956507,0,0,0,0,0,0,0,0
S4R_full34_minus3,primary_2023,2023,202312,turnover,9665,0.85906611740956507,2778,0.28742886704604242,2774,0.28701500258665286,2774,0.28701500258665286,0,0
S4R_lean31_minus4,primary_2023,2023,202312,return,9386,0.86259698019896602,0,0,0,0,0,0,0,0
S4R_lean31_minus4,primary_2023,2023,202312,turnover,9665,0.86259698019896602,2778,0.28742886704604242,2774,0.28701500258665286,2774,0.28701500258665286,0,0
baseline10,primary_2023,2023,202312,return,9386,0.85434304236192782,0,0,0,0,0,0,0,0
baseline10,primary_2023,2023,202312,turnover,9665,0.85434304236192782,2778,0.28742886704604242,2774,0.28701500258665286,2774,0.28701500258665286,2774,0.28701500258665286
full34,primary_2023,2023,202312,return,9386,0.86088426463203072,0,0,0,0,0,0,0,0
full34,primary_2023,2023,202312,turnover,9665,0.86088426463203072,2778,0.28742886704604242,2774,0.28701500258665286,2774,0.28701500258665286,0,0
S4R_full34_minus3,oos_2024,2024,202401,return,9850,0.86357007686240705,0,0,0,0,0,0,0,0
S4R_full34_minus3,oos_2024,2024,202401,turnover,10122,0.86357007686240705,2357,0.23285911875123494,2356,0.23276032404663111,2356,0.23276032404663111,0,0
S4R_lean31_minus4,oos_2024,2024,202401,return,9850,0.86227053777782692,0,0,0,0,0,0,0,0
S4R_lean31_minus4,oos_2024,2024,202401,turnover,10122,0.86227053777782692,1633,0.16133175261805968,1632,0.16123295791345585,1632,0.16123295791345585,0,0
baseline10,oos_2024,2024,202401,return,9850,0.78262929117489455,0,0,0,0,0,0,0,0
baseline10,oos_2024,2024,202401,turnover,10122,0.78262929117489455,2716,0.26832641770401106,2715,0.26822762299940722,2715,0.26822762299940722,2715,0.26822762299940722
S4R_full34_minus3,oos_2024,2024,202402,return,6589,0.88157155116406516,0,0,0,0,0,0,0,0
S4R_full34_minus3,oos_2024,2024,202402,turnover,6766,0.88157155116406516,701,0.10360626662725392,700,0.10345846881466154,700,0.10345846881466154,0,0
S4R_lean31_minus4,oos_2024,2024,202402,return,6589,0.86384347435098041,0,0,0,0,0,0,0,0
S4R_lean31_minus4,oos_2024,2024,202402,turnover,6766,0.86384347435098041,1,0.00014779781259237365,0,0,0,0,0,0
baseline10,oos_2024,2024,202402,return,6589,0.8892194415694904,0,0,0,0,0,0,0,0
baseline10,oos_2024,2024,202402,turnover,6766,0.8892194415694904,1756,0.25953295891220812,1756,0.25953295891220812,1756,0.25953295891220812,1756,0.25953295891220812
S4R_full34_minus3,oos_2024,2024,202403,return,9351,0.8345512635485387,0,0,0,0,0,0,0,0
S4R_full34_minus3,oos_2024,2024,202403,turnover,9602,0.8345512635485387,2491,0.25942511976671528,2490,0.25932097479691729,2490,0.25932097479691729,0,0
S4R_lean31_minus4,oos_2024,2024,202403,return,9351,0.80363573231932572,0,0,0,0,0,0,0,0
S4R_lean31_minus4,oos_2024,2024,202403,turnover,9602,0.80363573231932572,953,0.099250156217454699,951,0.099041866277858784,951,0.099041866277858784,0,0
baseline10,oos_2024,2024,202403,return,9351,0.84793724494510025,0,0,0,0,0,0,0,0
baseline10,oos_2024,2024,202403,turnover,9602,0.84793724494510025,2492,0.25952926473651322,2490,0.25932097479691729,2490,0.25932097479691729,2490,0.25932097479691729
S4R_full34_minus3,oos_2024,2024,202404,return,8904,0.84944812379839063,0,0,0,0,0,0,0,0
S4R_full34_minus3,oos_2024,2024,202404,turnover,9143,0.84944812379839063,2088,0.22837143169637975,2079,0.22738707207699879,2079,0.22738707207699879,0,0
S4R_lean31_minus4,oos_2024,2024,202404,return,8904,0.84412647302055088,0,0,0,0,0,0,0,0
S4R_lean31_minus4,oos_2024,2024,202404,turnover,9143,0.84412647302055088,888,0.097123482445586787,866,0.09471727004265558,866,0.09471727004265558,0,0
baseline10,oos_2024,2024,202404,return,8904,0.83787959720811678,0,0,0,0,0,0,0,0
baseline10,oos_2024,2024,202404,turnover,9143,0.83787959720811678,2314,0.25308979547194577,2296,0.25112107623318386,2296,0.25112107623318386,2296,0.25112107623318386
S4R_full34_minus3,oos_2024,2024,202405,return,8916,0.88752361045320693,0,0,0,0,0,0,0,0
S4R_full34_minus3,oos_2024,2024,202405,turnover,9177,0.88752361045320693,2580,0.28113762667538411,2579,0.28102865860302934,2579,0.28102865860302934,0,0
S4R_lean31_minus4,oos_2024,2024,202405,return,8916,0.89626959347793844,0,0,0,0,0,0,0,0
S4R_lean31_minus4,oos_2024,2024,202405,turnover,9177,0.89626959347793844,2247,0.24485125858123569,2245,0.24463332243652611,2245,0.24463332243652611,0,0
baseline10,oos_2024,2024,202405,return,8916,0.86188468250209627,0,0,0,0,0,0,0,0
baseline10,oos_2024,2024,202405,turnover,9177,0.86188468250209627,2585,0.2816824670371581,2579,0.28102865860302934,2579,0.28102865860302934,2579,0.28102865860302934
S4R_full34_minus3,oos_2024,2024,202406,return,8475,0.79585537189172073,0,0,0,0,0,0,0,0
S4R_full34_minus3,oos_2024,2024,202406,turnover,8730,0.79585537189172073,2476,0.2836197021764032,2474,0.2833906071019473,2474,0.2833906071019473,0,0
S4R_lean31_minus4,oos_2024,2024,202406,return,8475,0.77351177541643901,0,0,0,0,0,0,0,0
S4R_lean31_minus4,oos_2024,2024,202406,turnover,8730,0.77351177541643901,1420,0.16265750286368844,1418,0.16242840778923254,1418,0.16242840778923254,0,0
baseline10,oos_2024,2024,202406,return,8475,0.75668877332166229,0,0,0,0,0,0,0,0
baseline10,oos_2024,2024,202406,turnover,8730,0.75668877332166229,2480,0.284077892325315,2474,0.2833906071019473,2474,0.2833906071019473,2474,0.2833906071019473
S4R_full34_minus3,oos_2024,2024,202407,return,10228,0.85977980569826773,0,0,0,0,0,0,0,0
S4R_full34_minus3,oos_2024,2024,202407,turnover,10546,0.85977980569826773,3000,0.28446804475630572,3000,0.28446804475630572,3000,0.28446804475630572,0,0
S4R_lean31_minus4,oos_2024,2024,202407,return,10228,0.82795549737003615,0,0,0,0,0,0,0,0
S4R_lean31_minus4,oos_2024,2024,202407,turnover,10546,0.82795549737003615,2576,0.24426322776408116,2575,0.24416840508249574,2575,0.24416840508249574,0,0
baseline10,oos_2024,2024,202407,return,10228,0.82316757533429719,0,0,0,0,0,0,0,0
baseline10,oos_2024,2024,202407,turnover,10546,0.82316757533429719,3132,0.29698463872558317,3131,0.29688981604399772,3131,0.29688981604399772,3131,0.29688981604399772
S4R_full34_minus3,oos_2024,2024,202408,return,9794,0.88180985034345938,0,0,0,0,0,0,0,0
S4R_full34_minus3,oos_2024,2024,202408,turnover,10096,0.88180985034345938,3006,0.29774167987321709,3005,0.29764263074484942,3005,0.29764263074484942,0,0
S4R_lean31_minus4,oos_2024,2024,202408,return,9794,0.88911030643076971,0,0,0,0,0,0,0,0
S4R_lean31_minus4,oos_2024,2024,202408,turnover,10096,0.88911030643076971,2307,0.22850633914421553,2306,0.22840729001584786,2306,0.22840729001584786,0,0
baseline10,oos_2024,2024,202408,return,9794,0.84330532305168415,0,0,0,0,0,0,0,0
baseline10,oos_2024,2024,202408,turnover,10096,0.84330532305168415,3005,0.29764263074484942,3005,0.29764263074484942,3005,0.29764263074484942,3005,0.29764263074484942
S4R_full34_minus3,oos_2024,2024,202409,return,8362,0.89268837208294161,0,0,0,0,0,0,0,0
S4R_full34_minus3,oos_2024,2024,202409,turnover,8624,0.89268837208294161,2594,0.30078849721706863,2594,0.30078849721706863,2594,0.30078849721706863,0,0
S4R_lean31_minus4,oos_2024,2024,202409,return,8362,0.88944465747267232,0,0,0,0,0,0,0,0
S4R_lean31_minus4,oos_2024,2024,202409,turnover,8624,0.88944465747267232,1820,0.21103896103896103,1820,0.21103896103896103,1820,0.21103896103896103,0,0
baseline10,oos_2024,2024,202409,return,8362,0.85554701429422841,0,0,0,0,0,0,0,0
baseline10,oos_2024,2024,202409,turnover,8624,0.85554701429422841,2595,0.30090445269016697,2594,0.30078849721706863,2594,0.30078849721706863,2594,0.30078849721706863
S4R_full34_minus3,oos_2024,2024,202410,return,7837,0.90168578218474538,0,0,0,0,0,0,0,0
S4R_full34_minus3,oos_2024,2024,202410,turnover,8077,0.90168578218474538,2248,0.27832115884610625,2248,0.27832115884610625,2248,0.27832115884610625,0,0
S4R_lean31_minus4,oos_2024,2024,202410,return,7837,0.88865570444317155,0,0,0,0,0,0,0,0
S4R_lean31_minus4,oos_2024,2024,202410,turnover,8077,0.88865570444317155,529,0.065494614337006318,529,0.065494614337006318,529,0.065494614337006318,0,0
baseline10,oos_2024,2024,202410,return,7837,0.90361078495185587,0,0,0,0,0,0,0,0
baseline10,oos_2024,2024,202410,turnover,8077,0.90361078495185587,2389,0.29577813544632908,2388,0.29565432710164663,2388,0.29565432710164663,2388,0.29565432710164663
S4R_full34_minus3,oos_2024,2024,202411,return,9211,0.90211728673701264,0,0,0,0,0,0,0,0
S4R_full34_minus3,oos_2024,2024,202411,turnover,9483,0.90211728673701264,2675,0.2820837287778129,2675,0.2820837287778129,2675,0.2820837287778129,0,0
S4R_lean31_minus4,oos_2024,2024,202411,return,9211,0.90709088594161036,0,0,0,0,0,0,0,0
S4R_lean31_minus4,oos_2024,2024,202411,turnover,9483,0.90709088594161036,948,0.099968364441632401,948,0.099968364441632401,948,0.099968364441632401,0,0
baseline10,oos_2024,2024,202411,return,9211,0.88771550458191284,0,0,0,0,0,0,0,0
baseline10,oos_2024,2024,202411,turnover,9483,0.88771550458191284,2676,0.28218918063903831,2675,0.2820837287778129,2675,0.2820837287778129,2675,0.2820837287778129
S4R_full34_minus3,oos_2024,2024,202412,return,9721,0.8610696072647861,0,0,0,0,0,0,0,0
S4R_full34_minus3,oos_2024,2024,202412,turnover,9997,0.8610696072647861,2727,0.27278183455036509,2725,0.27258177453235971,2725,0.27258177453235971,0,0
S4R_lean31_minus4,oos_2024,2024,202412,return,9721,0.8594311677503953,0,0,0,0,0,0,0,0
S4R_lean31_minus4,oos_2024,2024,202412,turnover,9997,0.8594311677503953,1956,0.19565869760928278,1956,0.19565869760928278,1956,0.19565869760928278,0,0
baseline10,oos_2024,2024,202412,return,9721,0.8752786704581802,0,0,0,0,0,0,0,0
baseline10,oos_2024,2024,202412,turnover,9997,0.8752786704581802,2727,0.27278183455036509,2725,0.27258177453235971,2725,0.27258177453235971,2725,0.27258177453235971
