month,ic,excess,turnover,annual_excess,ic_contribution,excess_contribution,stability_contribution,score,ic_minus_baseline10,annual_excess_minus_baseline10,turnover_minus_baseline10,score_minus_baseline10,ic_contribution_minus_baseline10,excess_contribution_minus_baseline10,stability_contribution_minus_baseline10,candidate,split,year
202101,0.054594056222121178,0.0012432236549528534,0.53899647537535988,0.31329236104811903,0.021837622488848473,0.093987708314435703,0.13830105738739204,0.25412638819067623,0.014776136683277798,0.32882700008050358,-0.0062141800899173649,0.10642280872443741,0.0059104546733111211,0.098648100024151059,0.0018642540269752095,S4R_full34_minus3,dev_2021,2021
202101,0.048097040203524635,0.00046616136043874432,0.54668189592318106,0.11747266283056357,0.019238816081409857,0.035241798849169066,0.13599543122304567,0.1904760461536246,0.0082791206646812554,0.1330073018629481,0.0014712404579038107,0.042772466687385768,0.0033116482658725049,0.039902190558884429,-0.00044137213737116543,S4R_lean31_minus4,dev_2021,2021
202101,0.03981791953884338,-6.1645392985652927e-05,0.54521065546527725,-0.015534639032384537,0.015927167815537352,-0.004660391709715361,0.13643680336041683,0.14770357946623883,0,0,0,0,0,0,0,baseline10,dev_2021,2021
202101,0.058765447804673743,0.0017406378867936422,0.49399280421472913,0.43864074747199783,0.023506179121869499,0.13159222424159933,0.15180215873558126,0.30690056209905009,0.018947528265830363,0.45417538650438238,-0.051217851250548119,0.15919698263281126,0.0075790113063321472,0.13625261595131469,0.015365355375164425,full34,dev_2021,2021
202102,0.096533647439952713,0.0022265386708450255,0.45381686292597551,0.56108774505294645,0.038613458975981091,0.16832632351588392,0.16385494112220733,0.37079472361407234,0.064699968207389741,0.57710577466202617,0.076578412751538427,0.17603819585610217,0.025879987282955902,0.17313173239860782,-0.022973523825461556,S4R_full34_minus3,dev_2021,2021
202102,0.094161956680619621,0.0025089316981098298,0.54881268721905507,0.63225078792367706,0.037664782672247848,0.18967523637710312,0.13535619383428346,0.36269621288363441,0.062328277448056649,0.64826881753275678,0.17157423704461799,0.16793968512566423,0.024931310979222659,0.19448064525982703,-0.051472271113385426,S4R_lean31_minus4,dev_2021,2021
202102,0.031833679232562972,-6.3563609559840091e-05,0.37723845017443708,-0.016018029609079703,0.012733471693025189,-0.0048054088827239111,0.18682846494766889,0.19475652775797017,0,0,0,0,0,0,0,baseline10,dev_2021,2021
202102,0.095366796455667535,0.0023683951115311317,0.47393656436534026,0.59683556810584515,0.038146718582267015,0.17905067043175354,0.1578190306903979,0.37501641970441846,0.063533117223104563,0.61285359771492487,0.096698114190903184,0.18025989194644829,0.025413246889241826,0.18385607931447745,-0.029009434257270983,full34,dev_2021,2021
202103,0.10526841907825342,0.0029848193695730927,0.43776049937679418,0.75217448113241936,0.042107367631301372,0.22565234433972581,0.16867185018696174,0.43643156215798889,0.043501409333234937,0.64001054693731185,-0.0065001992530052122,0.21135378759038909,0.017400563733293978,0.19200316408119356,0.0019500597759015692,S4R_full34_minus3,dev_2021,2021
202103,0.10892314442154498,0.0030880418596330754,0.38672709511173087,0.778186548627535,0.043569257768617996,0.23345596458826048,0.18398187146648073,0.46100709382335925,0.047156134676526497,0.6660226144324275,-0.057533603518068521,0.23592931925575944,0.018862453870610602,0.19980678432972823,0.017260081055420567,S4R_lean31_minus4,dev_2021,2021
202103,0.061767009745018482,0.0004450949769647123,0.44426069862979939,0.11216393419510751,0.024706803898007394,0.033649180258532252,0.16672179041106017,0.22507777456759981,0,0,0,0,0,0,0,baseline10,dev_2021,2021
202103,0.10289822410824899,0.0028644390939951895,0.44701805308512554,0.72183865168678774,0.041159289643299596,0.21655159550603631,0.16589458407446234,0.42360546922379827,0.041131214363230507,0.60967471749168023,0.0027573544553261553,0.19852769465619846,0.016452485745292202,0.18290241524750406,-0.00082720633659782994,full34,dev_2021,2021
202104,0.069991272115101755,0.0024475026612534386,0.42273875483070433,0.61677067063586655,0.027996508846040703,0.18503120119075997,0.17317837355078869,0.38620608358758934,0.047400214676265359,0.75153102723079812,0.058964568257466932,0.22673002356250549,0.018960085870506141,0.22545930816923945,-0.017689370477240091,S4R_full34_minus3,dev_2021,2021
202104,0.074849155071368259,0.002578597661560187,0.41006757003203942,0.64980661071316714,0.029939662028547306,0.19494198321395015,0.17697972899038816,0.40186137423288559,0.052258097632531864,0.78456696730809872,0.046293383458802018,0.24238531420780174,0.020903239053012744,0.23537009019242963,-0.013888015037640616,S4R_lean31_minus4,dev_2021,2021
202104,0.022591057438836399,-0.00053476331982115714,0.3637741865732374,-0.1347603565949316,0.0090364229755345599,-0.040428106978479476,0.19086774402802878,0.15947606002508385,0,0,0,0,0,0,0,baseline10,dev_2021,2021
202104,0.064976959431469306,0.0024332638267479134,0.43344382559331474,0.61318248434047418,0.025990783772587723,0.18395474530214226,0.16996685232200556,0.37991238139673555,0.04238590199263291,0.74794284093540575,0.069669639020077334,0.2204363213716517,0.016954360797053161,0.22438285228062174,-0.020900891706023217,full34,dev_2021,2021
202105,0.047943929832718314,0.0017157930818855328,0.38911495917245331,0.43237985663515427,0.019177571933087327,0.12971395699054628,0.18326551224826401,0.33215704117189759,0.032887583431508827,0.25566455004949629,-0.014425693605105649,0.094182106468984061,0.013155033372603531,0.076699365014848891,0.0043277080815316837,S4R_full34_minus3,dev_2021,2021
202105,0.05339738964741219,0.0014923712896205556,0.39658903936913664,0.37607756498438,0.021358955858964877,0.11282326949531399,0.18102328818925897,0.31520551354353787,0.038341043246202702,0.19936225839872201,-0.0069516134084223191,0.077230578840624342,0.015336417298481082,0.059808677519616597,0.0020854840225266458,S4R_lean31_minus4,dev_2021,2021
202105,0.015056346401209489,0.00070125121660975385,0.40354065277755896,0.17671530658565798,0.0060225385604837957,0.053014591975697391,0.17893780416673233,0.23797493470291353,0,0,0,0,0,0,0,baseline10,dev_2021,2021
202105,0.052241511779904583,0.0019248088274050512,0.3342262871249112,0.48505182450607293,0.020896604711961836,0.14551554735182187,0.19973211386252662,0.36614426592631033,0.037185165378695095,0.30833651792041494,-0.069314365652647758,0.1281693312233968,0.01487406615147804,0.092500955376124488,0.020794309695794294,full34,dev_2021,2021
202106,0.079054983460825512,0.002580727032464545,0.37656450769149102,0.65034321218106539,0.031621993384330208,0.19510296365431962,0.1870306476925527,0.41375560473120254,0.050298391067700385,0.67750626710584128,-0.032640271252970032,0.23316331793472356,0.020119356427080154,0.20325188013175238,0.0097920813758910208,S4R_full34_minus3,dev_2021,2021
202106,0.086553409597950146,0.0025134262265680703,0.30666879630988653,0.63338340909515367,0.034621363839180061,0.19001502272854609,0.20799936110703404,0.43263574767476021,0.057796817204825018,0.66054646401992956,-0.10253598263457453,0.25204346087828122,0.023118726881930007,0.19816393920597886,0.030760794790372359,S4R_lean31_minus4,dev_2021,2021
202106,0.028756592393125131,-0.00010778990049514241,0.40920477894446106,-0.027163054924775887,0.011502636957250054,-0.008148916477432766,0.17723856631666168,0.18059228679647898,0,0,0,0,0,0,0,baseline10,dev_2021,2021
202106,0.077854284456356074,0.0025595307364215817,0.41979747426550401,0.64500174557823853,0.031141713782542432,0.19350052367347156,0.17406075772034882,0.39870299517636282,0.049097692063230947,0.67216480050301441,0.010592695321042955,0.21811070837988383,0.019639076825292378,0.20164944015090433,-0.0031778085963128644,full34,dev_2021,2021
202107,0.06413349103225463,0.0027344955631637704,0.28488913718039882,0.68909288191727014,0.025653396412901854,0.20672786457518103,0.21453325884588037,0.44691451983396324,0.024291082190833362,0.24741769542107989,-0.022373060011813717,0.090653659506201412,0.0097164328763333467,0.074225308626323955,0.0067119180035441206,S4R_full34_minus3,dev_2021,2021
202107,0.057043037164471115,0.0026075301336675703,0.33601931125992157,0.65709759368422771,0.022817214865788447,0.19712927810526831,0.19919420662202353,0.41914069959308031,0.017200628323049846,0.21542240718803746,0.028757114067709033,0.062879839265318482,0.0068802513292199399,0.064626722156411243,-0.008627134220312721,S4R_lean31_minus4,dev_2021,2021
202107,0.039842408841421269,0.0017526793114928186,0.30726219719221254,0.44167518649619025,0.015936963536568507,0.13250255594885707,0.20782134084233625,0.35626086032776183,0,0,0,0,0,0,0,baseline10,dev_2021,2021
202107,0.061881075413042663,0.0026414852662511525,0.32417932796494148,0.6656542870952904,0.024752430165217068,0.19969628612858711,0.20274620161051757,0.42719491790432174,0.022038666571621394,0.22397910059910014,0.016917130772728939,0.070934057576559906,0.0088154666286485613,0.067193730179730043,-0.0050751392318186817,full34,dev_2021,2021
202108,0.095647409290101015,0.00247732077133692,0.286363476415194,0.62428483437690385,0.038258963716040408,0.18728545031307114,0.21409095707544179,0.43963537110455331,0.047052583384624425,0.5535016412313869,0.039174537412345833,0.17311916449956199,0.01882103335384977,0.16605049236941605,-0.011752361223703767,S4R_full34_minus3,dev_2021,2021
202108,0.094980492093041533,0.0020905646325719176,0.30660414195018149,0.5268222874081232,0.037992196837216614,0.15804668622243695,0.20801875741494555,0.40405764047459913,0.046385666187564942,0.45603909426260619,0.059415202947333323,0.13754143386960782,0.018554266475025977,0.13681172827878185,-0.017824560884200008,S4R_lean31_minus4,dev_2021,2021
202108,0.048594825905476591,0.00028088568708538493,0.24718893900284816,0.070783193145517009,0.019437930362190638,0.021234957943655101,0.22584331829914556,0.26651620660499131,0,0,0,0,0,0,0,baseline10,dev_2021,2021
202108,0.092561340577702197,0.001826670383522489,0.26687196382300571,0.46032093664766721,0.03702453623108088,0.13809628099430016,0.21993841085309829,0.39505922807847932,0.043966514672225607,0.3895377435021502,0.019683024820157546,0.12854302147348801,0.017586605868890243,0.11686132305064506,-0.0059049074460472695,full34,dev_2021,2021
202109,0.09459829943663868,0.0027299428360368547,0.25637722481685932,0.68794559468128735,0.037839319774655475,0.20638367840438621,0.22308683255494219,0.46730983073398391,0.069565529742448035,0.7511249008437616,0.017965605890864045,0.24777400038284852,0.027826211896979217,0.2253374702531285,-0.0053896817672592079,S4R_full34_minus3,dev_2021,2021
202109,0.089121240048782135,0.0024961802690353632,0.2290636660384949,0.62903742779691152,0.035648496019512858,0.18871122833907344,0.23128090018845152,0.4556406245470378,0.06408847035459149,0.69221673395938577,-0.0093479528875003715,0.23610479419590241,0.0256353881418366,0.20766502018781574,0.0028043858662501198,S4R_lean31_minus4,dev_2021,2021
202109,0.025032769694190642,-0.00025071153239077093,0.23841161892599527,-0.063179306162474275,0.010013107877676258,-0.018953791848742282,0.2284765143222014,0.21953583035113539,0,0,0,0,0,0,0,baseline10,dev_2021,2021
202109,0.091010616952011028,0.0024431680522552226,0.24776292454690929,0.6156783491683161,0.036404246780804415,0.18470350475049482,0.2256711226359272,0.44677887416722645,0.065977847257820382,0.67885765533079034,0.0093513056209140188,0.22724304381609106,0.026391138903128157,0.20365729659923709,-0.0028053916862741946,full34,dev_2021,2021
202110,0.055994496292086422,0.0011352332192883278,0.18754917626555576,0.28607877126065862,0.022397798516834572,0.085823631378197582,0.24373524712033326,0.35195667701536543,0.0094345665087497768,-0.020706626386079841,-0.016579328887346895,0.0025356373538800714,0.0037738266034999142,-0.0062119879158239466,0.0049737986662040934,S4R_full34_minus3,dev_2021,2021
202110,0.044294006032638236,0.00057692202348154202,0.17790910116697503,0.14538434991734858,0.017717602413055294,0.04361530497520457,0.2466272696499075,0.30796017703816736,-0.0022659237506984092,-0.16140104772938987,-0.02621940398592762,-0.041460862623317996,-0.00090636950027936369,-0.048420314318816958,0.0078658211957783331,S4R_lean31_minus4,dev_2021,2021
202110,0.046559929783336645,0.0012174023716140414,0.20412850515290265,0.30678539764673846,0.018623971913334657,0.092035619294021528,0.23876144845412917,0.34942103966148536,0,0,0,0,0,0,0,baseline10,dev_2021,2021
202110,0.04820508873861469,0.0011087716067774067,0.19196266497556608,0.27941044490790651,0.019282035495445878,0.083823133472371955,0.24241120050733014,0.34551636947514797,0.0016451589552780449,-0.027374952738831948,-0.012165840177336573,-0.0039046701863373889,0.00065806358211122074,-0.0082124858216495733,0.0036497520532009775,full34,dev_2021,2021
202111,0.091116061143303451,0.0024482602059197121,0.11821215074856233,0.61696157189176748,0.03644642445732138,0.18508847156753025,0.2645363547754313,0.48607125080028291,0.050054321146149411,0.53591436526712921,-0.021103072342952126,0.18712695974148413,0.020021728458459762,0.16077430958013875,0.0063309217028856279,S4R_full34_minus3,dev_2021,2021
202111,0.092497146826074225,0.0022591330062843406,0.10889244170681497,0.56930151758365388,0.036998858730429691,0.17079045527509615,0.26733226748795547,0.47512158149348127,0.051435406828920185,0.48825431095901556,-0.030422781384699477,0.1761772904346825,0.020574162731568073,0.14647629328770465,0.0091268344154097902,S4R_lean31_minus4,dev_2021,2021
202111,0.04106173999715404,0.0003216158993041203,0.13931522309151445,0.08104720662463831,0.016424695998861618,0.024314161987391492,0.25820543307254568,0.29894429105879877,0,0,0,0,0,0,0,baseline10,dev_2021,2021
202111,0.087308274398253352,0.0017653162744253029,0.1351328008386907,0.44485970115517631,0.034923309759301344,0.13345791034655288,0.25946015974839276,0.42784137985424697,0.046246534401099312,0.36381249453053799,-0.0041824222528237531,0.1288970887954482,0.018498613760439726,0.10914374835916139,0.0012547266758470843,full34,dev_2021,2021
202112,0.066654909026016299,0.00052193714041357171,0.10416316279106097,0.13152815938422008,0.026661963610406521,0.039458447815266022,0.26875105116268172,0.33487146258835426,0.049586656949522107,0.3352120857611588,-0.00158541768042747,0.12087391381228474,0.019834662779808842,0.10056362572834762,0.00047562530412825765,S4R_full34_minus3,dev_2021,2021
202112,0.072013963271088235,0.001083636184543509,0.095051840117795369,0.27307631850496428,0.028805585308435296,0.08192289555148928,0.27148444796466137,0.38221292882458596,0.054945711194594044,0.47676024488190294,-0.010696740353693071,0.16821538004851644,0.021978284477837617,0.14302807346457089,0.0032090221061079061,S4R_lean31_minus4,dev_2021,2021
202112,0.017068252076494195,-0.00080826954911483609,0.10574858047148844,-0.20368392637693869,0.0068273008305976789,-0.061105177913081607,0.26827542585855346,0.21399754877606952,0,0,0,0,0,0,0,baseline10,dev_2021,2021
202112,0.065913253996340349,0.00042437592093867856,0.10304813465651336,0.106942732076547,0.026365301598536141,0.032082819622964102,0.26908555960304598,0.3275336808245462,0.048845001919846157,0.31062665845348569,-0.0027004458149750832,0.11353613204847668,0.019538000767938463,0.093187997536045702,0.00081013374449251385,full34,dev_2021,2021
202201,0.12468901251538074,0.0035821853970422865,0.05041792601794709,0.90271072005465625,0.049875605006152297,0.27081321601639685,0.28487462219461585,0.60556344321716504,0.063872457145259326,0.66386733956771049,0.0051359672406846094,0.22316839455621151,0.025548982858103732,0.19916020187031314,-0.0015407901722053752,S4R_full34_minus3,dev_2022,2022
202201,0.11947200137077991,0.0035087537157800709,0.061482837685823952,0.88420593637657785,0.047788800548311972,0.26526178091297337,0.2815551486942528,0.59460573015553808,0.058655446000658508,0.64536255588963209,0.016200878908561471,0.21221068149458455,0.023462178400263406,0.19360876676688965,-0.0048602636725684212,S4R_lean31_minus4,dev_2022,2022
202201,0.060816555370121407,0.00094779119240851503,0.045281958777262481,0.23884338048694578,0.024326622148048566,0.071653014146083729,0.28641541236682122,0.38239504866095353,0,0,0,0,0,0,0,baseline10,dev_2022,2022
202201,0.12470227903505464,0.0034922860069059023,0.047613466832023582,0.88005607374028738,0.049880911614021861,0.26401682212208621,0.28571595995039289,0.59961369368650097,0.063885723664933225,0.64121269325334163,0.0023315080547611014,0.21721864502554744,0.025554289465973296,0.1923638079760025,-0.00069945241642832556,full34,dev_2022,2022
202202,0.079762562254345221,0.0011602922836278962,0.04170516285866703,0.29239365547422985,0.031905024901738091,0.087718096642268956,0.2874884511423999,0.40711157268640696,0.041876128029081174,0.04724520575459959,-0.0031169491885250505,0.03185909769456996,0.016750451211632471,0.014173561726379874,0.00093508475655756929,S4R_full34_minus3,dev_2022,2022
202202,0.083235387991147866,0.0016933200021538599,0.040927208035140938,0.4267166405427727,0.033294155196459146,0.1280149921628318,0.28772183758945769,0.4490309849487486,0.045348953765883819,0.18156819082314243,-0.0038949040120511425,0.073778509956911598,0.018139581506353527,0.054470457246942716,0.0011684712036153511,S4R_lean31_minus4,dev_2022,2022
202202,0.037886434225264047,0.0009728113084112312,0.044822112047192081,0.24514844971963026,0.01515457369010562,0.073544534915889082,0.28655336638584233,0.375252474991837,0,0,0,0,0,0,0,baseline10,dev_2022,2022
202202,0.080346543742632712,0.0017467741809618085,0.042480685355200817,0.44018709360237573,0.032138617497053087,0.13205612808071271,0.28725579439343973,0.45145053997120554,0.042460109517368665,0.19503864388274547,-0.0023414266919912635,0.076198064979368541,0.016984043806947468,0.058511593164823628,0.00070242800759739987,full34,dev_2022,2022
202203,0.074334639276465622,0.001139763134167157,0.15525993476118083,0.28722030981012359,0.02973385571058625,0.086166092943037079,0.25342201957164573,0.36932196822526908,0.038453359747791072,0.47193897496073467,0.048064651323009605,0.14254364099043396,0.015381343899116429,0.14158169248822039,-0.014419395396902901,S4R_full34_minus3,dev_2022,2022
202203,0.069684339734984932,0.0011849058677220626,0.17018171525976361,0.29859627866595978,0.027873735893993973,0.089578883599787926,0.24894548542207093,0.36639810491585284,0.033803060206310381,0.48331494381657081,0.062986431821592387,0.13961977768101771,0.013521224082524153,0.14499448314497124,-0.018895929546477702,S4R_lean31_minus4,dev_2022,2022
202203,0.035881279528674551,-0.0007330105759944883,0.10719528343817122,-0.18471866515061106,0.01435251181146982,-0.055415599545183318,0.26784141496854863,0.22677832723483513,0,0,0,0,0,0,0,baseline10,dev_2022,2022
202203,0.070561146933528954,0.0012393556020528123,0.15208483308019252,0.31231761171730871,0.028224458773411582,0.093695283515192615,0.25437455007594223,0.37629429236454642,0.034679867404854403,0.49703627686791974,0.044889549642021298,0.1495159651297113,0.013871946961941762,0.14911088306037593,-0.013466864892606401,full34,dev_2022,2022
202204,0.093070896054950281,0.0018884165354303582,0.3084133132059152,0.47588096692845028,0.037228358421980114,0.14276429007853508,0.20747600603822541,0.38746865453874058,0.033336142010693688,0.33007661700330027,0.14562513242596281,0.068669902177478648,0.013334456804277476,0.099022985100990085,-0.043687539727788882,S4R_full34_minus3,dev_2022,2022
202204,0.091597041691949654,0.0015335603031298168,0.36034856047256786,0.38645719638871384,0.036638816676779866,0.11593715891661414,0.19189543185822966,0.34447140745162363,0.031862287647693062,0.24065284646356386,0.19756037969261547,0.025672655090361707,0.012744915059077228,0.07219585393906916,-0.059268113907784636,S4R_lean31_minus4,dev_2022,2022
202204,0.059734754044256592,0.00057858869017916664,0.16278818077995239,0.14580434992514998,0.023893901617702638,0.043741304977544991,0.2511635457660143,0.31879875236126193,0,0,0,0,0,0,0,baseline10,dev_2022,2022
202204,0.090954385040434543,0.0013767092758146505,0.29476783605626994,0.34693073750529191,0.036381754016173821,0.10407922125158757,0.21156964918311899,0.3520306244508804,0.031219630996177951,0.20112638758014192,0.13197965527631755,0.033231872089618475,0.012487852398471184,0.060337916274042579,-0.039593896582895305,full34,dev_2022,2022
202205,0.14253043726259446,0.0027315175558703074,0.16775203467510724,0.68834242407931745,0.057012174905037787,0.20650272722379523,0.24967438959746782,0.51318929172630079,0.043694478977029064,0.25912164504774182,-0.0071576896403405255,0.097361591997236319,0.017477791590811628,0.077736493514322547,0.0021473068921021854,S4R_full34_minus3,dev_2022,2022
202205,0.14916960774562651,0.0029553433205060657,0.17314594026660171,0.74474651676752857,0.059667843098250607,0.22342395503025855,0.24805621792001947,0.53114801604852868,0.050333649460061122,0.31552573773595294,-0.0017637840488460566,0.11532031631946421,0.020133459784024449,0.09465772132078587,0.00052913521465383639,S4R_lean31_minus4,dev_2022,2022
202205,0.098835958285565392,0.0017032570596491096,0.17490972431544777,0.42922077903157563,0.039534383314226158,0.12876623370947268,0.24752708270536564,0.41582769972906447,0,0,0,0,0,0,0,baseline10,dev_2022,2022
202205,0.14210188088570128,0.0025826707486681917,0.17124247141791082,0.65083302866438431,0.056840752354280516,0.19524990859931529,0.24862725857462675,0.50071791952822253,0.043265922600135884,0.22161224963280868,-0.0036672528975369434,0.084890219799158062,0.017306369040054358,0.066483674889842609,0.0011001758692611163,full34,dev_2022,2022
202206,0.090310279511398958,0.0010347802691983196,0.23462263227068117,0.26076462783797655,0.036124111804559586,0.078229388351392967,0.22961321031879564,0.34396671047474819,0.025181314744914723,-0.0026427115345645791,0.0065336004248263968,0.0073196323101486493,0.010072525897965891,-0.00079281346036937095,-0.0019600801274478885,S4R_full34_minus3,dev_2022,2022
202206,0.096322721394998978,0.0010123309558642349,0.23493965260947891,0.25510740087778716,0.038529088557999594,0.076532220263336143,0.22951810421715632,0.34457941303849204,0.031193756628514743,-0.0082999384947539667,0.0068506207636241379,0.0079323348738924992,0.012477502651405899,-0.0024899815484261956,-0.002055186229087208,S4R_lean31_minus4,dev_2022,2022
202206,0.065128964766484235,0.001045267219732306,0.22808903184585477,0.26340733937254113,0.026051585906593695,0.079022201811762338,0.23157329044624353,0.33664707816459954,0,0,0,0,0,0,0,baseline10,dev_2022,2022
202206,0.093643305732629328,0.00070310057128722034,0.23366802961960617,0.17718134396437954,0.03745732229305173,0.053154403189313859,0.22989959111411812,0.32051131659648369,0.028514340966145094,-0.086225995408161588,0.0055789977737513985,-0.016135761568115858,0.011405736386458035,-0.025867798622448479,-0.0016736993321254112,full34,dev_2022,2022
202207,0.0762430849948523,0.001162472192969347,0.30164188303633627,0.29294299262827544,0.030497233997940923,0.087882897788482628,0.20950743508909911,0.32788756687552267,0.037823225893087356,0.0075613124879195248,0.01056427159307205,0.014228402625689196,0.015129290357234945,0.0022683937463758574,-0.003169281477921615,S4R_full34_minus3,dev_2022,2022
202207,0.082103055175606718,0.0014818530094571111,0.30022152045387479,0.37342695838319201,0.03284122207024269,0.1120280875149576,0.20993354386383759,0.35480285344903784,0.043683196073841773,0.088045278242836089,0.0091439090106105736,0.041143689199204359,0.017473278429536714,0.026413583472850832,-0.0027431727031831388,S4R_lean31_minus4,dev_2022,2022
202207,0.038419859101764944,0.0011324669846839522,0.29107761144326422,0.28538168014035592,0.015367943640705978,0.08561450404210677,0.21267671656702072,0.31365916424983348,0,0,0,0,0,0,0,baseline10,dev_2022,2022
202207,0.073637610709909984,0.0013040368740195418,0.29867038060012518,0.32861729225292452,0.029455044283963994,0.098585187675877359,0.21039888581996244,0.33843911777980379,0.03521775160814504,0.0432356121125686,0.0075927691568609679,0.024779953529970311,0.014087100643258016,0.012970683633770588,-0.0022778307470582848,full34,dev_2022,2022
202208,0.072174705868112643,0.00066991555897323769,0.29990628911948936,0.16881872086125591,0.028869882347245059,0.050645616258376769,0.21002811326415319,0.28954361186977501,0.058239660809112345,0.71303943994225782,-0.0034349338709443455,0.23823817646760559,0.02329586432364494,0.21391183198267733,0.0010304801612833203,S4R_full34_minus3,dev_2022,2022
202208,0.07953521359811902,0.00087655890783666852,0.29604173873353257,0.22089284477484047,0.031814085439247609,0.066267853432452145,0.21118747837994023,0.30926941725163998,0.065600168539118722,0.76511356385584239,-0.0072994842569011342,0.25796398184947056,0.026240067415647491,0.2295340691567527,0.0021898452770703625,S4R_lean31_minus4,dev_2022,2022
202208,0.013935045059000296,-0.002159606028099214,0.3033412229904337,-0.54422071908100189,0.0055740180236001184,-0.16326621572430056,0.20899763310286987,0.051305435402169419,0,0,0,0,0,0,0,baseline10,dev_2022,2022
202208,0.069935421099203129,0.00055963571118358669,0.29276697929158674,0.14102819921826384,0.027974168439681254,0.042308459765479152,0.21216990621252396,0.28245253441768436,0.056000376040202832,0.68524891829926571,-0.010574243698846963,0.23114709901551495,0.022400150416081135,0.2055746754897797,0.0031722731096540946,full34,dev_2022,2022
202209,0.058937291701222409,0.002285047768457144,0.29507129308417746,0.57583203765120028,0.023574916680488965,0.17274961129536007,0.21147861207474675,0.40780314005059581,0.04523925350150796,0.41963942095971257,-0.014090883947909139,0.14821479287288969,0.018095701400603185,0.12589182628791376,0.0042272651843727194,S4R_full34_minus3,dev_2022,2022
202209,0.054986801655181688,0.0026276650269934248,0.28925274187522515,0.662171586802343,0.021994720662072677,0.19865147604070291,0.21322417743743247,0.43387037414020801,0.041288763455467239,0.50597897011085524,-0.019909435156861444,0.17428202696250189,0.016515505382186896,0.1517936910332566,0.0059728305470584386,S4R_lean31_minus4,dev_2022,2022
202209,0.013698038199714449,0.0006198119709979671,0.30916217703208659,0.15619261669148771,0.0054792152798857803,0.046857785007446313,0.20725134689037403,0.25958834717770612,0,0,0,0,0,0,0,baseline10,dev_2022,2022
202209,0.06743375745372901,0.0023446959970763481,0.29447472179819228,0.59086339126323972,0.026973502981491607,0.1772590173789719,0.21165758346054234,0.41589010382100589,0.053735719254014561,0.43467077457175202,-0.014687455233894309,0.15630175664329976,0.021494287701605826,0.13040123237152559,0.0044062365701683093,full34,dev_2022,2022
202210,0.120478734895485,0.0029836238204963674,0.30206853890510521,0.75187320276508463,0.048191493958193998,0.22556196082952537,0.20937943832846842,0.48313289311618779,0.048555111375269425,0.4990738125884821,0.011292602996107903,0.16575640742782,0.019422044550107768,0.14972214377654464,-0.0033877808988323765,S4R_full34_minus3,dev_2022,2022
202210,0.12053504293110875,0.0026405994968604109,0.3003182302137688,0.66543107320882355,0.048214017172443502,0.19962932196264707,0.20990453093586936,0.45774787007095996,0.048611419410893184,0.41263168303222103,0.0095422943047714925,0.14037138438259217,0.019444567764357271,0.12378950490966632,-0.0028626882914314367,S4R_lean31_minus4,dev_2022,2022
202210,0.071923623520215571,0.0010031721832404862,0.29077593590899731,0.25279939017660252,0.02876944940808623,0.075839817052980749,0.2127672192273008,0.31737648568836779,0,0,0,0,0,0,0,baseline10,dev_2022,2022
202210,0.11617378711890365,0.002593468275512459,0.29920448816062167,0.65355400542913966,0.046469514847561462,0.19606620162874189,0.21023865355181348,0.45277437002811682,0.04425016359868808,0.40075461525253714,0.0084285522516243661,0.13539788433974903,0.017700065439475231,0.12022638457576114,-0.0025285656754873154,full34,dev_2022,2022
202211,0.091800263370665366,0.0013837585040390719,0.31004991135034937,0.34870714301784611,0.036720105348266148,0.10461214290535382,0.20698502659489518,0.34831727484851516,0.064883822446246187,0.24369767749842344,0.010039667725749823,0.096050931910300563,0.02595352897849848,0.073109303249527025,-0.0030119003177249692,S4R_full34_minus3,dev_2022,2022
202211,0.095403106074616412,0.0017445686115122581,0.31055245482442412,0.43963129010108903,0.038161242429846566,0.13188938703032671,0.20683426355267279,0.37688489301284606,0.068486665150197246,0.33462182458166634,0.010542211199824569,0.12461855007463146,0.027394666060078898,0.10038654737449991,-0.0031626633599473597,S4R_lean31_minus4,dev_2022,2022
202211,0.026916440924419173,0.00041670422825167727,0.30001024362459955,0.10500946551942267,0.01076657636976767,0.0315028396558268,0.20999692691262015,0.25226634293821459,0,0,0,0,0,0,0,baseline10,dev_2022,2022
202211,0.092360716259726541,0.0015703651140423192,0.30281798062010196,0.39573200873866443,0.036944286503890617,0.11871960262159932,0.20915460581396941,0.36481849493945939,0.065444275335307361,0.29072254321924174,0.0028077369955024079,0.1125521520012448,0.026177710134122949,0.087216762965772521,-0.00084232109865073346,full34,dev_2022,2022
202212,0.073252217643105633,0.0027005061031799729,0.3032786795034168,0.68052753800135313,0.029300887057242254,0.20415826140040594,0.20901639614897496,0.44247554460662319,0.063639148588589697,0.63890336897342692,0.0031688826077122534,0.2161760053451503,0.025455659435435877,0.19167101069202808,-0.00095066478231367602,S4R_full34_minus3,dev_2022,2022
202212,0.10308536589403076,0.0031728449006732311,0.29409945723915754,0.7995569149696542,0.041234146357612307,0.23986707449089625,0.21177016282825273,0.49287138367676131,0.093472296839514829,0.75793274594172799,-0.0060103396565470146,0.26657184441528842,0.03738891873580593,0.22737982378251839,0.0018031018969640877,S4R_lean31_minus4,dev_2022,2022
202212,0.0096130690545159388,0.00016517527392034215,0.30010979689570455,0.041624169027926226,0.0038452276218063756,0.012487250708377867,0.20996706093128864,0.22629953926147289,0,0,0,0,0,0,0,baseline10,dev_2022,2022
202212,0.072901424888444727,0.002765915352322121,0.29622949420039807,0.69701066878517448,0.029160569955377892,0.20910320063555235,0.21113115173988059,0.4493949223308108,0.063288355833928792,0.65538649975724828,-0.0038803026953064812,0.2230953830693379,0.025315342333571515,0.19661594992717449,0.0011640908085919499,full34,dev_2022,2022
202301,0.069835176294019585,0.00036882365348744472,0.30559904498754326,0.092943560678836065,0.027934070517607837,0.027883068203650819,0.20832028650373705,0.26413742522499573,0.077791822085762824,0.26494851643807327,0.019415617534715102,0.10477659850531262,0.031116728834305135,0.07948455493142198,-0.0058246852604145194,S4R_full34_minus3,primary_2023,2023
202301,0.058844096152752941,-0.00023682252341920913,0.30645457697032352,-0.059679275901640703,0.023537638461101178,-0.017903782770492212,0.20806362690890293,0.21369748259951188,0.066800741944496186,0.11232567985759648,0.020271149517495368,0.054336655879828777,0.026720296777798476,0.033697703957278946,-0.0060813448552486382,S4R_lean31_minus4,primary_2023,2023
202301,-0.0079566457917432439,-0.00068255934825094122,0.28618342745282815,-0.17200495575923719,-0.0031826583166972978,-0.051601486727771158,0.21414497176415156,0.1593608267196831,0,0,0,0,0,0,0,baseline10,primary_2023,2023
202301,0.070165451748851734,0.00016777694538254836,0.31307316894039477,0.042279790236402187,0.028066180699540696,0.012683937070920656,0.20607804931788157,0.24682816708834293,0.078122097540594973,0.21428474599563938,0.026889741487566621,0.087467340368659829,0.031248839016237994,0.064285423798691815,-0.0080669224462699973,full34,primary_2023,2023
202302,0.14501449009504835,0.0029157182133670613,0.31738215424686517,0.73476098976849946,0.058005796038019343,0.22042829693054983,0.20478535372594045,0.48321944669450967,0.1075976493820697,0.36978846454866332,0.022713700459059127,0.14716148897970915,0.043039059752827881,0.11093653936459899,-0.0068141101377177382,S4R_full34_minus3,primary_2023,2023
202302,0.15070102729620477,0.0028316216960753366,0.3154302011513071,0.71356866741098479,0.060280410918481908,0.21407060022329544,0.20537093965460787,0.47972195079638524,0.11328418658322612,0.34859614219114865,0.02076174736350106,0.14366399308158473,0.045313674633290446,0.1045788426573446,-0.0062285242090503179,S4R_lean31_minus4,primary_2023,2023
202302,0.037416840712978648,0.0014483036715072864,0.29466845378780604,0.36497252521983614,0.01496673628519146,0.10949175756595084,0.21159946386365819,0.33605795771480051,0,0,0,0,0,0,0,baseline10,primary_2023,2023
202302,0.14725706088279109,0.0029754747171084278,0.31601117613197216,0.74981962871132379,0.058902824353116438,0.22494588861339712,0.20519664716040834,0.4890453601269219,0.10984022016981243,0.38484710349148765,0.021342722344166121,0.15298740241212139,0.043936088067924976,0.11545413104744628,-0.0064028167032498529,full34,primary_2023,2023
202303,0.056365096787325972,0.001293802662181267,0.30235685453188382,0.32603827086967929,0.02254603871493039,0.09781148126090379,0.20929294364043485,0.32965046361626904,0.023983304877779651,0.10283610267827076,0.01372391571062398,0.036326978041405944,0.0095933219511118613,0.030850830803481236,-0.0041171747131871772,S4R_full34_minus3,primary_2023,2023
202303,0.062442174490241448,0.0012276021091880648,0.30079812960831853,0.30935573151539231,0.02497686979609658,0.092806719454617687,0.20976056111750443,0.32754415036821871,0.030060382580695127,0.086153563323983773,0.012165190787058688,0.034220664793355615,0.012024153032278051,0.025846068997195132,-0.0036495572361175954,S4R_lean31_minus4,primary_2023,2023
202303,0.03238179190954632,0.00088572288964844652,0.28863293882125984,0.22320216819140853,0.012952716763818529,0.066960650457422555,0.21341011835362203,0.2933234855748631,0,0,0,0,0,0,0,baseline10,primary_2023,2023
202303,0.061779713130973642,0.0012763851520289362,0.30493626899115966,0.32164905831129192,0.024711885252389459,0.096494717493387575,0.2085191193026521,0.32972572204842915,0.029397921221427321,0.09844689011988339,0.016303330169899821,0.036402236473566052,0.011759168488570931,0.02953406703596502,-0.0048909990509699297,full34,primary_2023,2023
202304,0.065694427772360314,0.0020186199722060667,0.28362154414134616,0.50869223299592881,0.026277771108944126,0.15260766989877864,0.21491353675759617,0.39379897776531891,0.048974535225063349,0.53011752699718706,0.0035302551840065144,0.17756599563397951,0.019589814090025338,0.15903525809915611,-0.0010590765552019044,S4R_full34_minus3,primary_2023,2023
202304,0.06339875104221028,0.0022962527916938914,0.27690156853565295,0.57865570350686057,0.025359500416884114,0.17359671105205818,0.2169295294393041,0.41588574090824637,0.046678858494913315,0.60008099750811883,-0.0031897204216866926,0.19965275877690697,0.018671543397965326,0.18002429925243565,0.00095691612650602997,S4R_lean31_minus4,primary_2023,2023
202304,0.016719892547296965,-8.5021007941500889e-05,0.28009128895733965,-0.021425294001258224,0.0066879570189187863,-0.0064275882003774669,0.21597261331279807,0.2162329821313394,0,0,0,0,0,0,0,baseline10,primary_2023,2023
202304,0.06255655268920042,0.001614813100737458,0.28626853722029916,0.40693290138583943,0.025022621075680169,0.12207987041575183,0.21411943883391027,0.36122193032534228,0.045836660141903456,0.42835819538709763,0.0061772482629595116,0.14498894819400288,0.018334664056761381,0.12850745861612931,-0.0018531744788878035,full34,primary_2023,2023
202305,0.078573227359815867,0.0012748081658727048,0.20442388386007043,0.3212516577999216,0.031429290943926345,0.096375497339976482,0.23867283484197885,0.36647762312588167,0.0087924672017542782,-0.06095052582892263,-0.0062858189439015111,-0.012882425184804647,0.0035169868807017092,-0.018285157748676784,0.0018857456831704311,S4R_full34_minus3,primary_2023,2023
202305,0.076869155925609278,0.0009956656267323435,0.2107249705388981,0.25090773793655058,0.030747662370243713,0.075272321380965165,0.23678250883833057,0.34280249258953943,0.0070883957675476894,-0.13129444569229365,1.5267734926160959e-05,-0.036557555721146884,0.0028353583070190765,-0.0393883337076881,-4.5803204778427364e-06,S4R_lean31_minus4,primary_2023,2023
202305,0.069780760158061589,0.001516675331860493,0.21070970280397194,0.38220218362884423,0.027912304063224636,0.11466065508865327,0.23678708915880842,0.37936004831068632,0,0,0,0,0,0,0,baseline10,primary_2023,2023
202305,0.076607477122629733,0.0010948883776180098,0.20595285179784165,0.27591187115973848,0.030642990849051893,0.082773561347921534,0.23821414446064751,0.35163069665762092,0.0068267169645681441,-0.10629031246910575,-0.0047568510061302971,-0.027729351653065393,0.002730686785827257,-0.031887093740731731,0.0014270553018390919,full34,primary_2023,2023
202306,0.03115871430734405,-0.00010032434694978417,0.3627004945767911,-0.025281735431345612,0.012463485722937621,-0.0075845206294036828,0.19118985162696267,0.19606881672049661,0.021353791928717145,0.06348312871949971,0.018725711674647649,0.021968741884942494,0.0085415167714868595,0.019044938615849914,-0.0056177135023942892,S4R_full34_minus3,primary_2023,2023
202306,0.053427422986909945,0.0010912233898596414,0.35796276976206487,0.27498829424462962,0.021370969194763979,0.082496488273388888,0.19261116907138054,0.29647862653953339,0.043622500608283044,0.36375315839547495,0.01398798685992142,0.12237855170397927,0.017449000243313216,0.10912594751864249,-0.0041963960579764203,S4R_lean31_minus4,primary_2023,2023
202306,0.0098049223786269048,-0.00035224152440811637,0.34397478290214345,-0.088764864150845321,0.0039219689514507624,-0.026629459245253596,0.19680756512935696,0.17410007483555412,0,0,0,0,0,0,0,baseline10,primary_2023,2023
202306,0.032391705012396056,-6.5914588074792712e-05,0.37095560390784582,-0.016610476194847762,0.012956682004958423,-0.0049831428584543288,0.18871331882764622,0.19668685797415031,0.022586782633769151,0.072154387955997559,0.026980821005702371,0.022586783138596189,0.0090347130535076599,0.021646316386799268,-0.0080942463017107391,full34,primary_2023,2023
202307,0.089897484468494576,0.0011492528592389789,0.66442382286419965,0.2896117205282227,0.035958993787397829,0.086883516158466803,0.10067285314074011,0.22351536308660475,0.072726226455831544,0.67978345316152866,0.05560694433700164,0.21634344322969074,0.029090490582332616,0.20393503594845858,-0.016682083301100478,S4R_full34_minus3,primary_2023,2023
202307,0.098281328779235941,0.0017667856811998024,0.67327159144569915,0.44522999166235022,0.039312531511694379,0.13356899749870507,0.098018522566290248,0.27090005157668967,0.081110070766572909,0.83540172429565618,0.064454712918501134,0.26372813171977566,0.032444028306629166,0.25062051728869683,-0.019336413875550337,S4R_lean31_minus4,primary_2023,2023
202307,0.017171258012663029,-0.0015483005263226427,0.60881687852719801,-0.39017173263330596,0.006868503205065212,-0.11705151978999179,0.11735493644184058,0.0071719198569140108,0,0,0,0,0,0,0,baseline10,primary_2023,2023
202307,0.10127661706397895,0.0013998914061646574,0.66483661503424041,0.35277263435349365,0.040510646825591579,0.1058317903060481,0.10054901548972787,0.24689145262136758,0.084105359051315914,0.74294436698679966,0.056019736507042395,0.23971953276445357,0.033642143620526366,0.2228833100960399,-0.01680592095211271,full34,primary_2023,2023
202308,0.03461117763541606,0.00018145085579129671,0.68134811987363764,0.045725615659406769,0.013844471054166425,0.01371768469782203,0.095595564037908712,0.12315771978989717,0.023224608644498171,0.016373314810084205,0.04207017953883363,0.0015807840391744571,0.0092898434577992697,0.0049119944430252617,-0.012621053861650078,S4R_full34_minus3,primary_2023,2023
202308,0.051452309414019598,0.00033269153168042774,0.68187990186745517,0.083838265983467788,0.020580923765607842,0.025151479795040337,0.09543602943976344,0.14116843300041163,0.040065740423101709,0.05448596513414522,0.042601961532651167,0.019591497249688908,0.016026296169240686,0.016345789540243568,-0.01278058845979535,S4R_lean31_minus4,primary_2023,2023
202308,0.011386568990917889,0.00011647738432270859,0.63927794033480401,0.029352300849322565,0.0045546275963671556,0.0088056902547967685,0.10821661789955879,0.12157693575072272,0,0,0,0,0,0,0,baseline10,primary_2023,2023
202308,0.030792047132036818,1.3188205793890958e-06,0.68045189534335371,0.00033234278600605214,0.012316818852814729,9.9702835801815644e-05,0.095864431396993882,0.10828095308561042,0.019405478141118929,-0.029019958063316514,0.041173955008549701,-0.013295982665112296,0.0077621912564475731,-0.0087059874189949534,-0.012352186502564907,full34,primary_2023,2023
202309,0.020724574511677075,3.4139210669012528e-05,0.70476020908477577,0.0086030810885911572,0.0082898298046708303,0.0025809243265773473,0.088571937274567261,0.099442691405815437,0.034712029792363243,0.041078175556816934,0.040831756634691629,0.01395873759358289,0.013884811916945298,0.012323452667045081,-0.012249526990407489,S4R_full34_minus3,primary_2023,2023
202309,0.037495530366163349,0.00042260823260746117,0.70608690264711083,0.10649727461708021,0.01499821214646534,0.031949182385124064,0.088173929205866752,0.13512132373745617,0.051482985646849513,0.138972369085306,0.042158450197026687,0.049637369925223621,0.02059319425873981,0.041691710725591802,-0.012647535059107998,S4R_lean31_minus4,primary_2023,2023
202309,-0.013987455280686168,-0.00012886942249295944,0.66392845245008414,-0.032475094468225781,-0.0055949821122744676,-0.0097425283404677342,0.10082146426497475,0.085483953812232547,0,0,0,0,0,0,0,baseline10,primary_2023,2023
202309,0.020476114829967456,0.0001162009963041967,0.70602050462363153,0.029282651068657569,0.0081904459319869834,0.0087847953205972707,0.088193848612910533,0.10516908986549478,0.034463570110653624,0.061757745536883346,0.04209205217354739,0.019685136053262234,0.013785428044261451,0.018527323661065007,-0.012627615652064217,full34,primary_2023,2023
202310,0.041917838295844848,0.0010444581215379002,0.71121143668829068,0.26320344662755085,0.016767135318337938,0.078961033988265247,0.086636568993512797,0.18236473830011599,0.024553369267712739,0.18697169466957891,0.039673809115661318,0.054010713373260383,0.0098213477070850947,0.056091508400873666,-0.01190214273469839,S4R_full34_minus3,primary_2023,2023
202310,0.041245071304133796,0.0013036422555096907,0.69783972271433559,0.32851784838844206,0.01649802852165352,0.09855535451653262,0.090648083185699321,0.20570146622388547,0.023880602276001688,0.25228609643047012,0.026302095141706228,0.077347441297029862,0.0095522409104006768,0.075685828929141039,-0.0078906285425118655,S4R_lean31_minus4,primary_2023,2023
202310,0.017364469028132108,0.00030250695221417434,0.67153762757262936,0.076231751957971938,0.0069457876112528436,0.022869525587391581,0.098538711728211187,0.1283540249268556,0,0,0,0,0,0,0,baseline10,primary_2023,2023
202310,0.039525550752276456,0.00064846454955267156,0.71050202751515124,0.16341306648727325,0.015810220300910584,0.049023919946181972,0.086849391745454627,0.15168353199254719,0.022161081724144348,0.087181314529301307,0.038964399942521877,0.02332950706569159,0.0088644326896577409,0.026154394358790391,-0.01168931998275656,full34,primary_2023,2023
202311,0.095583670449850944,0.0010810255023818709,0.73933352439208866,0.27241842660023147,0.038233468179940382,0.081725527980069435,0.078199942682373402,0.19815893884238323,0.047102827015916497,-0.13132221525183257,0.014152719690963211,-0.024801349676472129,0.018841130806366603,-0.039396664575549772,-0.0042458159072889662,S4R_full34_minus3,primary_2023,2023
202311,0.093473560598620192,0.00060811101594647943,0.74364717246167844,0.15324397601851281,0.037389424239448077,0.045973192805553842,0.076905848261496462,0.16026846530649838,0.044992717164685746,-0.25049666583355124,0.018466367760552993,-0.062691823212356973,0.017997086865874298,-0.075148999750065365,-0.0055399103281659062,S4R_lean31_minus4,primary_2023,2023
202311,0.048480843433934447,0.0016021454041748573,0.72518080470112545,0.40374064185206404,0.019392337373573779,0.12112219255561921,0.082445758589662368,0.22296028851885535,0,0,0,0,0,0,0,baseline10,primary_2023,2023
202311,0.092136710105080857,0.00073723882561212248,0.74409544025479335,0.18578418405425487,0.036854684042032342,0.055735255216276459,0.076771367923561998,0.16936130718187081,0.043655866671146411,-0.21795645779780917,0.018914635553667902,-0.053598981336984541,0.017462346668458563,-0.065386937339342754,-0.0056743906661003707,full34,primary_2023,2023
202312,0.061968410305929762,0.0006957786427853682,0.71866221287176713,0.17533621798191279,0.024787364122371907,0.052600865394573836,0.084401336138469854,0.16178956565541558,0.055553339522013995,0.17912237983760987,0.0098313678916505109,0.073008639392593389,0.022221335808805601,0.053736713951282961,-0.0029494103674951588,S4R_full34_minus3,primary_2023,2023
202312,0.067844448141152577,0.00099944379929349102,0.71872239649215619,0.25185983742195972,0.027137779256461034,0.075557951226587913,0.08438328105235314,0.18707901153540207,0.06142937735723681,0.2556459992776568,0.0098915515120395758,0.098298085272579883,0.024571750942894727,0.076693799783297031,-0.0029674654536118727,S4R_lean31_minus4,primary_2023,2023
202312,0.0064150707839157649,-1.5024451808321755e-05,0.70883084498011661,-0.0037861618556970823,0.0025660283135663063,-0.0011358485567091246,0.087350746505965013,0.088780926262822191,0,0,0,0,0,0,0,baseline10,primary_2023,2023
202312,0.065183175904983084,0.00094023800840577838,0.71942177421730569,0.23693997811825615,0.026073270361993237,0.071081993435476845,0.084173467734808285,0.18132873153227835,0.058768105121067317,0.24072613997395323,0.010590929237189073,0.092547805269456163,0.02350724204842693,0.072217841992185963,-0.0031772787711567274,full34,primary_2023,2023
202401,0.033433254636000588,0.00037569195529827461,0.7695874143663024,0.094674372735165199,0.013373301854400235,0.028402311820549558,0.069123775690109274,0.11089938936505907,0.030053122819218722,0.17717623528616272,0.11853936573364476,0.029612309993442873,0.01202124912768749,0.053152870585848819,-0.035561809720093429,S4R_full34_minus3,oos_2024,2024
202401,0.015491409693584111,0.00047373443928753074,0.79243562039043336,0.11938107870045775,0.0061965638774336453,0.035814323610137325,0.062269313882869992,0.10428020137044096,0.012111277876802247,0.20188294125145528,0.14138757175777572,0.022993121998824764,0.0048445111507208994,0.060564882375436585,-0.042416271527332711,S4R_lean31_minus4,oos_2024,2024
202401,0.0033801318167818646,-0.0003273883434563394,0.65104804863265764,-0.082501862550997535,0.0013520527267127458,-0.02475055876529926,0.1046855854102027,0.081287079371616194,0,0,0,0,0,0,0,baseline10,oos_2024,2024
202402,0.18687425131786847,0.0039795278421742427,0.84985175063082963,1.0028410162279091,0.074749700527147397,0.30085230486837272,0.045044474810751113,0.42064648020627127,0.067366234677977602,0.44962046880855622,0.079678084193764431,0.13792920925562857,0.026946493871191045,0.13488614064256685,-0.023903425258129322,S4R_full34_minus3,oos_2024,2024
202402,0.19909372886616941,0.0051810027562962579,0.8601537516231067,1.3056126945866571,0.079637491546467765,0.39168380837599709,0.041953874513067986,0.51327517443553283,0.07958571222627854,0.75239214716730418,0.089980085186041503,0.23055790348489014,0.031834284890511412,0.22571764415019122,-0.02699402555581245,S4R_lean31_minus4,oos_2024,2024
202402,0.11950801663989087,0.0021953196326164799,0.7701736664370652,0.55322054741935289,0.047803206655956353,0.16596616422580587,0.068947900068880436,0.2827172709506427,0,0,0,0,0,0,0,baseline10,oos_2024,2024
202403,0.15551568465185345,0.0036696468092122883,0.72741945087469639,0.92475099592149668,0.06220627386074138,0.277425298776449,0.081774164737591082,0.42140573737478149,0.094501044833338155,0.77237764168674616,-0.0018194756954162949,0.27005955314798402,0.037800417933335266,0.23171329250602385,0.00054584270862488571,S4R_full34_minus3,oos_2024,2024
202403,0.14184234929311626,0.0033882752845899736,0.79913581047784898,0.8538453717166733,0.056736939717246505,0.25615361151500199,0.0602592568566453,0.37314980808889381,0.080827709474600967,0.70147201748192278,0.069896883907736296,0.22180362386209634,0.032331083789840391,0.21044160524457683,-0.020969065172320896,S4R_lean31_minus4,oos_2024,2024
202403,0.061014639818515286,0.0006046561675982163,0.72923892657011269,0.15237335423475051,0.024405855927406114,0.045712006270425154,0.081228322028966196,0.15134618422679746,0,0,0,0,0,0,0,baseline10,oos_2024,2024
202404,0.084575892819876028,0.0016177563730041099,0.75607859867647065,0.4076746059970357,0.033830357127950413,0.12230238179911071,0.073176420397058808,0.22930915932411994,0.044864154855631562,0.7607495622510454,0.025915615326099317,0.23839584601973646,0.017945661942252625,0.22822486867531364,-0.0077746845978297896,S4R_full34_minus3,oos_2024,2024
202404,0.08028552893718513,0.0019436425979351066,0.83164306092982887,0.48979793467964683,0.032114211574874055,0.14693938040389404,0.050507081721051339,0.22956067369981942,0.040573790972940664,0.84287289093365658,0.10148007757945754,0.23864736039543594,0.016229516389176267,0.25286186728009696,-0.030444023273837259,S4R_lean31_minus4,oos_2024,2024
202404,0.039711737964244466,-0.0014010910962460705,0.73016298335037133,-0.35307495625400975,0.015884695185697788,-0.10592248687620293,0.080951104994888598,-0.0090866866956165332,0,0,0,0,0,0,0,baseline10,oos_2024,2024
202405,0.087817620921523148,0.0012775965056069077,0.74529203343791539,0.32195431941294073,0.035127048368609262,0.096586295823882215,0.076412389968625385,0.20812573416111685,0.045513482581919361,0.49365750211290016,0.028501280696742293,0.15775225945761512,0.018205393032767747,0.14809725063387005,-0.0085503842090226823,S4R_full34_minus3,oos_2024,2024
202405,0.077410438997918829,0.00074870190292120205,0.79928690426012772,0.18867287953614292,0.030964175599167532,0.056601863860842871,0.060213928721961685,0.14777996818197209,0.035106300658315041,0.36037606223610241,0.082496151518954619,0.097406493478470343,0.014042520263326017,0.10811281867083071,-0.024748845455686383,S4R_lean31_minus4,oos_2024,2024
202405,0.042304138339603788,-0.00068136183611095023,0.7167907527411731,-0.17170318269995946,0.016921655335841515,-0.051510954809987838,0.084962774177648068,0.050373474703501744,0,0,0,0,0,0,0,baseline10,oos_2024,2024
202406,0.048749583850683183,0.0014836790326400841,0.66415184163676799,0.37388711622530119,0.019499833540273275,0.11216613486759035,0.1007544475089696,0.23242041591683321,0.027482758334309944,0.43865874580231512,0.026968910799436419,0.13450005383458757,0.01099310333372398,0.13159762374069453,-0.0080906732398309256,S4R_full34_minus3,oos_2024,2024
202406,0.046550590050278708,0.00095331544198426867,0.75691572311126853,0.24023549138003569,0.018620236020111484,0.072070647414010702,0.07292528306661944,0.16361616650074162,0.025283764533905469,0.30500712095704963,0.11973279227393696,0.065695804418495984,0.010113505813562188,0.091502136287114885,-0.035919837682181086,S4R_lean31_minus4,oos_2024,2024
202406,0.021266825516373239,-0.00025703027609926161,0.63718293083733157,-0.064771629577013934,0.0085067302065492956,-0.019431488873104179,0.10884512074880053,0.097920362082245638,0,0,0,0,0,0,0,baseline10,oos_2024,2024
202407,0.059945588972329392,0.0020417781827700176,0.72521305392447299,0.51452810205804445,0.023978235588931758,0.15435843061741333,0.082436083822658102,0.26077275002900319,0.032558120193786927,0.33120971749129091,0.047405076178118732,0.098164640471466419,0.01302324807751477,0.099362915247387273,-0.014221522853435614,S4R_full34_minus3,oos_2024,2024
202407,0.076577182609065333,0.0027190024240841245,0.73596584859891068,0.68518861086919935,0.030630873043626133,0.20555658326075979,0.0792102454203268,0.31539770172471271,0.049189713830522869,0.50187022630244582,0.058157870852556415,0.15278959216717594,0.019675885532209145,0.15056106789073373,-0.017447361255766916,S4R_lean31_minus4,oos_2024,2024
202407,0.027387468778542468,0.00072745390701092684,0.67780797774635426,0.18331838456675356,0.010954987511416988,0.054995515370026067,0.096657606676093716,0.16260810955753677,0,0,0,0,0,0,0,baseline10,oos_2024,2024
202408,0.059663182937070187,0.00086810659706670543,0.73157136908054854,0.21876286246080978,0.023865273174828075,0.065628858738242937,0.080528589275835435,0.17002272118890643,0.025365440898640602,0.21658433937333099,0.041576163189256277,0.062648629214678647,0.010146176359456241,0.0649753018119993,-0.012472848956776889,S4R_full34_minus3,oos_2024,2024
202408,0.073089802925073041,0.0018067470012707648,0.79093852578278223,0.45530024432023275,0.029235921170029218,0.13659007329606981,0.062718442265165333,0.22854443673126434,0.038792060886643456,0.45312172123275396,0.10094331989148997,0.12117034475703656,0.015516824354657384,0.13593651636982618,-0.030282995967446991,S4R_lean31_minus4,oos_2024,2024
202408,0.034297742038429585,8.6449328868205514e-06,0.68999520589129226,0.0021785230874787789,0.013719096815371834,0.00065355692624363367,0.093001438232612324,0.10737409197422779,0,0,0,0,0,0,0,baseline10,oos_2024,2024
202409,0.062112213671952507,-1.6751576274988228e-06,0.74033964328758062,-0.00042213972212970334,0.024844885468781004,-0.000126641916638911,0.077898107013725806,0.1026163505658679,0.009232942978036271,-0.71303974939972226,0.038286480722388272,-0.22170469184541866,0.0036931771912145084,-0.21391192481991669,-0.01148594421671649,S4R_full34_minus3,oos_2024,2024
202409,0.074513338889691666,0.0014874305494089377,0.81312208900957872,0.37483249845105232,0.029805335555876666,0.1124497495353157,0.056063373297126386,0.19831845838831874,0.02163406819577543,-0.33778511122654026,0.11106892644438637,-0.12600258402296782,0.0086536272783101706,-0.10133553336796208,-0.033320677933315911,S4R_lean31_minus4,oos_2024,2024
202409,0.052879270693916236,0.0028278476574507641,0.70205316256519235,0.71261760967759258,0.021151708277566496,0.21378528290327778,0.089384051230442296,0.32432104241128656,0,0,0,0,0,0,0,baseline10,oos_2024,2024
202410,0.12467004329788096,0.0024326569960915036,0.77604997309203616,0.61302956301505895,0.049868017319152386,0.18390886890451769,0.067185008072389155,0.30096189429605924,0.039940578018249476,0.82910115478102853,0.013893464155293023,0.26053853839502045,0.015976231207299789,0.24873034643430855,-0.0041680392465879013,S4R_full34_minus3,oos_2024,2024
202410,0.13646755335251834,0.0034354767898262546,0.89413337559160921,0.86574015103621615,0.05458702134100734,0.25972204531086485,0.031759987322517232,0.34606905397438942,0.051738088072886851,1.0818117428021856,0.13197686665486608,0.30564569807335062,0.020695235229154743,0.32454352284065568,-0.039593059996459824,S4R_lean31_minus4,oos_2024,2024
202410,0.084729465279631488,-0.00085742695145226008,0.76215650893674314,-0.21607159176596955,0.033891786111852597,-0.064821477529790866,0.071353047318977056,0.040423355901038786,0,0,0,0,0,0,0,baseline10,oos_2024,2024
202411,0.13784507843439758,0.002618957603246794,0.76615983905503326,0.6599773160181921,0.055138031373759035,0.19799319480545763,0.070152048283490018,0.32328327446270672,0.03091470422735168,0.40215280669580805,0.02210112253199692,0.12638138694008405,0.012365881690940668,0.12064584200874241,-0.0066303367595990786,S4R_full34_minus3,oos_2024,2024
202411,0.14529947590616613,0.0030164327769519697,0.89170874500242525,0.76014105979189639,0.05811979036246645,0.22804231793756891,0.03248737649927242,0.31864948479930777,0.038369101699120223,0.5023165504695124,0.14765002847938891,0.1217475972766851,0.015347640679648084,0.15069496514085368,-0.044295008543816676,S4R_lean31_minus4,oos_2024,2024
202411,0.1069303742070459,0.0010231131322316826,0.74405871652303635,0.25782450932238404,0.042772149682818367,0.077347352796715216,0.076782385043089096,0.19690188752262267,0,0,0,0,0,0,0,baseline10,oos_2024,2024
202412,0.10196526564002249,0.0017749732243847779,0.73400208766995645,0.44729325254496405,0.040786106256009001,0.1341879757634892,0.079799373699013063,0.25477345571851129,0.040230375364321891,0.41866510213734093,-0.0033881009447433996,0.14270811107035405,0.016092150145728758,0.12559953064120227,0.0010164302834230199,S4R_full34_minus3,oos_2024,2024
202412,0.10650211198534075,0.0020004962898274698,0.8119891051133119,0.50412506503652244,0.042600844794136304,0.15123751951095674,0.056403268466006427,0.25024163277109945,0.044767221709640148,0.47549691462889931,0.074598916498612056,0.13817628812294222,0.017906888683856061,0.14264907438866981,-0.022379674949583615,S4R_lean31_minus4,oos_2024,2024
202412,0.061734890275700602,0.00011360377145882197,0.73739018861469985,0.028628150407623138,0.024693956110280243,0.0085884451222869411,0.078782943415590043,0.11206534464815723,0,0,0,0,0,0,0,baseline10,oos_2024,2024
