context,feature,group,screen_id,score_delta_2023,reason,extra_runs
full34,ret_2d,A,S4_full34_ret_2d_2023,-0.0006281082856925968,A/C组第3步跨年反转；单列直接检验不能被组级结果替代；2023效应接近，补齐年份观察是否稳定或冲突；2023配对块区间跨零，仍不确定；2023删除分项/月度/缺失诊断至少一项护栏不通过,2
full34,ret_10d,A,S4_full34_ret_10d_2023,0.0024624364958712175,A/C组第3步跨年反转；单列直接检验不能被组级结果替代；2023可能删除，需要跨年验证是否退化；2023配对块区间跨零，仍不确定；2023删除分项/月度/缺失诊断至少一项护栏不通过,2
full34,ret_60d,A,S4_full34_ret_60d_2023,0.0021728892207223682,A/C组第3步跨年反转；单列直接检验不能被组级结果替代；2023可能删除，需要跨年验证是否退化；2023配对块区间跨零，仍不确定,2
full34,close_location,B,S4_full34_close_location_2023,-0.0020146698542287955,2023可能应保留，需要跨年直接证据才可确定；2023配对块区间跨零，仍不确定；2023删除分项/月度/缺失诊断至少一项护栏不通过,2
full34,upper_shadow,B,S4_full34_upper_shadow_2023,-0.00018623887505761494,2023效应接近，补齐年份观察是否稳定或冲突；2023配对块区间跨零，仍不确定；2023删除分项/月度/缺失诊断至少一项护栏不通过,2
full34,lower_shadow,B,S4_full34_lower_shadow_2023,0.0055638943800970786,2023可能删除，需要跨年验证是否退化；2023配对块区间跨零，仍不确定；2023删除分项/月度/缺失诊断至少一项护栏不通过,2
full34,body_ratio,B,S4_full34_body_ratio_2023,6.7167498175951801e-05,2023效应接近，补齐年份观察是否稳定或冲突；2023配对块区间跨零，仍不确定；2023删除分项/月度/缺失诊断至少一项护栏不通过,2
full34,bias_20d,C,S4_full34_bias_20d_2023,-0.0036794191627233241,A/C组第3步跨年反转；单列直接检验不能被组级结果替代；2023可能应保留，需要跨年直接证据才可确定；2023配对块区间跨零，仍不确定；2023删除分项/月度/缺失诊断至少一项护栏不通过,2
full34,bias_60d,C,S4_full34_bias_60d_2023,-0.0023689961774414903,A/C组第3步跨年反转；单列直接检验不能被组级结果替代；2023可能应保留，需要跨年直接证据才可确定；2023配对块区间跨零，仍不确定；2023删除分项/月度/缺失诊断至少一项护栏不通过,2
full34,price_position_20d,C,S4_full34_price_position_20d_2023,0.0098190967231867876,A/C组第3步跨年反转；单列直接检验不能被组级结果替代；2023可能删除，需要跨年验证是否退化,2
full34,price_position_60d,C,S4_full34_price_position_60d_2023,0.00056785588896099415,A/C组第3步跨年反转；单列直接检验不能被组级结果替代；2023效应接近，补齐年份观察是否稳定或冲突；2023配对块区间跨零，仍不确定；2023删除分项/月度/缺失诊断至少一项护栏不通过,2
full34,amount_ratio_20d,D,S4_full34_amount_ratio_20d_2023,0.0065160880287627732,D源与F排名条件性效应；独立控制保留中间源；2023可能删除，需要跨年验证是否退化；2023配对块区间跨零，仍不确定；2023删除分项/月度/缺失诊断至少一项护栏不通过,2
full34,log_mean_amount_20d,D,S4_full34_log_mean_amount_20d_2023,-0.0018482959969774171,D源与F排名条件性效应；独立控制保留中间源；2023可能应保留，需要跨年直接证据才可确定；2023配对块区间跨零，仍不确定；2023删除分项/月度/缺失诊断至少一项护栏不通过,2
full34,volatility_60d,D,S4_full34_volatility_60d_2023,0.0021877544570225171,D源与F排名条件性效应；独立控制保留中间源；2023可能删除，需要跨年验证是否退化；2023配对块区间跨零，仍不确定；2023删除分项/月度/缺失诊断至少一项护栏不通过,2
full34,flag_limit_up,E,S4_full34_flag_limit_up_2023,-0.0026101825456660566,2023可能应保留，需要跨年直接证据才可确定；2023配对块区间跨零，仍不确定；2023删除分项/月度/缺失诊断至少一项护栏不通过,2
full34,flag_limit_down,E,S4_full34_flag_limit_down_2023,-0.10965197283760753,2023可能应保留，需要跨年直接证据才可确定；2023删除分项/月度/缺失诊断至少一项护栏不通过,2
full34,limit_up_count_5d,E,S4_full34_limit_up_count_5d_2023,0.0032592644589046205,2023可能删除，需要跨年验证是否退化；2023配对块区间跨零，仍不确定,2
full34,limit_down_count_5d,E,S4_full34_limit_down_count_5d_2023,-0.00072829972967278223,2023效应接近，补齐年份观察是否稳定或冲突；2023配对块区间跨零，仍不确定；2023删除分项/月度/缺失诊断至少一项护栏不通过,2
full34,ret_1d_rank_pct,F,S4_full34_ret_1d_rank_pct_2023,-0.012186471435863738,D源与F排名条件性效应；独立控制保留中间源；2023可能应保留，需要跨年直接证据才可确定；2023配对块区间跨零，仍不确定；2023删除分项/月度/缺失诊断至少一项护栏不通过,2
full34,ret_5d_rank_pct,F,S4_full34_ret_5d_rank_pct_2023,0.002174439609658102,D源与F排名条件性效应；独立控制保留中间源；2023可能删除，需要跨年验证是否退化；2023配对块区间跨零，仍不确定；2023删除分项/月度/缺失诊断至少一项护栏不通过,2
full34,ret_20d_rank_pct,F,S4_full34_ret_20d_rank_pct_2023,0.004077050386368436,D源与F排名条件性效应；独立控制保留中间源；2023可能删除，需要跨年验证是否退化；2023配对块区间跨零，仍不确定,2
full34,amount_ratio_5d_rank_pct,F,S4_full34_amount_ratio_5d_rank_pct_2023,0.0018701777230849537,D源与F排名条件性效应；独立控制保留中间源；2023可能删除，需要跨年验证是否退化；2023配对块区间跨零，仍不确定；2023删除分项/月度/缺失诊断至少一项护栏不通过,2
full34,volatility_20d_rank_pct,F,S4_full34_volatility_20d_rank_pct_2023,0.0018242941850596939,D源与F排名条件性效应；独立控制保留中间源；2023可能删除，需要跨年验证是否退化；2023配对块区间跨零，仍不确定；2023删除分项/月度/缺失诊断至少一项护栏不通过,2
full34,log_mean_amount_20d_rank_pct,F,S4_full34_log_mean_amount_20d_rank_pct_2023,-0.0039667173113048793,D源与F排名条件性效应；独立控制保留中间源；2023可能应保留，需要跨年直接证据才可确定；2023删除分项/月度/缺失诊断至少一项护栏不通过,2
lean31,close_location,B,S4_lean31_close_location_2023,-0.0027551961972827332,2023可能应保留，需要跨年直接证据才可确定；2023配对块区间跨零，仍不确定；2023删除分项/月度/缺失诊断至少一项护栏不通过,2
lean31,upper_shadow,B,S4_lean31_upper_shadow_2023,0.0039671115395138179,2023可能删除，需要跨年验证是否退化；2023配对块区间跨零，仍不确定；2023删除分项/月度/缺失诊断至少一项护栏不通过,2
lean31,lower_shadow,B,S4_lean31_lower_shadow_2023,0.0025011599640940574,2023可能删除，需要跨年验证是否退化；2023配对块区间跨零，仍不确定；2023删除分项/月度/缺失诊断至少一项护栏不通过,2
lean31,body_ratio,B,S4_lean31_body_ratio_2023,0.00272107138866437,2023可能删除，需要跨年验证是否退化；2023配对块区间跨零，仍不确定；2023删除分项/月度/缺失诊断至少一项护栏不通过,2
lean31,bias_20d,C,S4_lean31_bias_20d_2023,0.0028922233806844833,A/C组第3步跨年反转；单列直接检验不能被组级结果替代；2023可能删除，需要跨年验证是否退化；2023配对块区间跨零，仍不确定；2023删除分项/月度/缺失诊断至少一项护栏不通过,2
lean31,bias_60d,C,S4_lean31_bias_60d_2023,-0.0033346014283196224,A/C组第3步跨年反转；单列直接检验不能被组级结果替代；2023可能应保留，需要跨年直接证据才可确定；2023配对块区间跨零，仍不确定；2023删除分项/月度/缺失诊断至少一项护栏不通过,2
lean31,price_position_20d,C,S4_lean31_price_position_20d_2023,0.018773069758346611,A/C组第3步跨年反转；单列直接检验不能被组级结果替代；2023可能删除，需要跨年验证是否退化,2
lean31,price_position_60d,C,S4_lean31_price_position_60d_2023,0.00097164341619887518,A/C组第3步跨年反转；单列直接检验不能被组级结果替代；2023效应接近，补齐年份观察是否稳定或冲突；2023配对块区间跨零，仍不确定；2023删除分项/月度/缺失诊断至少一项护栏不通过,2
lean31,amount_ratio_20d,D,S4_lean31_amount_ratio_20d_2023,0.01262009792455035,D源与F排名条件性效应；独立控制保留中间源；2023可能删除，需要跨年验证是否退化,2
lean31,log_mean_amount_20d,D,S4_lean31_log_mean_amount_20d_2023,-0.0033147699967092381,D源与F排名条件性效应；独立控制保留中间源；2023可能应保留，需要跨年直接证据才可确定；2023配对块区间跨零，仍不确定；2023删除分项/月度/缺失诊断至少一项护栏不通过,2
lean31,volatility_60d,D,S4_lean31_volatility_60d_2023,-0.0032060331415574572,D源与F排名条件性效应；独立控制保留中间源；2023可能应保留，需要跨年直接证据才可确定；2023配对块区间跨零，仍不确定；2023删除分项/月度/缺失诊断至少一项护栏不通过,2
lean31,flag_limit_up,E,S4_lean31_flag_limit_up_2023,-0.0009010065916997545,2023效应接近，补齐年份观察是否稳定或冲突；2023配对块区间跨零，仍不确定；2023删除分项/月度/缺失诊断至少一项护栏不通过,2
lean31,flag_limit_down,E,S4_lean31_flag_limit_down_2023,-0.10988529380781412,2023可能应保留，需要跨年直接证据才可确定；2023删除分项/月度/缺失诊断至少一项护栏不通过,2
lean31,limit_up_count_5d,E,S4_lean31_limit_up_count_5d_2023,-0.0030282692352127383,2023可能应保留，需要跨年直接证据才可确定；2023配对块区间跨零，仍不确定；2023删除分项/月度/缺失诊断至少一项护栏不通过,2
lean31,limit_down_count_5d,E,S4_lean31_limit_down_count_5d_2023,-0.002526623639945158,2023可能应保留，需要跨年直接证据才可确定；2023配对块区间跨零，仍不确定；2023删除分项/月度/缺失诊断至少一项护栏不通过,2
lean31,ret_1d_rank_pct,F,S4_lean31_ret_1d_rank_pct_2023,-0.016229350200983622,D源与F排名条件性效应；独立控制保留中间源；2023可能应保留，需要跨年直接证据才可确定；2023配对块区间跨零，仍不确定；2023删除分项/月度/缺失诊断至少一项护栏不通过,2
lean31,ret_5d_rank_pct,F,S4_lean31_ret_5d_rank_pct_2023,0.0023626197312657249,D源与F排名条件性效应；独立控制保留中间源；2023可能删除，需要跨年验证是否退化；2023配对块区间跨零，仍不确定；2023删除分项/月度/缺失诊断至少一项护栏不通过,2
lean31,ret_20d_rank_pct,F,S4_lean31_ret_20d_rank_pct_2023,0.001146102799750498,D源与F排名条件性效应；独立控制保留中间源；2023可能删除，需要跨年验证是否退化；2023配对块区间跨零，仍不确定；2023删除分项/月度/缺失诊断至少一项护栏不通过,2
lean31,amount_ratio_5d_rank_pct,F,S4_lean31_amount_ratio_5d_rank_pct_2023,-0.00098055723012777096,D源与F排名条件性效应；独立控制保留中间源；2023效应接近，补齐年份观察是否稳定或冲突；2023配对块区间跨零，仍不确定；2023删除分项/月度/缺失诊断至少一项护栏不通过,2
lean31,volatility_20d_rank_pct,F,S4_lean31_volatility_20d_rank_pct_2023,0.005328352873594594,D源与F排名条件性效应；独立控制保留中间源；2023可能删除，需要跨年验证是否退化；2023配对块区间跨零，仍不确定,2
lean31,log_mean_amount_20d_rank_pct,F,S4_lean31_log_mean_amount_20d_rank_pct_2023,-0.00039528707542299535,D源与F排名条件性效应；独立控制保留中间源；2023效应接近，补齐年份观察是否稳定或冲突；2023配对块区间跨零，仍不确定；2023删除分项/月度/缺失诊断至少一项护栏不通过,2
