context,feature,decision,experiment_ids,direct_years,near_years,annual_direction_conflict,block_ci_spans_zero_years,deletion_guard_failure_years,clear_degradation_years,input_present_in_frozen_start,evidence_limit
full34,amount_ratio_20d,不确定,S4_full34_amount_ratio_20d_2021;S4_full34_amount_ratio_20d_2022;S4_full34_amount_ratio_20d_2023,2021;2022;2023,,True,2021;2022;2023,2021;2022;2023,,True,接近/方向冲突/区间跨零/删除护栏未通过；有年度负增量也不能自动确定必需
full34,amount_ratio_5d_rank_pct,不确定,S4_full34_amount_ratio_5d_rank_pct_2021;S4_full34_amount_ratio_5d_rank_pct_2022;S4_full34_amount_ratio_5d_rank_pct_2023,2021;2022;2023,,True,2021;2022;2023,2021;2022;2023,,True,接近/方向冲突/区间跨零/删除护栏未通过；有年度负增量也不能自动确定必需
full34,bias_20d,不确定,S4_full34_bias_20d_2021;S4_full34_bias_20d_2022;S4_full34_bias_20d_2023,2021;2022;2023,2022,True,2021;2022;2023,2021;2022;2023,,True,接近/方向冲突/区间跨零/删除护栏未通过；有年度负增量也不能自动确定必需
full34,bias_60d,不确定,S4_full34_bias_60d_2021;S4_full34_bias_60d_2022;S4_full34_bias_60d_2023,2021;2022;2023,,False,2021;2022;2023,2021;2022;2023,2022,True,接近/方向冲突/区间跨零/删除护栏未通过；有年度负增量也不能自动确定必需
full34,body_ratio,不确定,S4_full34_body_ratio_2021;S4_full34_body_ratio_2022;S4_full34_body_ratio_2023,2021;2022;2023,2023,False,2021;2022;2023,2021;2022;2023,,True,接近/方向冲突/区间跨零/删除护栏未通过；有年度负增量也不能自动确定必需
full34,close_location,不确定,S4_full34_close_location_2021;S4_full34_close_location_2022;S4_full34_close_location_2023,2021;2022;2023,,False,2021;2022;2023,2021;2022;2023,2022,True,接近/方向冲突/区间跨零/删除护栏未通过；有年度负增量也不能自动确定必需
full34,flag_limit_down,保留,S4_full34_flag_limit_down_2021;S4_full34_flag_limit_down_2022;S4_full34_flag_limit_down_2023,2021;2022;2023,,False,,2021;2022;2023,2021;2022;2023,True,三年直接负增量且区间上界<0；官方换手含缺标签行，保留只针对该评分口径
full34,flag_limit_up,不确定,S4_full34_flag_limit_up_2021;S4_full34_flag_limit_up_2022;S4_full34_flag_limit_up_2023,2021;2022;2023,,True,2021;2022;2023,2021;2022;2023,2021,True,接近/方向冲突/区间跨零/删除护栏未通过；有年度负增量也不能自动确定必需
full34,limit_down_count_5d,不确定,S4_full34_limit_down_count_5d_2021;S4_full34_limit_down_count_5d_2022;S4_full34_limit_down_count_5d_2023,2021;2022;2023,2023,True,2021;2022;2023,2021;2022;2023,2022,True,接近/方向冲突/区间跨零/删除护栏未通过；有年度负增量也不能自动确定必需
full34,limit_up_count_5d,不确定,S4_full34_limit_up_count_5d_2021;S4_full34_limit_up_count_5d_2022;S4_full34_limit_up_count_5d_2023,2021;2022;2023,2022,False,2021;2022;2023,2021;2022,,True,接近/方向冲突/区间跨零/删除护栏未通过；有年度负增量也不能自动确定必需
full34,log_mean_amount_20d,不确定,S4_full34_log_mean_amount_20d_2021;S4_full34_log_mean_amount_20d_2022;S4_full34_log_mean_amount_20d_2023,2021;2022;2023,,False,2021;2022;2023,2021;2022;2023,,True,接近/方向冲突/区间跨零/删除护栏未通过；有年度负增量也不能自动确定必需
full34,log_mean_amount_20d_rank_pct,不确定,S4_full34_log_mean_amount_20d_rank_pct_2021;S4_full34_log_mean_amount_20d_rank_pct_2022;S4_full34_log_mean_amount_20d_rank_pct_2023,2021;2022;2023,2021,True,2021;2022,2021;2022;2023,,True,接近/方向冲突/区间跨零/删除护栏未通过；有年度负增量也不能自动确定必需
full34,lower_shadow,不确定,S4_full34_lower_shadow_2021;S4_full34_lower_shadow_2022;S4_full34_lower_shadow_2023,2021;2022;2023,,True,2021;2022;2023,2022;2023,,True,接近/方向冲突/区间跨零/删除护栏未通过；有年度负增量也不能自动确定必需
full34,price_position_20d,不确定,S4_full34_price_position_20d_2021;S4_full34_price_position_20d_2022;S4_full34_price_position_20d_2023,2021;2022;2023,,True,2021;2022,2021;2022,2022,True,接近/方向冲突/区间跨零/删除护栏未通过；有年度负增量也不能自动确定必需
full34,price_position_60d,不确定,S4_full34_price_position_60d_2021;S4_full34_price_position_60d_2022;S4_full34_price_position_60d_2023,2021;2022;2023,2022;2023,True,2021;2022;2023,2022;2023,,True,接近/方向冲突/区间跨零/删除护栏未通过；有年度负增量也不能自动确定必需
full34,ret_10d,不确定,S4_full34_ret_10d_2021;S4_full34_ret_10d_2022;S4_full34_ret_10d_2023,2021;2022;2023,2022,True,2021;2022;2023,2021;2022;2023,,True,接近/方向冲突/区间跨零/删除护栏未通过；有年度负增量也不能自动确定必需
full34,ret_1d_rank_pct,不确定,S4_full34_ret_1d_rank_pct_2021;S4_full34_ret_1d_rank_pct_2022;S4_full34_ret_1d_rank_pct_2023,2021;2022;2023,,False,2021;2023,2021;2022;2023,2021;2022;2023,True,接近/方向冲突/区间跨零/删除护栏未通过；有年度负增量也不能自动确定必需
full34,ret_20d_rank_pct,不确定,S4_full34_ret_20d_rank_pct_2021;S4_full34_ret_20d_rank_pct_2022;S4_full34_ret_20d_rank_pct_2023,2021;2022;2023,,True,2021;2023,2021;2022,2021;2022,True,接近/方向冲突/区间跨零/删除护栏未通过；有年度负增量也不能自动确定必需
full34,ret_2d,不确定,S4_full34_ret_2d_2021;S4_full34_ret_2d_2022;S4_full34_ret_2d_2023,2021;2022;2023,2021;2023,True,2021;2022;2023,2021;2022;2023,2022,True,接近/方向冲突/区间跨零/删除护栏未通过；有年度负增量也不能自动确定必需
full34,ret_5d_rank_pct,不确定,S4_full34_ret_5d_rank_pct_2021;S4_full34_ret_5d_rank_pct_2022;S4_full34_ret_5d_rank_pct_2023,2021;2022;2023,,True,2021;2022;2023,2021;2022;2023,,True,接近/方向冲突/区间跨零/删除护栏未通过；有年度负增量也不能自动确定必需
full34,ret_60d,不确定,S4_full34_ret_60d_2021;S4_full34_ret_60d_2022;S4_full34_ret_60d_2023,2021;2022;2023,,True,2022;2023,2022,,True,接近/方向冲突/区间跨零/删除护栏未通过；有年度负增量也不能自动确定必需
full34,upper_shadow,不确定,S4_full34_upper_shadow_2021;S4_full34_upper_shadow_2022;S4_full34_upper_shadow_2023,2021;2022;2023,2023,True,2021;2022;2023,2021;2022;2023,,True,接近/方向冲突/区间跨零/删除护栏未通过；有年度负增量也不能自动确定必需
full34,volatility_20d_rank_pct,不确定,S4_full34_volatility_20d_rank_pct_2021;S4_full34_volatility_20d_rank_pct_2022;S4_full34_volatility_20d_rank_pct_2023,2021;2022;2023,2021,True,2021;2022;2023,2021;2022;2023,,True,接近/方向冲突/区间跨零/删除护栏未通过；有年度负增量也不能自动确定必需
full34,volatility_60d,不确定,S4_full34_volatility_60d_2021;S4_full34_volatility_60d_2022;S4_full34_volatility_60d_2023,2021;2022;2023,2021,True,2021;2022;2023,2021;2022;2023,,True,接近/方向冲突/区间跨零/删除护栏未通过；有年度负增量也不能自动确定必需
lean31,amount_ratio_20d,不确定,S4_lean31_amount_ratio_20d_2021;S4_lean31_amount_ratio_20d_2022;S4_lean31_amount_ratio_20d_2023,2021;2022;2023,,True,2021;2022,2021;2022,2021,True,接近/方向冲突/区间跨零/删除护栏未通过；有年度负增量也不能自动确定必需
lean31,amount_ratio_5d_rank_pct,不确定,S4_lean31_amount_ratio_5d_rank_pct_2021;S4_lean31_amount_ratio_5d_rank_pct_2022;S4_lean31_amount_ratio_5d_rank_pct_2023,2021;2022;2023,2023,True,2021;2022;2023,2021;2022;2023,,True,接近/方向冲突/区间跨零/删除护栏未通过；有年度负增量也不能自动确定必需
lean31,bias_20d,不确定,S4_lean31_bias_20d_2021;S4_lean31_bias_20d_2022;S4_lean31_bias_20d_2023,2021;2022;2023,,True,2021;2022;2023,2021;2022;2023,2022,True,接近/方向冲突/区间跨零/删除护栏未通过；有年度负增量也不能自动确定必需
lean31,bias_60d,不确定,S4_lean31_bias_60d_2021;S4_lean31_bias_60d_2022;S4_lean31_bias_60d_2023,2021;2022;2023,,False,2021;2022;2023,2021;2022;2023,,True,接近/方向冲突/区间跨零/删除护栏未通过；有年度负增量也不能自动确定必需
lean31,body_ratio,不确定,S4_lean31_body_ratio_2021;S4_lean31_body_ratio_2022;S4_lean31_body_ratio_2023,2021;2022;2023,,True,2021;2022;2023,2021;2022;2023,2022,True,接近/方向冲突/区间跨零/删除护栏未通过；有年度负增量也不能自动确定必需
lean31,close_location,不确定,S4_lean31_close_location_2021;S4_lean31_close_location_2022;S4_lean31_close_location_2023,2021;2022;2023,,False,2021;2022;2023,2021;2022;2023,2021,True,接近/方向冲突/区间跨零/删除护栏未通过；有年度负增量也不能自动确定必需
lean31,flag_limit_down,保留,S4_lean31_flag_limit_down_2021;S4_lean31_flag_limit_down_2022;S4_lean31_flag_limit_down_2023,2021;2022;2023,,False,,2021;2022;2023,2021;2022;2023,True,三年直接负增量且区间上界<0；官方换手含缺标签行，保留只针对该评分口径
lean31,flag_limit_up,不确定,S4_lean31_flag_limit_up_2021;S4_lean31_flag_limit_up_2022;S4_lean31_flag_limit_up_2023,2021;2022;2023,2023,True,2021;2022;2023,2021;2022;2023,2021,True,接近/方向冲突/区间跨零/删除护栏未通过；有年度负增量也不能自动确定必需
lean31,limit_down_count_5d,不确定,S4_lean31_limit_down_count_5d_2021;S4_lean31_limit_down_count_5d_2022;S4_lean31_limit_down_count_5d_2023,2021;2022;2023,,True,2021;2022;2023,2023,,True,接近/方向冲突/区间跨零/删除护栏未通过；有年度负增量也不能自动确定必需
lean31,limit_up_count_5d,不确定,S4_lean31_limit_up_count_5d_2021;S4_lean31_limit_up_count_5d_2022;S4_lean31_limit_up_count_5d_2023,2021;2022;2023,,True,2021;2022;2023,2022;2023,,True,接近/方向冲突/区间跨零/删除护栏未通过；有年度负增量也不能自动确定必需
lean31,log_mean_amount_20d,不确定,S4_lean31_log_mean_amount_20d_2021;S4_lean31_log_mean_amount_20d_2022;S4_lean31_log_mean_amount_20d_2023,2021;2022;2023,2021;2022,True,2021;2022;2023,2021;2023,,True,接近/方向冲突/区间跨零/删除护栏未通过；有年度负增量也不能自动确定必需
lean31,log_mean_amount_20d_rank_pct,不确定,S4_lean31_log_mean_amount_20d_rank_pct_2021;S4_lean31_log_mean_amount_20d_rank_pct_2022;S4_lean31_log_mean_amount_20d_rank_pct_2023,2021;2022;2023,2021;2023,False,2021;2022;2023,2021;2022;2023,,True,接近/方向冲突/区间跨零/删除护栏未通过；有年度负增量也不能自动确定必需
lean31,lower_shadow,不确定,S4_lean31_lower_shadow_2021;S4_lean31_lower_shadow_2022;S4_lean31_lower_shadow_2023,2021;2022;2023,,False,2021;2023,2022;2023,,True,接近/方向冲突/区间跨零/删除护栏未通过；有年度负增量也不能自动确定必需
lean31,price_position_20d,不确定,S4_lean31_price_position_20d_2021;S4_lean31_price_position_20d_2022;S4_lean31_price_position_20d_2023,2021;2022;2023,2022,True,2021;2022,2021;2022,,True,接近/方向冲突/区间跨零/删除护栏未通过；有年度负增量也不能自动确定必需
lean31,price_position_60d,不确定,S4_lean31_price_position_60d_2021;S4_lean31_price_position_60d_2022;S4_lean31_price_position_60d_2023,2021;2022;2023,2022;2023,True,2021;2022;2023,2022;2023,,True,接近/方向冲突/区间跨零/删除护栏未通过；有年度负增量也不能自动确定必需
lean31,ret_1d_rank_pct,不确定,S4_lean31_ret_1d_rank_pct_2021;S4_lean31_ret_1d_rank_pct_2022;S4_lean31_ret_1d_rank_pct_2023,2021;2022;2023,,False,2022;2023,2021;2022;2023,2021;2022;2023,True,接近/方向冲突/区间跨零/删除护栏未通过；有年度负增量也不能自动确定必需
lean31,ret_20d_rank_pct,不确定,S4_lean31_ret_20d_rank_pct_2021;S4_lean31_ret_20d_rank_pct_2022;S4_lean31_ret_20d_rank_pct_2023,2021;2022;2023,2022,True,2021;2022;2023,2021;2022;2023,,True,接近/方向冲突/区间跨零/删除护栏未通过；有年度负增量也不能自动确定必需
lean31,ret_5d_rank_pct,不确定,S4_lean31_ret_5d_rank_pct_2021;S4_lean31_ret_5d_rank_pct_2022;S4_lean31_ret_5d_rank_pct_2023,2021;2022;2023,,False,2021;2022;2023,2021;2023,,True,接近/方向冲突/区间跨零/删除护栏未通过；有年度负增量也不能自动确定必需
lean31,upper_shadow,不确定,S4_lean31_upper_shadow_2021;S4_lean31_upper_shadow_2022;S4_lean31_upper_shadow_2023,2021;2022;2023,,True,2021;2022;2023,2021;2022;2023,,True,接近/方向冲突/区间跨零/删除护栏未通过；有年度负增量也不能自动确定必需
lean31,volatility_20d_rank_pct,不确定,S4_lean31_volatility_20d_rank_pct_2021;S4_lean31_volatility_20d_rank_pct_2022;S4_lean31_volatility_20d_rank_pct_2023,2021;2022;2023,2022,False,2021;2022;2023,2021;2022,,True,接近/方向冲突/区间跨零/删除护栏未通过；有年度负增量也不能自动确定必需
lean31,volatility_60d,不确定,S4_lean31_volatility_60d_2021;S4_lean31_volatility_60d_2022;S4_lean31_volatility_60d_2023,2021;2022;2023,2021,True,2021;2022;2023,2021;2022;2023,,True,接近/方向冲突/区间跨零/删除护栏未通过；有年度负增量也不能自动确定必需
lean31,ret_2d,不确定,,,,False,,,,False,固定背景原候选未含A，不代表单列已证实可删
lean31,ret_10d,不确定,,,,False,,,,False,固定背景原候选未含A，不代表单列已证实可删
lean31,ret_60d,不确定,,,,False,,,,False,固定背景原候选未含A，不代表单列已证实可删
