context,feature,group,decision,currently_in_original_input,temporarily_keep,direct_years,experiment_ids,reason,delta_2023,delta_2021,delta_2022
full34,amount_ratio_20d,D,不确定,True,True,2021;2022;2023,S4_full34_amount_ratio_20d_2021;S4_full34_amount_ratio_20d_2022;S4_full34_amount_ratio_20d_2023,incomplete/near/conflicting/block CI or guard risk,0.0065160880287627732,-0.0014625523515038319,-0.0049990975348825906
full34,amount_ratio_5d_rank_pct,F,不确定,True,True,2021;2022;2023,S4_full34_amount_ratio_5d_rank_pct_2021;S4_full34_amount_ratio_5d_rank_pct_2022;S4_full34_amount_ratio_5d_rank_pct_2023,incomplete/near/conflicting/block CI or guard risk,0.0018701777230849537,-0.0040083387153323491,-0.0013472498140886247
full34,bias_20d,C,不确定,True,True,2021;2022;2023,S4_full34_bias_20d_2021;S4_full34_bias_20d_2022;S4_full34_bias_20d_2023,incomplete/near/conflicting/block CI or guard risk,-0.0036794191627233241,0.0029724320888472322,-0.00045669777239371045
full34,bias_60d,C,不确定,True,True,2021;2022;2023,S4_full34_bias_60d_2021;S4_full34_bias_60d_2022;S4_full34_bias_60d_2023,incomplete/near/conflicting/block CI or guard risk,-0.0023689961774414903,-0.0038637991660150917,-0.0089681256755728689
full34,body_ratio,B,不确定,True,True,2021;2022;2023,S4_full34_body_ratio_2021;S4_full34_body_ratio_2022;S4_full34_body_ratio_2023,incomplete/near/conflicting/block CI or guard risk,6.7167498175951801e-05,0.0045111453273721791,0.0020779064869428376
full34,close_location,B,不确定,True,True,2021;2022;2023,S4_full34_close_location_2021;S4_full34_close_location_2022;S4_full34_close_location_2023,incomplete/near/conflicting/block CI or guard risk,-0.0020146698542287955,-0.0039451392808368402,-0.0082401166577781293
full34,flag_limit_down,E,保留,True,True,2021;2022;2023,S4_full34_flag_limit_down_2021;S4_full34_flag_limit_down_2022;S4_full34_flag_limit_down_2023,conditional three-year evidence meets fixed rule,-0.10965197283760753,-0.16094240642392602,-0.2012978023976088
full34,flag_limit_up,E,不确定,True,True,2021;2022;2023,S4_full34_flag_limit_up_2021;S4_full34_flag_limit_up_2022;S4_full34_flag_limit_up_2023,incomplete/near/conflicting/block CI or guard risk,-0.0026101825456660566,-0.0057862017332978022,0.0060967057383778389
full34,limit_down_count_5d,E,不确定,True,True,2021;2022;2023,S4_full34_limit_down_count_5d_2021;S4_full34_limit_down_count_5d_2022;S4_full34_limit_down_count_5d_2023,incomplete/near/conflicting/block CI or guard risk,-0.00072829972967278223,0.0069377188271929624,-0.0053981975734050947
full34,limit_up_count_5d,E,不确定,True,True,2021;2022;2023,S4_full34_limit_up_count_5d_2021;S4_full34_limit_up_count_5d_2022;S4_full34_limit_up_count_5d_2023,incomplete/near/conflicting/block CI or guard risk,0.0032592644589046205,0.0076981526686273893,0.00040749638917936259
full34,log_mean_amount_20d,D,不确定,True,True,2021;2022;2023,S4_full34_log_mean_amount_20d_2021;S4_full34_log_mean_amount_20d_2022;S4_full34_log_mean_amount_20d_2023,incomplete/near/conflicting/block CI or guard risk,-0.0018482959969774171,-0.0032204809134919188,-0.0023093320950271501
full34,log_mean_amount_20d_rank_pct,F,不确定,True,True,2021;2022;2023,S4_full34_log_mean_amount_20d_rank_pct_2021;S4_full34_log_mean_amount_20d_rank_pct_2022;S4_full34_log_mean_amount_20d_rank_pct_2023,incomplete/near/conflicting/block CI or guard risk,-0.0039667173113048793,0.00012866025119762092,-0.0049946522018098349
full34,lower_shadow,B,不确定,True,True,2021;2022;2023,S4_full34_lower_shadow_2021;S4_full34_lower_shadow_2022;S4_full34_lower_shadow_2023,incomplete/near/conflicting/block CI or guard risk,0.0055638943800970786,0.005198301720354237,-0.0015817838432589104
full34,price_position_20d,C,不确定,True,True,2021;2022;2023,S4_full34_price_position_20d_2021;S4_full34_price_position_20d_2022;S4_full34_price_position_20d_2023,incomplete/near/conflicting/block CI or guard risk,0.0098190967231867876,-0.002282041038077387,-0.0070535479906126408
full34,price_position_60d,C,不确定,True,True,2021;2022;2023,S4_full34_price_position_60d_2021;S4_full34_price_position_60d_2022;S4_full34_price_position_60d_2023,incomplete/near/conflicting/block CI or guard risk,0.00056785588896099415,0.0046998061754764398,-0.00033830386387734279
full34,ret_10d,A,不确定,True,True,2021;2022;2023,S4_full34_ret_10d_2021;S4_full34_ret_10d_2022;S4_full34_ret_10d_2023,incomplete/near/conflicting/block CI or guard risk,0.0024624364958712175,0.0022694109726721923,-3.1336375252433157e-06
full34,ret_1d_rank_pct,F,不确定,True,True,2021;2022;2023,S4_full34_ret_1d_rank_pct_2021;S4_full34_ret_1d_rank_pct_2022;S4_full34_ret_1d_rank_pct_2023,incomplete/near/conflicting/block CI or guard risk,-0.012186471435863738,-0.014828301908910158,-0.039583375090922301
full34,ret_20d_rank_pct,F,不确定,True,True,2021;2022;2023,S4_full34_ret_20d_rank_pct_2021;S4_full34_ret_20d_rank_pct_2022;S4_full34_ret_20d_rank_pct_2023,incomplete/near/conflicting/block CI or guard risk,0.004077050386368436,-0.0066614258330173204,-0.010676521928536631
full34,ret_2d,A,不确定,True,True,2021;2022;2023,S4_full34_ret_2d_2021;S4_full34_ret_2d_2022;S4_full34_ret_2d_2023,incomplete/near/conflicting/block CI or guard risk,-0.0006281082856925968,0.0001625048033366272,-0.0059217421940696013
full34,ret_5d_rank_pct,F,不确定,True,True,2021;2022;2023,S4_full34_ret_5d_rank_pct_2021;S4_full34_ret_5d_rank_pct_2022;S4_full34_ret_5d_rank_pct_2023,incomplete/near/conflicting/block CI or guard risk,0.002174439609658102,0.0046508842868635547,-0.0035038568125151937
full34,ret_60d,A,不确定,True,True,2021;2022;2023,S4_full34_ret_60d_2021;S4_full34_ret_60d_2022;S4_full34_ret_60d_2023,incomplete/near/conflicting/block CI or guard risk,0.0021728892207223682,0.011244174685880237,-0.0046665672118453294
full34,upper_shadow,B,不确定,True,True,2021;2022;2023,S4_full34_upper_shadow_2021;S4_full34_upper_shadow_2022;S4_full34_upper_shadow_2023,incomplete/near/conflicting/block CI or guard risk,-0.00018623887505761494,0.0017355187998115973,-0.0042869152496919916
full34,volatility_20d_rank_pct,F,不确定,True,True,2021;2022;2023,S4_full34_volatility_20d_rank_pct_2021;S4_full34_volatility_20d_rank_pct_2022;S4_full34_volatility_20d_rank_pct_2023,incomplete/near/conflicting/block CI or guard risk,0.0018242941850596939,-0.00035384252792147741,0.0020362775026877555
full34,volatility_60d,D,不确定,True,True,2021;2022;2023,S4_full34_volatility_60d_2021;S4_full34_volatility_60d_2022;S4_full34_volatility_60d_2023,incomplete/near/conflicting/block CI or guard risk,0.0021877544570225171,0.00093172789464118777,-0.0030860234729437885
lean31,amount_ratio_20d,D,不确定,True,True,2021;2022;2023,S4_lean31_amount_ratio_20d_2021;S4_lean31_amount_ratio_20d_2022;S4_lean31_amount_ratio_20d_2023,incomplete/near/conflicting/block CI or guard risk,0.01262009792455035,-0.0050187141994324502,0.0016486063944152751
lean31,amount_ratio_5d_rank_pct,F,不确定,True,True,2021;2022;2023,S4_lean31_amount_ratio_5d_rank_pct_2021;S4_lean31_amount_ratio_5d_rank_pct_2022;S4_lean31_amount_ratio_5d_rank_pct_2023,incomplete/near/conflicting/block CI or guard risk,-0.00098055723012777096,0.0028382932152354878,-0.0043547254445233108
lean31,bias_20d,C,不确定,True,True,2021;2022;2023,S4_lean31_bias_20d_2021;S4_lean31_bias_20d_2022;S4_lean31_bias_20d_2023,incomplete/near/conflicting/block CI or guard risk,0.0028922233806844833,0.0032541618879865508,-0.0053202486050746289
lean31,bias_60d,C,不确定,True,True,2021;2022;2023,S4_lean31_bias_60d_2021;S4_lean31_bias_60d_2022;S4_lean31_bias_60d_2023,incomplete/near/conflicting/block CI or guard risk,-0.0033346014283196224,-0.0015849206511383551,-0.0016858813229957414
lean31,body_ratio,B,不确定,True,True,2021;2022;2023,S4_lean31_body_ratio_2021;S4_lean31_body_ratio_2022;S4_lean31_body_ratio_2023,incomplete/near/conflicting/block CI or guard risk,0.00272107138866437,0.0045151160587140193,-0.0055423494708316534
lean31,close_location,B,不确定,True,True,2021;2022;2023,S4_lean31_close_location_2021;S4_lean31_close_location_2022;S4_lean31_close_location_2023,incomplete/near/conflicting/block CI or guard risk,-0.0027551961972827332,-0.0056074458153613227,-0.0042455512764655312
lean31,flag_limit_down,E,保留,True,True,2021;2022;2023,S4_lean31_flag_limit_down_2021;S4_lean31_flag_limit_down_2022;S4_lean31_flag_limit_down_2023,conditional three-year evidence meets fixed rule,-0.10988529380781412,-0.1621513198473325,-0.18944119007738566
lean31,flag_limit_up,E,不确定,True,True,2021;2022;2023,S4_lean31_flag_limit_up_2021;S4_lean31_flag_limit_up_2022;S4_lean31_flag_limit_up_2023,incomplete/near/conflicting/block CI or guard risk,-0.0009010065916997545,-0.0060353082270591107,0.0057887008821243535
lean31,limit_down_count_5d,E,不确定,True,True,2021;2022;2023,S4_lean31_limit_down_count_5d_2021;S4_lean31_limit_down_count_5d_2022;S4_lean31_limit_down_count_5d_2023,incomplete/near/conflicting/block CI or guard risk,-0.002526623639945158,0.0030872837756772964,0.0042263666252646548
lean31,limit_up_count_5d,E,不确定,True,True,2021;2022;2023,S4_lean31_limit_up_count_5d_2021;S4_lean31_limit_up_count_5d_2022;S4_lean31_limit_up_count_5d_2023,incomplete/near/conflicting/block CI or guard risk,-0.0030282692352127383,0.0075001454785637023,-0.0041894596554843955
lean31,log_mean_amount_20d,D,不确定,True,True,2021;2022;2023,S4_lean31_log_mean_amount_20d_2021;S4_lean31_log_mean_amount_20d_2022;S4_lean31_log_mean_amount_20d_2023,incomplete/near/conflicting/block CI or guard risk,-0.0033147699967092381,0.00018004905472635002,0.00045323270095526391
lean31,log_mean_amount_20d_rank_pct,F,不确定,True,True,2021;2022;2023,S4_lean31_log_mean_amount_20d_rank_pct_2021;S4_lean31_log_mean_amount_20d_rank_pct_2022;S4_lean31_log_mean_amount_20d_rank_pct_2023,incomplete/near/conflicting/block CI or guard risk,-0.00039528707542299535,-0.00094958264928168834,-0.0024280657253937243
lean31,lower_shadow,B,不确定,True,True,2021;2022;2023,S4_lean31_lower_shadow_2021;S4_lean31_lower_shadow_2022;S4_lean31_lower_shadow_2023,incomplete/near/conflicting/block CI or guard risk,0.0025011599640940574,0.0089160872864430529,0.012346600791678097
lean31,price_position_20d,C,不确定,True,True,2021;2022;2023,S4_lean31_price_position_20d_2021;S4_lean31_price_position_20d_2022;S4_lean31_price_position_20d_2023,incomplete/near/conflicting/block CI or guard risk,0.018773069758346611,0.0065779901089295656,-0.00074488054139121296
lean31,price_position_60d,C,不确定,True,True,2021;2022;2023,S4_lean31_price_position_60d_2021;S4_lean31_price_position_60d_2022;S4_lean31_price_position_60d_2023,incomplete/near/conflicting/block CI or guard risk,0.00097164341619887518,0.0073739145463461719,-0.00071403018010235408
lean31,ret_1d_rank_pct,F,不确定,True,True,2021;2022;2023,S4_lean31_ret_1d_rank_pct_2021;S4_lean31_ret_1d_rank_pct_2022;S4_lean31_ret_1d_rank_pct_2023,incomplete/near/conflicting/block CI or guard risk,-0.016229350200983622,-0.021567359946113585,-0.028361259991498411
lean31,ret_20d_rank_pct,F,不确定,True,True,2021;2022;2023,S4_lean31_ret_20d_rank_pct_2021;S4_lean31_ret_20d_rank_pct_2022;S4_lean31_ret_20d_rank_pct_2023,incomplete/near/conflicting/block CI or guard risk,0.001146102799750498,-0.0026669669938411689,-0.0002895767723576359
lean31,ret_5d_rank_pct,F,不确定,True,True,2021;2022;2023,S4_lean31_ret_5d_rank_pct_2021;S4_lean31_ret_5d_rank_pct_2022;S4_lean31_ret_5d_rank_pct_2023,incomplete/near/conflicting/block CI or guard risk,0.0023626197312657249,0.0020141644154383909,0.0018381372887182335
lean31,upper_shadow,B,不确定,True,True,2021;2022;2023,S4_lean31_upper_shadow_2021;S4_lean31_upper_shadow_2022;S4_lean31_upper_shadow_2023,incomplete/near/conflicting/block CI or guard risk,0.0039671115395138179,0.0013533366900850829,-0.0029928265487890182
lean31,volatility_20d_rank_pct,F,不确定,True,True,2021;2022;2023,S4_lean31_volatility_20d_rank_pct_2021;S4_lean31_volatility_20d_rank_pct_2022;S4_lean31_volatility_20d_rank_pct_2023,incomplete/near/conflicting/block CI or guard risk,0.005328352873594594,0.0018869146820233995,7.4406285683448203e-05
lean31,volatility_60d,D,不确定,True,True,2021;2022;2023,S4_lean31_volatility_60d_2021;S4_lean31_volatility_60d_2022;S4_lean31_volatility_60d_2023,incomplete/near/conflicting/block CI or guard risk,-0.0032060331415574572,0.00072552058019759169,0.0064110286808937156
lean31,ret_2d,A,不确定,False,False,,,absent by fixed starting candidate; no individual necessity conclusion,,,
lean31,ret_10d,A,不确定,False,False,,,absent by fixed starting candidate; no individual necessity conclusion,,,
lean31,ret_60d,A,不确定,False,False,,,absent by fixed starting candidate; no individual necessity conclusion,,,
