trade_date,previous_trade_date,turnover
20240103,20240102,0.5474683544303798
20240104,20240103,0.5511811023622047
20240105,20240104,0.652046783625731
20240108,20240105,0.5349206349206349
20240109,20240108,0.5357710651828299
20240110,20240109,0.5802469135802469
20240111,20240110,0.6324404761904762
20240112,20240111,0.5787037037037037
20240115,20240112,0.5705426356589147
20240116,20240115,0.5334394904458599
20240117,20240116,0.5638629283489096
20240118,20240117,0.5080906148867315
20240119,20240118,0.5564263322884013
20240122,20240119,0.6500732064421669
20240123,20240122,0.3506261180679785
20240124,20240123,0.5913978494623655
20240125,20240124,0.6602941176470588
20240126,20240125,0.5882352941176471
20240129,20240126,0.4918032786885246
20240130,20240129,0.4522613065326633
20240131,20240130,0.5517241379310345
20240201,20240131,0.6331360946745562
20240202,20240201,0.34408602150537637
20240205,20240202,0.3151183970856102
20240206,20240205,0.5507936507936508
20240207,20240206,0.5512820512820513
20240208,20240207,0.5263157894736843
20240219,20240208,0.5776293823038398
20240220,20240219,0.7507042253521127
20240221,20240220,0.7510431154381085
20240222,20240221,0.7599451303155007
20240223,20240222,0.5016556291390728
20240226,20240223,0.5340909090909092
20240227,20240226,0.4617996604414262
20240228,20240227,0.6499261447562776
20240229,20240228,0.5281803542673108
20240301,20240229,0.6417910447761195
20240304,20240301,0.6166666666666667
20240305,20240304,0.6484490398818317
20240306,20240305,0.6671532846715329
20240307,20240306,0.6448736998514115
20240308,20240307,0.579192546583851
20240311,20240308,0.6181818181818182
20240312,20240311,0.6686131386861314
20240313,20240312,0.642433234421365
20240314,20240313,0.5804953560371517
20240315,20240314,0.5769828926905132
20240318,20240315,0.5809968847352025
20240319,20240318,0.6373134328358209
20240320,20240319,0.598159509202454
20240321,20240320,0.6103500761035008
20240322,20240321,0.6136363636363636
20240325,20240322,0.6519823788546255
20240326,20240325,0.5497630331753555
20240327,20240326,0.6598540145985401
20240328,20240327,0.506514657980456
20240329,20240328,0.571875
20240401,20240329,0.6448736998514115
20240402,20240401,0.6103500761035008
20240403,20240402,0.6
20240408,20240403,0.6189759036144578
20240409,20240408,0.555205047318612
20240410,20240409,0.5707620528771384
20240411,20240410,0.528
20240412,20240411,0.5374800637958532
20240415,20240412,0.6165413533834587
20240416,20240415,0.5546875
20240417,20240416,0.4045936395759717
20240418,20240417,0.4882154882154882
20240419,20240418,0.4809286898839138
20240422,20240419,0.700709219858156
20240423,20240422,0.736551724137931
20240424,20240423,0.5769828926905132
20240425,20240424,0.6240601503759399
20240426,20240425,0.6796536796536796
20240429,20240426,0.6447761194029851
20240430,20240429,0.5987654320987654
20240506,20240430,0.6176024279210925
20240507,20240506,0.49752883031301487
20240508,20240507,0.6231231231231231
20240509,20240508,0.5716510903426791
20240510,20240509,0.6480117820324005
20240513,20240510,0.6355555555555555
20240514,20240513,0.5536277602523659
20240515,20240514,0.5628930817610063
20240516,20240515,0.55748031496063
20240517,20240516,0.5800933125972005
20240520,20240517,0.6291291291291291
20240521,20240520,0.5412698412698413
20240522,20240521,0.49918433931484507
20240523,20240522,0.5736434108527132
20240524,20240523,0.6186186186186187
20240527,20240524,0.5817901234567902
20240528,20240527,0.591743119266055
20240529,20240528,0.5056726094003241
20240530,20240529,0.5427215189873418
20240531,20240530,0.6268656716417911
20240603,20240531,0.5616224648985959
20240604,20240603,0.607250755287009
20240605,20240604,0.48355263157894735
20240606,20240605,0.5425867507886435
20240607,20240606,0.46488294314381273
20240611,20240607,0.5842349304482226
20240612,20240611,0.6136363636363636
20240613,20240612,0.5741029641185648
20240614,20240613,0.6941678520625889
20240617,20240614,0.6564327485380117
20240618,20240617,0.5789473684210527
20240619,20240618,0.5390749601275917
20240620,20240619,0.5488958990536277
20240621,20240620,0.5247999999999999
20240624,20240621,0.6315007429420505
20240625,20240624,0.5595611285266457
20240626,20240625,0.6588579795021963
20240627,20240626,0.6216216216216216
20240628,20240627,0.5602503912363067
20240701,20240628,0.6132930513595166
20240702,20240701,0.6389301634472511
20240703,20240702,0.7260083449235049
20240704,20240703,0.6039453717754173
20240705,20240704,0.6335311572700297
20240708,20240705,0.6495601173020528
20240709,20240708,0.6233183856502242
20240710,20240709,0.5920245398773006
20240711,20240710,0.5154471544715447
20240712,20240711,0.5778816199376947
20240715,20240712,0.5081168831168832
20240716,20240715,0.5435816164817749
20240717,20240716,0.6075757575757577
20240718,20240717,0.5729813664596273
20240719,20240718,0.5588697017268446
20240722,20240719,0.5694227769110765
20240723,20240722,0.5738724727838258
20240724,20240723,0.5678627145085804
20240725,20240724,0.5121555915721232
20240726,20240725,0.5327999999999999
20240729,20240726,0.5241935483870968
20240730,20240729,0.5756630265210608
20240731,20240730,0.6622613803230544
20240801,20240731,0.5705329153605015
20240802,20240801,0.6627737226277373
20240805,20240802,0.6153846153846154
20240806,20240805,0.527331189710611
20240807,20240806,0.5895061728395061
20240808,20240807,0.6459259259259259
20240809,20240808,0.6637554585152838
20240812,20240809,0.6847360912981455
20240813,20240812,0.6087613293051359
20240814,20240813,0.5867895545314901
20240815,20240814,0.6054628224582701
20240816,20240815,0.5948012232415902
20240819,20240816,0.6304023845007451
20240820,20240819,0.528
20240821,20240820,0.5396825396825398
20240822,20240821,0.5817901234567902
20240823,20240822,0.5602503912363067
20240826,20240823,0.64
20240827,20240826,0.643491124260355
20240828,20240827,0.5920245398773006
20240829,20240828,0.6168929110105581
20240830,20240829,0.6130500758725341
20240902,20240830,0.6178247734138973
20240903,20240902,0.6184012066365008
20240904,20240903,0.5626959247648903
20240905,20240904,0.600609756097561
20240906,20240905,0.6810344827586207
20240909,20240906,0.6324404761904762
20240910,20240909,0.5904907975460123
20240911,20240910,0.5852534562211982
20240912,20240911,0.5720930232558139
20240913,20240912,0.5714285714285714
20240918,20240913,0.6233183856502242
20240919,20240918,0.5474683544303798
20240920,20240919,0.5406698564593302
20240923,20240920,0.5414012738853503
20240924,20240923,0.6270676691729323
20240925,20240924,0.6352765321375187
20240926,20240925,0.6642120765832107
20240927,20240926,0.6622023809523809
20240930,20240927,0.7267175572519085
20241008,20240930,0.6845637583892618
20241009,20241008,0.8637566137566137
20241010,20241009,0.41145833333333337
20241011,20241010,0.4724540901502504
20241014,20241011,0.5337620578778135
20241015,20241014,0.739612188365651
20241016,20241015,0.7804551539491298
20241017,20241016,0.6858789625360231
20241018,20241017,0.6133942161339422
20241021,20241018,0.5734597156398105
20241022,20241021,0.6491754122938531
20241023,20241022,0.5956454121306376
20241024,20241023,0.5897035881435257
20241025,20241024,0.6248085758039816
20241028,20241025,0.6621212121212121
20241029,20241028,0.6955882352941176
20241030,20241029,0.5617977528089888
20241031,20241030,0.589540412044374
20241101,20241031,0.6924198250728864
20241104,20241101,0.6425339366515836
20241105,20241104,0.5946372239747635
20241106,20241105,0.6018808777429467
20241107,20241106,0.6244204018547141
20241108,20241107,0.7329545454545454
20241111,20241108,0.6059190031152648
20241112,20241111,0.6616989567809239
20241113,20241112,0.6058282208588956
20241114,20241113,0.5590551181102362
20241115,20241114,0.6287425149700598
20241118,20241115,0.7907284768211921
20241119,20241118,0.6176024279210925
20241120,20241119,0.6064814814814814
20241121,20241120,0.662704309063893
20241122,20241121,0.6453055141579731
20241125,20241122,0.6592592592592592
20241126,20241125,0.6927536231884057
20241127,20241126,0.6094946401225114
20241128,20241127,0.58125
20241129,20241128,0.5968992248062015
20241202,20241129,0.6393939393939394
20241203,20241202,0.7097701149425287
20241204,20241203,0.6355421686746988
20241205,20241204,0.6251896813353566
20241206,20241205,0.6793557833089312
20241209,20241206,0.6507462686567165
20241210,20241209,0.6146788990825688
20241211,20241210,0.625
20241212,20241211,0.6715976331360947
20241213,20241212,0.677891654465593
20241216,20241213,0.6537890044576523
20241217,20241216,0.6710334788937409
20241218,20241217,0.5383386581469649
20241219,20241218,0.6336336336336337
20241220,20241219,0.5516693163751987
20241223,20241220,0.6287425149700598
20241224,20241223,0.5870570107858244
20241225,20241224,0.5620094191522763
20241226,20241225,0.47920133111480867
20241227,20241226,0.6091603053435115
20241230,20241227,0.6489675516224189
20241231,20241230,0.631892697466468
