trade_date,ic,n
20240102,-0.017583241599947928,4523
20240103,0.09351060429938729,4523
20240104,-0.0026702071650869267,4523
20240105,0.16230849442009387,4524
20240108,0.070117246238604,4523
20240109,0.15651181965473612,4523
20240110,-0.43298975825065933,4524
20240111,0.17561169213742792,4523
20240112,0.002979606173203459,4522
20240115,0.16706055171548753,4524
20240116,0.1307364323579009,4526
20240117,0.05712553118663691,4526
20240118,0.10270396140474232,4527
20240119,0.3048369167387754,4527
20240122,0.23508807822732164,4528
20240123,-0.008959545692948033,4527
20240124,-0.2282399506232108,4529
20240125,0.20686958610311088,4529
20240126,0.2770120566483036,4530
20240129,0.18816265226840542,4530
20240130,0.27428398055745595,4531
20240131,-0.09624824929859795,4532
20240201,0.4829406163639172,4531
20240202,0.6911628262435058,4532
20240205,0.472826067514671,4531
20240206,0.7216330476853791,4533
20240207,-0.6383168144526273,4533
20240208,-0.7080984459484778,4534
20240219,-0.5031661432479237,4534
20240220,-0.4349272094479182,4534
20240221,0.4005098284197006,4534
20240222,0.6784327158196425,4533
20240223,0.33785825684534215,4532
20240226,0.35158101777420026,4532
20240227,-0.7645173101153093,4532
20240228,0.372649534738224,4532
20240229,0.1687191434979228,4532
20240301,0.01454653952382748,4532
20240304,0.11614818705164864,4532
20240305,-0.3735495177119343,4530
20240306,-0.22747280201047218,4531
20240307,0.036587408039033265,4530
20240308,-0.2925722850548118,4530
20240311,-0.2301937791923227,4530
20240312,-0.10769363570115491,4531
20240313,-0.10010184677174847,4531
20240314,-0.039425452221350236,4530
20240315,0.06948621328875208,4529
20240318,-0.001586320465438198,4529
20240319,0.15656480798363495,4530
20240320,0.09816188256003926,4530
20240321,-0.03515673000354852,4530
20240322,-0.24409900369145623,4530
20240325,-0.024071739662483764,4529
20240326,0.13102235006038698,4531
20240327,-0.43605119159650463,4531
20240328,-0.011107386687749765,4536
20240329,-0.22004227315854585,4537
20240401,0.2672147707513432,4539
20240402,0.2803520943167099,4538
20240403,-0.0828778297449849,4539
20240408,-0.16093527707171681,4540
20240409,0.2774708076955083,4542
20240410,0.06626330176182174,4542
20240411,0.07507399123579393,4542
20240412,0.29320373178664816,4541
20240415,0.574164547876306,4541
20240416,-0.6609207740100749,4541
20240417,0.13310611726198332,4540
20240418,0.25176040304530967,4539
20240419,0.11691776845771756,4537
20240422,-0.23210420086399094,4535
20240423,0.204878121042271,4536
20240424,-0.08033891391273182,4534
20240425,-0.11269593621030016,4524
20240426,0.1372385933239818,4509
20240429,-0.010781049516942216,4464
20240430,-0.06261550712054488,4476
20240506,0.049788966992083766,4523
20240507,0.0023355154831207273,4521
20240508,-0.05268090931273376,4519
20240509,0.07244621080396026,4521
20240510,0.1526537968691447,4518
20240513,-0.30643624917171197,4517
20240514,-0.1405013498322736,4521
20240515,-0.1645503113309696,4521
20240516,-0.08883513164936058,4521
20240517,-0.16954508697193993,4518
20240520,-0.004297984803722484,4518
20240521,0.09265883053564539,4521
20240522,-0.06746976188691121,4522
20240523,-0.21397282730948342,4522
20240524,-0.01985715001853188,4520
20240527,0.1189113926778336,4519
20240528,-0.0699380757299916,4518
20240529,-0.027964721097393352,4519
20240530,-0.20314494198424768,4518
20240531,0.08195892389921663,4518
20240603,0.019022794958774687,4517
20240604,0.27181983149795175,4517
20240605,0.4203281638413865,4522
20240606,-0.6024417136447564,4523
20240607,-0.16093988346063923,4518
20240611,-0.4545538991996794,4520
20240612,0.12112479251905983,4523
20240613,-0.11561295472420255,4524
20240614,-0.03953355598526136,4526
20240617,0.11727546885843615,4523
20240618,0.06549611155349315,4522
20240619,-0.1120330698558622,4521
20240620,-0.0025150625010997734,4520
20240621,0.07568607228100993,4484
20240624,0.009340478557025224,4480
20240625,-0.4437914452870951,4515
20240626,0.10734069656279359,4513
20240627,-0.12073192090432452,4513
20240628,-0.05175329197163056,4512
20240701,0.1637957891649201,4512
20240702,-0.02562356055916626,4510
20240703,-0.10059230633249885,4511
20240704,-0.06183113561265075,4511
20240705,0.08010130110194391,4507
20240708,-0.26572092328847413,4510
20240709,0.06996543598541949,4516
20240710,-0.35089857108635525,4518
20240711,-0.06637372448322387,4519
20240712,0.008474733614806221,4519
20240715,0.16118742750340362,4520
20240716,0.07141808859516417,4517
20240717,0.0995991510043661,4513
20240718,-0.1947204649152852,4512
20240719,-0.17158924004694937,4511
20240722,0.012930422524204337,4511
20240723,0.09922420788368469,4511
20240724,0.033737728091795274,4510
20240725,-0.061983351743060765,4509
20240726,0.22952455712471648,4509
20240729,0.05338012285015303,4510
20240730,-0.304578154484261,4510
20240731,0.11179008456879025,4507
20240801,-0.16985984785035504,4510
20240802,0.05748165643813732,4510
20240805,0.04604160805495712,4510
20240806,-0.29485243467422856,4511
20240807,0.1859801666817762,4512
20240808,-0.2504353276667268,4513
20240809,0.08153691573584626,4513
20240812,-0.19383229524534168,4514
20240813,0.01921939799959058,4514
20240814,-0.07066900181222409,4513
20240815,0.17578455908395288,4514
20240816,-0.06806453027886153,4513
20240819,0.06253670661933086,4514
20240820,-0.062219533622848044,4515
20240821,-0.06464775206206476,4514
20240822,0.06758762409011496,4513
20240823,-0.20144558642883786,4513
20240826,-0.011242229671520717,4513
20240827,-0.09338214113122913,4513
20240828,-0.17528968011168386,4512
20240829,-0.15874809600905593,4513
20240830,0.10808651519483896,4510
20240902,0.05771832881753003,4509
20240903,-0.001012346874381035,4509
20240904,-0.07569451651886357,4509
20240905,-0.02854442037538112,4509
20240906,-0.03528432809778843,4508
20240909,-0.11469947858117782,4509
20240910,-0.04878031195897511,4510
20240911,0.0508424654723479,4513
20240912,0.1401982754072942,4514
20240913,-0.017901283487216382,4510
20240918,-0.1840209429500909,4510
20240919,0.14518252362095507,4514
20240920,0.06434534727500427,4514
20240923,-0.2216734551917062,4516
20240924,-0.04743523537343253,4517
20240925,0.10392464014510541,4517
20240926,0.08537402835853489,4517
20240927,0.3540444056073827,4514
20240930,0.5337501395371681,4510
20241008,-0.4458183391806718,4510
20241009,-0.39408780159836865,4511
20241010,-0.5607898822743469,4512
20241011,0.15786456962271686,4512
20241014,0.06438643421368474,4513
20241015,0.15867974617821287,4515
20241016,-0.1753131637263989,4517
20241017,-0.23783078018917522,4519
20241018,0.36298953740976303,4518
20241021,-0.2531800806366128,4520
20241022,-0.23260876239940126,4519
20241023,-0.16659052429303575,4519
20241024,0.14478488238587012,4519
20241025,0.1733953752410509,4516
20241028,-0.12841442612877585,4516
20241029,0.20670310958633129,4517
20241030,0.14944415920466383,4516
20241031,-0.22538505287690325,4515
20241101,-0.25554893061295025,4518
20241104,-0.10730369515982223,4520
20241105,0.028205241921986406,4521
20241106,-0.03750338783367845,4521
20241107,-0.23626346223040057,4521
20241108,0.17329748268281842,4519
20241111,-0.241047616511581,4520
20241112,-0.13408513035501757,4521
20241113,-0.18866586748873362,4521
20241114,0.04723739436493286,4519
20241115,-0.11029828668089277,4517
20241118,-0.42924871666116354,4518
20241119,-0.14974486908620066,4520
20241120,0.035794361498835026,4522
20241121,0.10264693655078702,4523
20241122,0.09225325713761263,4523
20241125,-0.20504997611737638,4525
20241126,-0.22379762117806543,4524
20241127,0.11255287362118685,4523
20241128,-0.17331816331601957,4523
20241129,-0.04888033762837804,4525
20241202,-0.13307507552577164,4524
20241203,-0.09707039477242713,4523
20241204,-0.03714481560205147,4523
20241205,-0.18334611808087106,4525
20241206,-0.02530913645543823,4522
20241209,-0.2337922215807133,4523
20241210,-0.05833263981084129,4524
20241211,-0.08356486503752274,4524
20241212,0.003243292630791195,4524
20241213,-0.015515415332513983,4525
20241216,-0.28096753816690245,4526
20241217,-0.06988199134261937,4525
20241218,-0.11355242249420923,4525
20241219,-0.19992480513149977,4525
20241220,0.3150900474174763,4526
20241223,0.24275215823490143,4528
20241224,0.2643274947012194,4525
20241225,-0.0249789847082604,4525
20241226,-0.3518714771263619,4527
20241227,0.29939701017048437,4522
20241230,0.0004973703374934029,4523
20241231,-0.02958021487668878,4525
