month,ic,excess,turnover
202401,0.08264673897732465,0.0005493579419302033,0.5562645878340221
202402,0.10861914211268325,0.002743397321842171,0.5623804370612991
202403,-0.08193364644867614,-0.0055720369902365246,0.612632289217653
202404,0.0637187380052054,-0.0009089475534895753,0.5886056366418888
202405,-0.0479220431919133,-0.002978447796298384,0.5779102830398258
202406,-0.04718275720550633,-0.0031193049283714486,0.5792621313648344
202407,-0.017773147066893816,-0.0023436912535031358,0.586230293147054
202408,-0.045928786666656035,-0.004953934591043954,0.6046065959589065
202409,0.04001757025433208,0.002134525530864308,0.6105582397282515
202410,-0.07787616663674427,-0.007342903574379088,0.6292875383762512
202411,-0.09279850062295814,-0.008109902094430129,0.6386937895908966
202412,-0.03693639738874212,-0.004297004650510643,0.6238482302254084
