year,deleted_group,context_before,context_after,final_score_deletion_delta,ic_mean_deletion_delta,annual_excess_deletion_delta,mean_turnover_deletion_delta,price_valid_only_turnover_deletion_delta,top_missing_label_fraction_deletion_delta
2021,A,full34,lean31,-0.0036700692697710924,0.00099519700545308565,0.0013384874171251671,0.014898980990299515,-0.0037655739012862899,0
2021,C,lean31,lean27,-0.015792301340796067,-0.0018721480532247481,-0.048110166998541204,0.0020346400664795206,0.0048791050003734737,0
2021,E,lean27,lean23,-0.0067235540784509884,-0.0023764980292955012,-0.018540704701351662,0.00070247818775770465,-0.0020630741309272116,-9.0161569532565267e-06
2022,A,full34,lean31,0.0017219888907566983,0.00026619613085239469,0.014909183223616673,0.0095241484288973999,-0.0053962863019568763,-0.0087038258873293195
2022,C,lean31,lean27,-0.00778000512413074,-0.0036389710387242508,-0.023629471960613713,-0.0025480829318102749,0.012532992278421751,0.0072034779150585981
2022,E,lean27,lean23,-0.0066279186649458866,-0.0028080537372087433,-0.034079518346625703,-0.015730527779751174,-0.0038838394773466067,0.011089921457687502
2023,A,full34,lean31,0.0036995892037027245,-0.00014228389803731811,0.015584917487922234,0.0030632416115300432,0.0012318261256846208,-2.6924181504850431e-05
2023,C,lean31,lean27,0.0052021553648596008,0.009156486906632566,0.0035724949765688352,-0.0015593736974529593,-0.0062111775410296222,1.7949454336529946e-05
2023,E,lean27,lean23,-0.0124114838895657,-0.0014213326365082185,-0.040632611395941903,-0.0011561086127338527,-0.007944648960570122,-3.5898908673170915e-05
