candidate,year,positive_months,min_month_delta,max_month_delta,median_month_delta,positive_excess_months,largest_positive_month_share
baseline10,2021,0,0,0,0,0,
baseline10,2022,0,0,0,0,0,
baseline10,2023,0,0,0,0,0,
full34,2021,11,-0.0039046701863373889,0.22724304381609109,0.14404703571412969,11,0.12810694043871695
full34,2022,11,-0.016135761568115914,0.23114709901551492,0.12397501817049697,11,0.16003770589393182
full34,2023,9,-0.053598981336984486,0.23971953276445349,0.029865871769628752,9,0.29244264520336821
lean23,2021,11,-0.068605589605204076,0.22084701416714278,0.13226427953186132,11,0.14882638381104926
lean23,2022,12,0.024744414905587597,0.21292360751245723,0.088030801238465711,12,0.16895177120780575
lean23,2023,7,-0.068800590389461985,0.26197849307945081,0.036452769082028796,7,0.31829508645910048
lean27,2021,11,-0.0517314101148314,0.21684808117057008,0.14050069120425362,11,0.13951288351466024
lean27,2022,11,-0.0043357973936816729,0.23157238460392168,0.10253683355748872,11,0.1716831065548351
lean27,2023,10,-0.065200461714259611,0.24185621185705419,0.055120241678780685,10,0.25180403243195187
lean31,2021,12,0.015408610131810718,0.22458491917104281,0.15702108972490733,12,0.13124954096980065
lean31,2022,12,0.00068423167373127258,0.24371396838767653,0.11846447730267096,10,0.16811137426550679
lean31,2023,9,-0.035035911864149588,0.2382722308790643,0.041423214783411114,9,0.27827285207338875
