trade_date,top_ret,market_ret,excess,n
20240102,-0.0050934661166051618,-0.0033474209419362671,-0.0017460451746688947,4462
20240103,0.00046304579797946287,-0.002838432756508857,0.0033014785544883199,4477
20240104,-0.020444082039526721,-0.016097250228548871,-0.0043468318109778498,4481
20240105,-0.017520465462595319,-0.018606080523201615,0.0010856150606062959,4499
20240108,0.004490342609766833,0.0059217801569121046,-0.0014314375471452716,4488
20240109,-0.013744185131896625,-0.0089838821738570107,-0.0047603029580396139,4475
20240110,0.032165132507331447,0.016190605486881855,0.015974527020449592,4483
20240111,-0.015579938604046618,-0.0068873858319896866,-0.0086925527720569315,4470
20240112,-0.00084584796461763083,-0.0015605501953950462,0.00071470223077741541,4497
20240115,-0.0056362946606477917,-0.0045128334925797851,-0.0011234611680680066,4480
20240116,-0.026058780735731431,-0.024301279711371727,-0.0017575010243597033,4491
20240117,-0.00049102845257285117,-0.007761241504950141,0.0072702130523772902,4488
20240118,-0.012717150531624245,-0.012468098239052901,-0.00024905229257134349,4490
20240119,-0.059095328157541836,-0.05729227143474231,-0.0018030567227995259,4483
20240122,0.0049532723612415392,0.0025035354753438245,0.0024497368858977147,4505
20240123,0.014586835562911696,0.016814790252624664,-0.002227954689712968,4478
20240124,0.039602323760816065,0.035354476873390356,0.0042478468874257089,4449
20240125,0.004540920307935529,-0.0017580529954993652,0.0062989733034348946,4423
20240126,-0.040286363770283148,-0.029903434040918553,-0.010382929729364596,4465
20240129,-0.036857454426989886,-0.03190047096666352,-0.0049569834603263654,4502
20240130,-0.057070012839785966,-0.046947618354865731,-0.010122394484920236,4508
20240131,-0.010632891745201855,-0.015687759028716462,0.005054867283514607,4505
20240201,-0.051727249035577641,-0.042008891072606212,-0.0097183579629714287,4501
20240202,-0.11974345976712894,-0.081429867347877868,-0.038313592419251072,4507
20240205,0.010573219824854579,0.022331400204955738,-0.011758180380101159,4514
20240206,-0.043450544209872266,-0.017397790115853282,-0.026052754094018984,4383
20240207,0.10185293745013542,0.065628811224168748,0.036224126225966671,4427
20240208,0.052272258482755421,0.032238315192685871,0.02003394329006955,4026
20240219,0.021148980664131026,0.01186804494229113,0.0092809357218398957,4266
20240220,0.035433593827414865,0.016786945623087263,0.018646648204327602,4381
20240221,0.024750091281361016,0.022823378392778999,0.0019267128885820176,4379
20240222,0.043922616584253185,0.025911068214982128,0.018011548369271057,4437
20240223,0.024927872489401422,0.013092259044784916,0.011835613444616507,4386
20240226,0.024662417304466566,0.026498196222856291,-0.0018357789183897251,4412
20240227,-0.050641577059050334,-0.059264606497570378,0.008623029438520044,4420
20240228,0.02848168909030745,0.036361547559254838,-0.0078798584689473879,4499
20240229,0.014042922422347765,0.010137163272614151,0.0039057591497336144,4421
20240301,-0.0029221307843516208,0.0016659902567245565,-0.0045881210410761777,4452
20240304,-0.02402009873179024,-0.014841825958487044,-0.0091782727733031953,4445
20240305,0.025941453647425398,0.010396794111110459,0.015544659536314939,4472
20240306,0.00077261259106095495,-0.007092666298312472,0.0078652788893734272,4428
20240307,0.013644927459962777,0.010092975796008253,0.0035519516639545244,4460
20240308,0.017149579331297442,0.018487006936271259,-0.0013374276049738162,4453
20240311,0.016357127302550969,0.011903585490953765,0.0044535418115972045,4431
20240312,-0.001767958929498313,0.00085415727985425286,-0.002622116209352566,4453
20240313,-0.0018895292901311186,-0.0048583468137819849,0.0029688175236508661,4469
20240314,0.012415703724245369,0.013789774819682568,-0.0013740710954371991,4479
20240315,0.013026389660198028,0.018747671252258662,-0.0057212815920606348,4445
20240318,-0.0029603325755433994,-0.0029058997402395632,-5.4432835303836174e-05,4438
20240319,0.0079512871813202501,0.01102977796859074,-0.0030784907872704898,4463
20240320,0.0029329336820121846,0.0014070103641513722,0.0015259233178608123,4443
20240321,-0.01436784269683045,-0.013866913579627849,-0.00050092911720260071,4451
20240322,-0.023361234053147811,-0.022867336640025791,-0.00049389741312201932,4464
20240325,-0.0007612300978678745,0.00085346775328593537,-0.0016146978511538098,4483
20240326,-0.040584717326693311,-0.031509177809429419,-0.009075539517263892,4467
20240327,0.040333290070883224,0.022406637287501873,0.017926652783381351,4486
20240328,0.013066163751785749,0.012231218536418939,0.00083494521536680959,4456
20240329,0.019937224619323058,0.022271938003740211,-0.002334713384417153,4461
20240401,-0.011861733179561096,-0.00117945029926399,-0.010682282880297106,4446
20240402,-0.022803514273748056,-0.0076927082042820638,-0.015110806069465993,4472
20240403,-0.022910282832497048,-0.022957387573620248,4.7104741123200206e-05,4480
20240408,0.018608398564596205,0.013630513181375582,0.0049778853832206232,4477
20240409,-0.02787622428843111,-0.020536421033702009,-0.0073398032547291013,4479
20240410,0.0030702554468816346,0.0027937243429122785,0.00027653110396935613,4509
20240411,-0.011601898375524972,-0.0073521244216845525,-0.0042497739538404191,4489
20240412,-0.047753718776331,-0.033428062279907224,-0.014325656496423776,4473
20240415,-0.081915269234991664,-0.064638319316256104,-0.01727694991873556,4515
20240416,0.077456256028869436,0.059058469006204657,0.018397787022664779,4521
20240417,-0.0099399264684672042,-0.0030926448703806598,-0.006847281598086544,4299
20240418,-0.011023490344863926,-0.004981130742808303,-0.006042359602055623,4469
20240419,-0.01063571680920021,-0.0081634441758370296,-0.0024722726333631807,4474
20240422,0.020232017335048265,0.0056961616093438739,0.014535855725704391,4474
20240423,0.030096746352943456,0.018235328420419177,0.011861417932524279,4470
20240424,0.0013593900580275949,0.0038869011758199366,-0.0025275111177923415,4464
20240425,0.019486831574359969,0.013086399985855666,0.0064004315885043024,4459
20240426,0.027714534227079306,0.026911463049479101,0.00080307117760020433,4431
20240429,-0.0081087868155284848,-0.0064772194749919782,-0.0016315673405365065,4331
20240430,0.025160187788429766,0.021975829523336161,0.003184358265093605,4401
20240506,0.0081688245964605024,0.0058329844371212917,0.0023358401593392107,4420
20240507,-0.012614352737282101,-0.013154549071410754,0.0005401963341286533,4456
20240508,0.01559624629155938,0.012956509795979601,0.0026397364955797788,4459
20240509,-0.011119452075408161,-0.00926359677227441,-0.0018558553031337507,4458
20240510,-0.026211313306470908,-0.015728871355671092,-0.010482441950799816,4475
20240513,0.015390899264671409,0.0089221714064401381,0.0064687278582312713,4478
20240514,-0.0069769876078359652,-0.0070479346795342792,7.0947071698313977e-05,4438
20240515,0.0035219243371007207,0.0052010555911476712,-0.0016791312540469505,4454
20240516,0.012938759856769989,0.01218107513320185,0.00075768472356813922,4459
20240517,0.001805275901730181,0.0032319510707194393,-0.0014266751689892582,4424
20240520,-0.01250813750651252,-0.010008104529320409,-0.0025000329771921112,4457
20240521,0.0052777981171705044,0.0041825856363898644,0.00109521248078064,4488
20240522,-0.021992334447725387,-0.021874184004627109,-0.00011815044309827771,4468
20240523,-0.0055553729653771266,-0.0086198638761946882,0.0030644909108175616,4486
20240524,0.0050194113539364996,0.0059680129611904059,-0.00094860160725390632,4464
20240527,-0.014262232867551638,-0.011092352771935382,-0.0031698800956162562,4474
20240528,0.0025826235796280279,0.0027541934491629992,-0.00017156986953497126,4484
20240529,-0.012579058709566488,-0.007928391758065572,-0.0046506669515009157,4487
20240530,0.0069345640198045276,0.006093338718417796,0.00084122530138673168,4475
20240531,-0.024098638238822485,-0.019660345802239392,-0.0044382924365830925,4472
20240603,-0.0063567187279889859,-0.0065658945917346674,0.00020917586374568156,4493
20240604,-0.022738103862172419,-0.019500872193674686,-0.003237231668497733,4475
20240605,-0.054660085052095526,-0.035525889939849932,-0.019134195112245594,4496
20240606,0.038607600974835406,0.019535876912080547,0.019071724062754859,4496
20240607,-0.0018453108809639714,0.0036558851781685639,-0.0055011960591325355,4438
20240611,0.024351288015735214,0.013541937504734095,0.010809350511001119,4473
20240612,-0.0096402827048566245,-0.0073597362608999219,-0.0022805464439567026,4430
20240613,0.0011487088211694732,0.0022038866735192898,-0.0010551778523498166,4469
20240614,-0.011199015788466663,-0.0054411860912675844,-0.0057578296971990788,4474
20240617,0.023736077311088271,0.013317623855233364,0.010418453455854907,4475
20240618,0.0015923711348205985,-0.0058779445671968767,0.0074703157020174753,4456
20240619,-0.030267577847062448,-0.023713564118501514,-0.0065540137285609347,4460
20240620,-0.0033317613711084464,-0.00090620604514724088,-0.0024255553259612053,4491
20240621,-0.041630149424719508,-0.035265304218594758,-0.0063648452061247501,4437
20240624,0.0014800652563665363,0.0017899557096075175,-0.00030989045324098115,4450
20240625,0.030664387111934432,0.027600548075122938,0.0030638390368114936,4445
20240626,-0.018047655945403477,-0.01782170693484264,-0.00022594901056083652,4447
20240627,0.0034991603258062395,0.0049984125387873184,-0.0014992522129810789,4467
20240628,0.0091273875927482435,0.010708138700008502,-0.001580751107260258,4462
20240701,0.007951823442881048,0.0013214158722152348,0.0066304075706658128,4447
20240702,-0.0084331348486040292,-0.0087770066913315532,0.00034387184272752398,4441
20240703,-0.024203202092929636,-0.026124416868840074,0.0019212147759104375,4447
20240704,0.01226034596009702,0.010477766154541426,0.0017825798055555939,4485
20240705,-0.030121889281964204,-0.026254261952821507,-0.0038676273291426977,4448
20240708,0.015809200914852509,0.017097297104510443,-0.0012880961896579342,4483
20240709,-0.0029721717972324788,-0.0083582303358989852,0.0053860585386665064,4458
20240710,0.038851754498450831,0.030530503850943819,0.0083212506475070121,4466
20240711,-0.0029713254697940074,-0.0029363882656175564,-3.4937204176450996e-05,4411
20240712,-0.016481184314677176,-0.014139375590168477,-0.0023418087245086986,4467
20240715,0.0017064501251376862,0.00013319009868869122,0.0015732600264489951,4471
20240716,-0.015461415506063902,-0.011384949015661843,-0.0040764664904020583,4462
20240717,-0.002799917703369236,-0.00042016218491701721,-0.0023797555184522185,4465
20240718,0.0089355638046484404,0.0045949798442767604,0.00434058396037168,4460
20240719,0.011301244079896215,0.0043779088778326007,0.0069233352020636142,4451
20240722,-0.017572024528354567,-0.018679622501619218,0.0011075979732646513,4442
20240723,-0.01764364708992441,-0.014478128387582591,-0.0031655187023418192,4457
20240724,0.0037064076717136588,0.0048682228391963593,-0.0011618151674827005,4458
20240725,0.016790157645306576,0.016527231737654899,0.0002629259076516767,4449
20240726,0.004229116304581935,0.0019341418489562581,0.0022949744556256769,4442
20240729,0.0038090098673361104,0.0051088605943267395,-0.0012998507269906291,4433
20240730,0.034483869578882539,0.032539059100492804,0.0019448104783897358,4428
20240731,-0.0062245275116758619,0.0002610277587665292,-0.0064855552704423912,4417
20240801,-0.012489578145318703,-0.011734809363566896,-0.0007547687817518068,4435
20240802,-0.033095386167174605,-0.023807748508300263,-0.0092876376588743419,4450
20240805,0.018987044787698238,0.018465288143006024,0.0005217566446922145,4456
20240806,0.0057748954204375307,7.7993459369913646e-05,0.0056969019610676169,4436
20240807,-0.01110596119376939,-0.0015709597142018433,-0.0095350014795675467,4437
20240808,-0.0026081828111596712,-0.0072120495033473932,0.0046038666921877219,4441
20240809,-0.0084406638884352327,-0.0072657254751557774,-0.0011749384132794553,4473
20240812,0.0091529719576877444,0.0068973471511485831,0.0022556248065391613,4475
20240813,-0.00051747212524499119,-0.0046867517364814265,0.0041692796112364353,4466
20240814,0.0086740104762927442,0.0085230849713278066,0.00015092550496493759,4470
20240815,-0.0016052615772706681,-0.0055435611484435897,0.0039382995711729216,4460
20240816,-0.0036526728790121248,-0.0033198869872647016,-0.00033278589174742324,4468
20240819,-0.014699281490806359,-0.016627638199373167,0.0019283567085668085,4458
20240820,-0.00081798331091349535,-0.0027112759250108869,0.0018932926140973914,4476
20240821,-0.016565764062796088,-0.015110560474247751,-0.0014552035885483372,4460
20240822,-0.0064914038041591444,-0.0042789193171209874,-0.002212484487038157,4470
20240823,0.010502728432220842,0.010596688143402975,-9.3959711182133379e-05,4463
20240826,-0.015032821871793799,-0.013673108437840158,-0.0013597134339536406,4451
20240827,0.0050142881757690525,0.0045182410666234759,0.00049604710914557659,4453
20240828,0.01687546380906069,0.013614809476880341,0.0032606543321803492,4457
20240829,0.021734698040076373,0.018942203416353266,0.0027924946237231074,4444
20240830,-0.020167973372208325,-0.014857155162086978,-0.0053108182101213475,4429
20240902,0.011325757199161719,0.009527988196348109,0.0017977690028136099,4453
20240903,-0.0058672792648391163,-0.007278125281526277,0.0014108460166871607,4435
20240904,0.011623312049717205,0.0092383779336937411,0.0023849341160234634,4463
20240905,-0.015115200150189936,-0.017397963777001573,0.0022827636268116375,4441
20240906,-0.00080967021548504178,-0.0021964047338735061,0.0013867345183884642,4462
20240909,0.0046124872313582964,0.0048673557287559569,-0.00025486849739766049,4450
20240910,-0.0048479766610628359,-0.0055625734505578006,0.0007145967894949647,4460
20240911,-0.0035913489389196216,-0.0022916598079558729,-0.0012996891309637487,4478
20240912,-0.014126168065837096,-0.012475164788019161,-0.0016510032778179352,4465
20240913,-0.0074298686078212994,-0.0062774926189688562,-0.0011523759888524433,4463
20240918,0.021032930657086012,0.023409561327309498,-0.0023766306702234855,4477
20240919,-0.00077288393381287753,-0.0031462606942741123,0.0023733767604612347,4436
20240920,0.0038648856509098679,0.0023872484746879676,0.0014776371762219003,4453
20240923,0.032949508096222192,0.0344754925895224,-0.0015259844933002073,4455
20240924,0.012662269569268894,0.012283917323122751,0.0003783522461461436,4417
20240925,0.035765904361454014,0.03323825102705559,0.0025276533343984234,4447
20240926,0.052578976988348361,0.046626927135157877,0.0059520498531904845,4363
20240927,0.10533210509107495,0.10341250726842705,0.0019195978226479032,4372
20240930,0.10822759541383811,0.070844249127003503,0.037383346286834609,3705
20241008,-0.13551720778607235,-0.095781708932478282,-0.039735498853594065,3866
20241009,0.018870934298251481,0.0042358866467034914,0.014635047651547991,4458
20241010,-0.031065596403185094,-0.036277570625554881,0.0052119742223697869,4426
20241011,0.030653397618170292,0.030777373561536269,-0.00012397594336597748,4460
20241014,-0.012256722495395823,-0.015960683501630005,0.003703961006234182,4395
20241015,0.0053524957886569632,0.0051138160226087163,0.00023867976604824686,4440
20241016,-0.014680805414164808,-0.006448821903882589,-0.0082319835102822193,4414
20241017,0.029713524744984968,0.028539994804497489,0.0011735299404874791,4454
20241018,0.003191453819083266,0.015496260339478854,-0.012304806520395589,4404
20241021,0.013783125699596098,0.012054988638089155,0.001728137061506943,4373
20241022,0.0078659390895248187,0.0026342216289104077,0.0052317174606144115,4387
20241023,0.00042448979868739618,-0.0030628506505999235,0.0034873404492873198,4395
20241024,0.020631804897105064,0.02077080035351981,-0.00013899545641474567,4394
20241025,0.025798280008008705,0.02436480303166166,0.0014334769763470444,4333
20241028,-0.01976347676311048,-0.020798119524447489,0.0010346427613370096,4237
20241029,-0.00022294882251210573,0.001665401167378223,-0.0018883499898903287,4372
20241030,0.0061795003904766841,0.012443610008064283,-0.0062641096175875986,4329
20241031,-0.015174764449138435,-0.030550291918747863,0.015375527469609428,4315
20241101,0.029922704558008134,0.020020631066015811,0.0099020734919923227,4402
20241104,0.027253900448864016,0.02737522979694685,-0.00012132934808283327,4344
20241105,0.0084771394858304972,0.005474235162739133,0.0030029043230913642,4318
20241106,0.018206306413749155,0.024483822010524889,-0.0062775155967757339,4357
20241107,0.0013549974357460709,-0.00062496426436860263,0.0019799617001146734,4297
20241108,0.016926484777248865,0.018083906156400396,-0.0011574213791515318,4373
20241111,-0.0075696407801655154,-0.0086824612634553763,0.0011128204832898609,4325
20241112,0.0050232234889093707,0.0012286586751864229,0.0037945648137229478,4408
20241113,-0.025948882796968741,-0.028084256813037355,0.0021353740160686141,4439
20241114,-0.026131746604739783,-0.018590549513505056,-0.0075411970912347276,4463
20241115,-0.024545607641358661,-0.022305539701546615,-0.002240067939812046,4444
20241118,0.032445178616973748,0.023983828835324399,0.0084613497816493494,4428
20241119,0.021979194640442651,0.020608177404128743,0.0013710172363139081,4422
20241120,0.0069810515780685213,0.0022303946975012583,0.004750656880567263,4353
20241121,-0.038083484243858025,-0.035946275872366817,-0.0021372083714912074,4402
20241122,0.01549559533942973,0.013301164663009244,0.0021944306764204863,4448
20241125,-0.0073085292955784309,-0.0080403005133154164,0.00073177121773698554,4355
20241126,0.019794461314370865,0.015778151357683737,0.004016309956687128,4416
20241127,-0.0025962568291617149,0.0017947607755743028,-0.0043910176047360179,4420
20241128,0.014981370214286667,0.014367113844126582,0.0006142563701600854,4413
20241129,0.022119763205284079,0.020836121044949633,0.0012836421603344451,4387
20241202,0.0030794900969893105,0.0021805359234695005,0.00089895417351981005,4344
20241203,-0.014586190693638262,-0.014009031518595311,-0.00057715917504295132,4392
20241204,0.018874948669162225,0.012122967109755894,0.0067519815594063309,4427
20241205,0.017246113610002958,0.0099901152216919885,0.0072559983883109698,4387
20241206,-0.0002854673950632901,-0.0005972276535030276,0.0003117602584397375,4389
20241209,0.01004040773310054,0.0061876687417510481,0.0038527389913494917,4403
20241210,0.017979355551271808,0.013887662605262004,0.0040916929460098044,4410
20241211,0.01503251760989634,0.011020211684452715,0.0040123059254436252,4373
20241212,-0.017334201685044494,-0.017696754294244093,0.00036255260919959911,4366
20241213,-0.0054728509145107931,-0.0050366287943735101,-0.00043622212013728293,4423
20241216,-0.034791030653645617,-0.035048229518523467,0.00025719886487785004,4405
20241217,0.0044964004965909942,0.004928764867955268,-0.00043236437136427372,4493
20241218,0.0010320733435403482,3.5825257513398297e-05,0.00099624808602694981,4417
20241219,0.011567243883703759,0.0094402230628206716,0.0021270208208830875,4444
20241220,-0.059236499127965823,-0.040577172306930934,-0.01865932682103489,4432
20241223,0.0058034399978177274,0.0090255375140487846,-0.0032220975162310572,4495
20241224,-0.023992669882672818,-0.019474702128091877,-0.0045179677545809406,4442
20241225,0.014408290134796444,0.011361628530593458,0.0030466616042029854,4477
20241226,0.0078628761557178271,0.0086507849154654481,-0.00078790875974762108,4419
20241227,-0.017359236240076101,-0.0097630555934335485,-0.007596180646642553,4442
20241230,-0.022173313573898738,-0.02456357043583152,0.0023902568619327824,4467
20241231,-0.015627956527394363,-0.018001095574666993,0.0023731390472726301,4467
