trade_date,top_type,top_count,missing_label_count,invalid_price_count,all_features_missing_count,missing_label_fraction,invalid_price_fraction,all_features_missing_fraction
20230103,turnover,454,368,368,368,0.81057268722466957,0.81057268722466957,0.81057268722466957
20230103,return,417,0,0,0,0,0,0
20230104,turnover,458,366,366,366,0.79912663755458513,0.79912663755458513,0.79912663755458513
20230104,return,422,0,0,0,0,0,0
20230105,turnover,460,366,366,366,0.79565217391304344,0.79565217391304344,0.79565217391304344
20230105,return,423,0,0,0,0,0,0
20230106,turnover,461,367,367,367,0.79609544468546634,0.79609544468546634,0.79609544468546634
20230106,return,424,0,0,0,0,0,0
20230109,turnover,460,370,370,370,0.80434782608695654,0.80434782608695654,0.80434782608695654
20230109,return,423,0,0,0,0,0,0
20230110,turnover,461,366,366,366,0.79392624728850325,0.79392624728850325,0.79392624728850325
20230110,return,424,0,0,0,0,0,0
20230111,turnover,462,366,366,366,0.79220779220779225,0.79220779220779225,0.79220779220779225
20230111,return,425,0,0,0,0,0,0
20230112,turnover,461,369,369,369,0.80043383947939262,0.80043383947939262,0.80043383947939262
20230112,return,424,0,0,0,0,0,0
20230113,turnover,461,368,368,368,0.79826464208242953,0.79826464208242953,0.79826464208242953
20230113,return,424,0,0,0,0,0,0
20230116,turnover,460,367,367,367,0.79782608695652169,0.79782608695652169,0.79782608695652169
20230116,return,423,0,0,0,0,0,0
20230117,turnover,461,369,369,369,0.80043383947939262,0.80043383947939262,0.80043383947939262
20230117,return,424,0,0,0,0,0,0
20230118,turnover,461,369,369,369,0.80043383947939262,0.80043383947939262,0.80043383947939262
20230118,return,424,0,0,0,0,0,0
20230119,turnover,461,371,371,371,0.8047722342733189,0.8047722342733189,0.8047722342733189
20230119,return,424,0,0,0,0,0,0
20230120,turnover,462,370,370,370,0.80086580086580084,0.80086580086580084,0.80086580086580084
20230120,return,424,0,0,0,0,0,0
20230130,turnover,456,372,372,372,0.81578947368421051,0.81578947368421051,0.81578947368421051
20230130,return,418,0,0,0,0,0,0
20230131,turnover,460,374,374,374,0.81304347826086953,0.81304347826086953,0.81304347826086953
20230131,return,422,0,0,0,0,0,0
20230201,turnover,457,373,373,373,0.8161925601750547,0.8161925601750547,0.8161925601750547
20230201,return,420,0,0,0,0,0,0
20230202,turnover,460,372,371,371,0.80869565217391304,0.80652173913043479,0.80652173913043479
20230202,return,422,0,0,0,0,0,0
20230203,turnover,461,374,374,374,0.81127982646420826,0.81127982646420826,0.81127982646420826
20230203,return,423,0,0,0,0,0,0
20230206,turnover,461,372,372,372,0.80694143167028198,0.80694143167028198,0.80694143167028198
20230206,return,424,0,0,0,0,0,0
20230207,turnover,460,370,370,370,0.80434782608695654,0.80434782608695654,0.80434782608695654
20230207,return,423,0,0,0,0,0,0
20230208,turnover,461,372,372,372,0.80694143167028198,0.80694143167028198,0.80694143167028198
20230208,return,424,0,0,0,0,0,0
20230209,turnover,461,371,371,371,0.8047722342733189,0.8047722342733189,0.8047722342733189
20230209,return,424,0,0,0,0,0,0
20230210,turnover,462,371,371,371,0.80303030303030298,0.80303030303030298,0.80303030303030298
20230210,return,425,0,0,0,0,0,0
20230213,turnover,460,370,370,370,0.80434782608695654,0.80434782608695654,0.80434782608695654
20230213,return,423,0,0,0,0,0,0
20230214,turnover,462,371,371,371,0.80303030303030298,0.80303030303030298,0.80303030303030298
20230214,return,425,0,0,0,0,0,0
20230215,turnover,460,370,370,370,0.80434782608695654,0.80434782608695654,0.80434782608695654
20230215,return,423,0,0,0,0,0,0
20230216,turnover,463,369,369,369,0.79697624190064797,0.79697624190064797,0.79697624190064797
20230216,return,426,0,0,0,0,0,0
20230217,turnover,462,369,369,369,0.79870129870129869,0.79870129870129869,0.79870129870129869
20230217,return,425,0,0,0,0,0,0
20230220,turnover,461,368,368,368,0.79826464208242953,0.79826464208242953,0.79826464208242953
20230220,return,424,0,0,0,0,0,0
20230221,turnover,463,369,369,369,0.79697624190064797,0.79697624190064797,0.79697624190064797
20230221,return,426,0,0,0,0,0,0
20230222,turnover,462,369,369,369,0.79870129870129869,0.79870129870129869,0.79870129870129869
20230222,return,425,0,0,0,0,0,0
20230223,turnover,462,370,370,370,0.80086580086580084,0.80086580086580084,0.80086580086580084
20230223,return,425,0,0,0,0,0,0
20230224,turnover,463,371,371,371,0.80129589632829379,0.80129589632829379,0.80129589632829379
20230224,return,426,0,0,0,0,0,0
20230227,turnover,463,372,372,372,0.80345572354211658,0.80345572354211658,0.80345572354211658
20230227,return,425,0,0,0,0,0,0
20230228,turnover,461,371,371,371,0.8047722342733189,0.8047722342733189,0.8047722342733189
20230228,return,424,0,0,0,0,0,0
20230301,turnover,461,371,371,371,0.8047722342733189,0.8047722342733189,0.8047722342733189
20230301,return,424,0,0,0,0,0,0
20230302,turnover,462,369,369,369,0.79870129870129869,0.79870129870129869,0.79870129870129869
20230302,return,425,0,0,0,0,0,0
20230303,turnover,462,370,370,370,0.80086580086580084,0.80086580086580084,0.80086580086580084
20230303,return,425,0,0,0,0,0,0
20230306,turnover,462,370,370,370,0.80086580086580084,0.80086580086580084,0.80086580086580084
20230306,return,425,0,0,0,0,0,0
20230307,turnover,462,370,370,370,0.80086580086580084,0.80086580086580084,0.80086580086580084
20230307,return,425,0,0,0,0,0,0
20230308,turnover,461,371,371,371,0.8047722342733189,0.8047722342733189,0.8047722342733189
20230308,return,424,0,0,0,0,0,0
20230309,turnover,461,371,371,371,0.8047722342733189,0.8047722342733189,0.8047722342733189
20230309,return,424,0,0,0,0,0,0
20230310,turnover,462,371,371,371,0.80303030303030298,0.80303030303030298,0.80303030303030298
20230310,return,425,0,0,0,0,0,0
20230313,turnover,461,369,369,369,0.80043383947939262,0.80043383947939262,0.80043383947939262
20230313,return,425,0,0,0,0,0,0
20230314,turnover,463,369,369,369,0.79697624190064797,0.79697624190064797,0.79697624190064797
20230314,return,426,0,0,0,0,0,0
20230315,turnover,461,369,369,369,0.80043383947939262,0.80043383947939262,0.80043383947939262
20230315,return,424,0,0,0,0,0,0
20230316,turnover,463,370,370,370,0.79913606911447088,0.79913606911447088,0.79913606911447088
20230316,return,426,0,0,0,0,0,0
20230317,turnover,462,371,371,371,0.80303030303030298,0.80303030303030298,0.80303030303030298
20230317,return,424,0,0,0,0,0,0
20230320,turnover,462,373,373,373,0.80735930735930739,0.80735930735930739,0.80735930735930739
20230320,return,425,0,0,0,0,0,0
20230321,turnover,460,372,372,372,0.80869565217391304,0.80869565217391304,0.80869565217391304
20230321,return,423,0,0,0,0,0,0
20230322,turnover,462,373,373,373,0.80735930735930739,0.80735930735930739,0.80735930735930739
20230322,return,424,0,0,0,0,0,0
20230323,turnover,462,371,371,371,0.80303030303030298,0.80303030303030298,0.80303030303030298
20230323,return,425,0,0,0,0,0,0
20230324,turnover,462,370,370,370,0.80086580086580084,0.80086580086580084,0.80086580086580084
20230324,return,425,0,0,0,0,0,0
20230327,turnover,460,369,369,369,0.80217391304347829,0.80217391304347829,0.80217391304347829
20230327,return,424,0,0,0,0,0,0
20230328,turnover,462,369,369,369,0.79870129870129869,0.79870129870129869,0.79870129870129869
20230328,return,425,0,0,0,0,0,0
20230329,turnover,462,369,369,369,0.79870129870129869,0.79870129870129869,0.79870129870129869
20230329,return,425,0,0,0,0,0,0
20230330,turnover,463,370,370,370,0.79913606911447088,0.79913606911447088,0.79913606911447088
20230330,return,425,0,0,0,0,0,0
20230331,turnover,461,371,371,371,0.8047722342733189,0.8047722342733189,0.8047722342733189
20230331,return,424,0,0,0,0,0,0
20230403,turnover,460,371,371,371,0.80652173913043479,0.80652173913043479,0.80652173913043479
20230403,return,423,0,0,0,0,0,0
20230404,turnover,463,370,370,370,0.79913606911447088,0.79913606911447088,0.79913606911447088
20230404,return,425,0,0,0,0,0,0
20230406,turnover,462,371,371,371,0.80303030303030298,0.80303030303030298,0.80303030303030298
20230406,return,425,0,0,0,0,0,0
20230407,turnover,460,373,373,373,0.81086956521739129,0.81086956521739129,0.81086956521739129
20230407,return,423,0,0,0,0,0,0
20230410,turnover,463,373,373,373,0.80561555075593949,0.80561555075593949,0.80561555075593949
20230410,return,425,0,0,0,0,0,0
20230411,turnover,461,372,372,372,0.80694143167028198,0.80694143167028198,0.80694143167028198
20230411,return,424,0,0,0,0,0,0
20230412,turnover,459,373,373,373,0.81263616557734208,0.81263616557734208,0.81263616557734208
20230412,return,422,0,0,0,0,0,0
20230413,turnover,461,372,372,372,0.80694143167028198,0.80694143167028198,0.80694143167028198
20230413,return,424,0,0,0,0,0,0
20230414,turnover,461,374,374,374,0.81127982646420826,0.81127982646420826,0.81127982646420826
20230414,return,424,0,0,0,0,0,0
20230417,turnover,461,374,374,374,0.81127982646420826,0.81127982646420826,0.81127982646420826
20230417,return,423,0,0,0,0,0,0
20230418,turnover,462,372,372,372,0.80519480519480524,0.80519480519480524,0.80519480519480524
20230418,return,425,0,0,0,0,0,0
20230419,turnover,462,374,374,374,0.80952380952380953,0.80952380952380953,0.80952380952380953
20230419,return,424,0,0,0,0,0,0
20230420,turnover,461,372,372,372,0.80694143167028198,0.80694143167028198,0.80694143167028198
20230420,return,424,0,0,0,0,0,0
20230421,turnover,463,374,374,374,0.8077753779697624,0.8077753779697624,0.8077753779697624
20230421,return,426,0,0,0,0,0,0
20230424,turnover,461,375,375,375,0.81344902386117135,0.81344902386117135,0.81344902386117135
20230424,return,423,0,0,0,0,0,0
20230425,turnover,461,377,376,376,0.81778741865509763,0.81561822125813443,0.81561822125813443
20230425,return,423,0,0,0,0,0,0
20230426,turnover,459,383,383,383,0.83442265795206971,0.83442265795206971,0.83442265795206971
20230426,return,420,0,0,0,0,0,0
20230427,turnover,461,389,388,388,0.8438177874186551,0.84164859002169201,0.84164859002169201
20230427,return,420,0,0,0,0,0,0
20230428,turnover,455,402,401,401,0.88351648351648349,0.8813186813186813,0.8813186813186813
20230428,return,410,0,0,0,0,0,0
20230504,turnover,454,436,436,436,0.96035242290748901,0.96035242290748901,0.96035242290748901
20230504,return,411,0,0,0,0,0,0
20230505,turnover,460,397,397,397,0.86304347826086958,0.86304347826086958,0.86304347826086958
20230505,return,420,0,0,0,0,0,0
20230508,turnover,459,398,398,398,0.86710239651416121,0.86710239651416121,0.86710239651416121
20230508,return,419,0,0,0,0,0,0
20230509,turnover,462,401,401,401,0.86796536796536794,0.86796536796536794,0.86796536796536794
20230509,return,422,0,0,0,0,0,0
20230510,turnover,461,401,401,401,0.86984815618221256,0.86984815618221256,0.86984815618221256
20230510,return,421,0,0,0,0,0,0
20230511,turnover,459,399,399,399,0.86928104575163401,0.86928104575163401,0.86928104575163401
20230511,return,419,0,0,0,0,0,0
20230512,turnover,462,398,398,398,0.8614718614718615,0.8614718614718615,0.8614718614718615
20230512,return,422,0,0,0,0,0,0
20230515,turnover,461,398,398,398,0.8633405639913232,0.8633405639913232,0.8633405639913232
20230515,return,421,0,0,0,0,0,0
20230516,turnover,462,395,395,395,0.85497835497835495,0.85497835497835495,0.85497835497835495
20230516,return,423,0,0,0,0,0,0
20230517,turnover,460,393,393,393,0.85434782608695647,0.85434782608695647,0.85434782608695647
20230517,return,421,0,0,0,0,0,0
20230518,turnover,460,393,393,393,0.85434782608695647,0.85434782608695647,0.85434782608695647
20230518,return,421,0,0,0,0,0,0
20230519,turnover,461,393,393,393,0.85249457700650755,0.85249457700650755,0.85249457700650755
20230519,return,422,0,0,0,0,0,0
20230522,turnover,460,394,394,394,0.85652173913043483,0.85652173913043483,0.85652173913043483
20230522,return,420,0,0,0,0,0,0
20230523,turnover,460,394,394,394,0.85652173913043483,0.85652173913043483,0.85652173913043483
20230523,return,421,0,0,0,0,0,0
20230524,turnover,460,394,394,394,0.85652173913043483,0.85652173913043483,0.85652173913043483
20230524,return,420,0,0,0,0,0,0
20230525,turnover,460,395,395,395,0.85869565217391308,0.85869565217391308,0.85869565217391308
20230525,return,421,0,0,0,0,0,0
20230526,turnover,460,397,397,397,0.86304347826086958,0.86304347826086958,0.86304347826086958
20230526,return,420,0,0,0,0,0,0
20230529,turnover,461,400,400,400,0.86767895878524948,0.86767895878524948,0.86767895878524948
20230529,return,421,0,0,0,0,0,0
20230530,turnover,460,399,399,399,0.86739130434782608,0.86739130434782608,0.86739130434782608
20230530,return,420,0,0,0,0,0,0
20230531,turnover,459,397,397,397,0.86492374727668841,0.86492374727668841,0.86492374727668841
20230531,return,419,0,0,0,0,0,0
20230601,turnover,460,398,398,398,0.86521739130434783,0.86521739130434783,0.86521739130434783
20230601,return,420,0,0,0,0,0,0
20230602,turnover,458,398,398,398,0.86899563318777295,0.86899563318777295,0.86899563318777295
20230602,return,418,0,0,0,0,0,0
20230605,turnover,458,399,399,399,0.87117903930131002,0.87117903930131002,0.87117903930131002
20230605,return,418,0,0,0,0,0,0
20230606,turnover,459,400,400,400,0.8714596949891068,0.8714596949891068,0.8714596949891068
20230606,return,419,0,0,0,0,0,0
20230607,turnover,457,400,400,400,0.87527352297592997,0.87527352297592997,0.87527352297592997
20230607,return,417,0,0,0,0,0,0
20230608,turnover,461,402,402,402,0.87201735357917576,0.87201735357917576,0.87201735357917576
20230608,return,420,0,0,0,0,0,0
20230609,turnover,457,401,401,401,0.87746170678336977,0.87746170678336977,0.87746170678336977
20230609,return,417,0,0,0,0,0,0
20230612,turnover,458,401,401,401,0.87554585152838427,0.87554585152838427,0.87554585152838427
20230612,return,418,0,0,0,0,0,0
20230613,turnover,459,401,401,401,0.87363834422657949,0.87363834422657949,0.87363834422657949
20230613,return,419,0,0,0,0,0,0
20230614,turnover,459,404,404,404,0.88017429193899777,0.88017429193899777,0.88017429193899777
20230614,return,419,0,0,0,0,0,0
20230615,turnover,460,402,402,402,0.87391304347826082,0.87391304347826082,0.87391304347826082
20230615,return,420,0,0,0,0,0,0
20230616,turnover,459,404,404,404,0.88017429193899777,0.88017429193899777,0.88017429193899777
20230616,return,418,0,0,0,0,0,0
20230619,turnover,459,204,204,204,0.44444444444444442,0.44444444444444442,0.44444444444444442
20230619,return,439,0,0,0,0,0,0
20230620,turnover,461,203,203,203,0.4403470715835141,0.4403470715835141,0.4403470715835141
20230620,return,440,0,0,0,0,0,0
20230621,turnover,460,200,200,200,0.43478260869565216,0.43478260869565216,0.43478260869565216
20230621,return,440,0,0,0,0,0,0
20230626,turnover,460,201,201,201,0.43695652173913041,0.43695652173913041,0.43695652173913041
20230626,return,439,0,0,0,0,0,0
20230627,turnover,457,201,201,201,0.43982494529540483,0.43982494529540483,0.43982494529540483
20230627,return,437,0,0,0,0,0,0
20230628,turnover,460,196,196,196,0.42608695652173911,0.42608695652173911,0.42608695652173911
20230628,return,441,0,0,0,0,0,0
20230629,turnover,458,196,196,196,0.42794759825327511,0.42794759825327511,0.42794759825327511
20230629,return,438,0,0,0,0,0,0
20230630,turnover,458,193,193,193,0.42139737991266374,0.42139737991266374,0.42139737991266374
20230630,return,439,0,0,0,0,0,0
20230703,turnover,459,191,191,191,0.41612200435729846,0.41612200435729846,0.41612200435729846
20230703,return,439,0,0,0,0,0,0
20230704,turnover,458,190,190,190,0.41484716157205243,0.41484716157205243,0.41484716157205243
20230704,return,439,0,0,0,0,0,0
20230705,turnover,461,189,189,189,0.40997830802603036,0.40997830802603036,0.40997830802603036
20230705,return,442,0,0,0,0,0,0
20230706,turnover,461,191,191,191,0.41431670281995664,0.41431670281995664,0.41431670281995664
20230706,return,441,0,0,0,0,0,0
20230707,turnover,462,188,188,188,0.40692640692640691,0.40692640692640691,0.40692640692640691
20230707,return,443,0,0,0,0,0,0
20230710,turnover,460,189,189,189,0.41086956521739132,0.41086956521739132,0.41086956521739132
20230710,return,441,0,0,0,0,0,0
20230711,turnover,460,190,190,190,0.41304347826086957,0.41304347826086957,0.41304347826086957
20230711,return,441,0,0,0,0,0,0
20230712,turnover,461,189,189,189,0.40997830802603036,0.40997830802603036,0.40997830802603036
20230712,return,442,0,0,0,0,0,0
20230713,turnover,461,190,190,190,0.4121475054229935,0.4121475054229935,0.4121475054229935
20230713,return,442,0,0,0,0,0,0
20230714,turnover,460,189,189,189,0.41086956521739132,0.41086956521739132,0.41086956521739132
20230714,return,442,0,0,0,0,0,0
20230717,turnover,461,186,186,186,0.40347071583514099,0.40347071583514099,0.40347071583514099
20230717,return,442,0,0,0,0,0,0
20230718,turnover,462,187,187,187,0.40476190476190477,0.40476190476190477,0.40476190476190477
20230718,return,444,0,0,0,0,0,0
20230719,turnover,462,185,185,185,0.40043290043290042,0.40043290043290042,0.40043290043290042
20230719,return,444,0,0,0,0,0,0
20230720,turnover,462,184,184,184,0.39826839826839827,0.39826839826839827,0.39826839826839827
20230720,return,443,0,0,0,0,0,0
20230721,turnover,461,184,184,184,0.39913232104121477,0.39913232104121477,0.39913232104121477
20230721,return,442,0,0,0,0,0,0
20230724,turnover,462,184,184,184,0.39826839826839827,0.39826839826839827,0.39826839826839827
20230724,return,443,0,0,0,0,0,0
20230725,turnover,459,181,181,181,0.39433551198257083,0.39433551198257083,0.39433551198257083
20230725,return,440,0,0,0,0,0,0
20230726,turnover,460,179,179,179,0.38913043478260867,0.38913043478260867,0.38913043478260867
20230726,return,442,0,0,0,0,0,0
20230727,turnover,462,179,179,179,0.38744588744588743,0.38744588744588743,0.38744588744588743
20230727,return,444,0,0,0,0,0,0
20230728,turnover,460,178,178,178,0.38695652173913042,0.38695652173913042,0.38695652173913042
20230728,return,442,0,0,0,0,0,0
20230731,turnover,459,178,178,178,0.3877995642701525,0.3877995642701525,0.3877995642701525
20230731,return,441,0,0,0,0,0,0
20230801,turnover,461,177,177,177,0.38394793926247289,0.38394793926247289,0.38394793926247289
20230801,return,443,0,0,0,0,0,0
20230802,turnover,461,178,178,178,0.38611713665943603,0.38611713665943603,0.38611713665943603
20230802,return,444,0,0,0,0,0,0
20230803,turnover,462,175,175,175,0.37878787878787878,0.37878787878787878,0.37878787878787878
20230803,return,444,0,0,0,0,0,0
20230804,turnover,462,174,174,174,0.37662337662337664,0.37662337662337664,0.37662337662337664
20230804,return,445,0,0,0,0,0,0
20230807,turnover,461,174,174,174,0.37744034707158353,0.37744034707158353,0.37744034707158353
20230807,return,444,0,0,0,0,0,0
20230808,turnover,461,173,173,173,0.37527114967462039,0.37527114967462039,0.37527114967462039
20230808,return,444,0,0,0,0,0,0
20230809,turnover,462,171,171,171,0.37012987012987014,0.37012987012987014,0.37012987012987014
20230809,return,445,0,0,0,0,0,0
20230810,turnover,461,169,169,169,0.36659436008676788,0.36659436008676788,0.36659436008676788
20230810,return,444,0,0,0,0,0,0
20230811,turnover,462,168,168,168,0.36363636363636365,0.36363636363636365,0.36363636363636365
20230811,return,445,0,0,0,0,0,0
20230814,turnover,461,169,169,169,0.36659436008676788,0.36659436008676788,0.36659436008676788
20230814,return,444,0,0,0,0,0,0
20230815,turnover,461,168,168,168,0.36442516268980479,0.36442516268980479,0.36442516268980479
20230815,return,444,0,0,0,0,0,0
20230816,turnover,461,167,167,167,0.36225596529284165,0.36225596529284165,0.36225596529284165
20230816,return,444,0,0,0,0,0,0
20230817,turnover,460,167,167,167,0.36304347826086958,0.36304347826086958,0.36304347826086958
20230817,return,443,0,0,0,0,0,0
20230818,turnover,461,166,166,166,0.36008676789587851,0.36008676789587851,0.36008676789587851
20230818,return,445,0,0,0,0,0,0
20230821,turnover,461,166,166,166,0.36008676789587851,0.36008676789587851,0.36008676789587851
20230821,return,444,0,0,0,0,0,0
20230822,turnover,460,165,165,165,0.35869565217391303,0.35869565217391303,0.35869565217391303
20230822,return,444,0,0,0,0,0,0
20230823,turnover,461,162,162,162,0.35140997830802601,0.35140997830802601,0.35140997830802601
20230823,return,445,0,0,0,0,0,0
20230824,turnover,461,162,162,162,0.35140997830802601,0.35140997830802601,0.35140997830802601
20230824,return,445,0,0,0,0,0,0
20230825,turnover,462,162,162,162,0.35064935064935066,0.35064935064935066,0.35064935064935066
20230825,return,446,0,0,0,0,0,0
20230828,turnover,461,161,161,161,0.34924078091106292,0.34924078091106292,0.34924078091106292
20230828,return,444,0,0,0,0,0,0
20230829,turnover,457,162,162,162,0.35448577680525162,0.35448577680525162,0.35448577680525162
20230829,return,441,0,0,0,0,0,0
20230830,turnover,460,160,160,160,0.34782608695652173,0.34782608695652173,0.34782608695652173
20230830,return,444,0,0,0,0,0,0
20230831,turnover,461,161,160,160,0.34924078091106292,0.34707158351409978,0.34707158351409978
20230831,return,445,0,0,0,0,0,0
20230901,turnover,460,161,160,160,0.34999999999999998,0.34782608695652173,0.34782608695652173
20230901,return,444,0,0,0,0,0,0
20230904,turnover,459,161,161,161,0.35076252723311546,0.35076252723311546,0.35076252723311546
20230904,return,443,0,0,0,0,0,0
20230905,turnover,462,158,158,158,0.34199134199134201,0.34199134199134201,0.34199134199134201
20230905,return,447,0,0,0,0,0,0
20230906,turnover,461,157,157,157,0.34056399132321041,0.34056399132321041,0.34056399132321041
20230906,return,445,0,0,0,0,0,0
20230907,turnover,462,157,157,157,0.33982683982683981,0.33982683982683981,0.33982683982683981
20230907,return,447,0,0,0,0,0,0
20230908,turnover,460,157,157,157,0.34130434782608693,0.34130434782608693,0.34130434782608693
20230908,return,445,0,0,0,0,0,0
20230911,turnover,461,156,156,156,0.33839479392624727,0.33839479392624727,0.33839479392624727
20230911,return,445,0,0,0,0,0,0
20230912,turnover,461,155,155,155,0.33622559652928419,0.33622559652928419,0.33622559652928419
20230912,return,446,0,0,0,0,0,0
20230913,turnover,462,155,155,155,0.33549783549783552,0.33549783549783552,0.33549783549783552
20230913,return,446,0,0,0,0,0,0
20230914,turnover,461,155,155,155,0.33622559652928419,0.33622559652928419,0.33622559652928419
20230914,return,446,0,0,0,0,0,0
20230915,turnover,460,155,155,155,0.33695652173913043,0.33695652173913043,0.33695652173913043
20230915,return,444,0,0,0,0,0,0
20230918,turnover,459,155,155,155,0.33769063180827885,0.33769063180827885,0.33769063180827885
20230918,return,444,0,0,0,0,0,0
20230919,turnover,461,155,155,155,0.33622559652928419,0.33622559652928419,0.33622559652928419
20230919,return,446,0,0,0,0,0,0
20230920,turnover,461,154,154,154,0.33405639913232105,0.33405639913232105,0.33405639913232105
20230920,return,445,0,0,0,0,0,0
20230921,turnover,462,153,153,153,0.33116883116883117,0.33116883116883117,0.33116883116883117
20230921,return,446,0,0,0,0,0,0
20230922,turnover,461,152,152,152,0.32971800433839482,0.32971800433839482,0.32971800433839482
20230922,return,446,0,0,0,0,0,0
20230925,turnover,462,151,151,151,0.32683982683982682,0.32683982683982682,0.32683982683982682
20230925,return,446,0,0,0,0,0,0
20230926,turnover,461,151,151,151,0.32754880694143168,0.32754880694143168,0.32754880694143168
20230926,return,446,0,0,0,0,0,0
20230927,turnover,461,151,151,151,0.32754880694143168,0.32754880694143168,0.32754880694143168
20230927,return,445,0,0,0,0,0,0
20230928,turnover,460,153,153,153,0.33260869565217394,0.33260869565217394,0.33260869565217394
20230928,return,444,0,0,0,0,0,0
20231009,turnover,458,153,153,153,0.33406113537117904,0.33406113537117904,0.33406113537117904
20231009,return,443,0,0,0,0,0,0
20231010,turnover,460,151,151,151,0.32826086956521738,0.32826086956521738,0.32826086956521738
20231010,return,444,0,0,0,0,0,0
20231011,turnover,460,152,152,152,0.33043478260869563,0.33043478260869563,0.33043478260869563
20231011,return,445,0,0,0,0,0,0
20231012,turnover,461,151,151,151,0.32754880694143168,0.32754880694143168,0.32754880694143168
20231012,return,446,0,0,0,0,0,0
20231013,turnover,461,151,151,151,0.32754880694143168,0.32754880694143168,0.32754880694143168
20231013,return,445,0,0,0,0,0,0
20231016,turnover,458,150,150,150,0.32751091703056767,0.32751091703056767,0.32751091703056767
20231016,return,443,0,0,0,0,0,0
20231017,turnover,461,149,148,148,0.3232104121475054,0.32104121475054231,0.32104121475054231
20231017,return,447,0,0,0,0,0,0
20231018,turnover,460,149,149,149,0.32391304347826089,0.32391304347826089,0.32391304347826089
20231018,return,446,0,0,0,0,0,0
20231019,turnover,462,147,147,147,0.31818181818181818,0.31818181818181818,0.31818181818181818
20231019,return,447,0,0,0,0,0,0
20231020,turnover,460,146,146,146,0.31739130434782609,0.31739130434782609,0.31739130434782609
20231020,return,446,0,0,0,0,0,0
20231023,turnover,461,145,145,145,0.31453362255965295,0.31453362255965295,0.31453362255965295
20231023,return,446,0,0,0,0,0,0
20231024,turnover,458,146,146,146,0.31877729257641924,0.31877729257641924,0.31877729257641924
20231024,return,443,0,0,0,0,0,0
20231025,turnover,457,144,144,144,0.31509846827133481,0.31509846827133481,0.31509846827133481
20231025,return,443,0,0,0,0,0,0
20231026,turnover,460,144,144,144,0.31304347826086959,0.31304347826086959,0.31304347826086959
20231026,return,445,0,0,0,0,0,0
20231027,turnover,457,144,144,144,0.31509846827133481,0.31509846827133481,0.31509846827133481
20231027,return,442,0,0,0,0,0,0
20231030,turnover,457,145,145,145,0.3172866520787746,0.3172866520787746,0.3172866520787746
20231030,return,443,0,0,0,0,0,0
20231031,turnover,460,142,142,142,0.30869565217391304,0.30869565217391304,0.30869565217391304
20231031,return,446,0,0,0,0,0,0
20231101,turnover,460,140,140,140,0.30434782608695654,0.30434782608695654,0.30434782608695654
20231101,return,446,0,0,0,0,0,0
20231102,turnover,461,141,141,141,0.30585683297180044,0.30585683297180044,0.30585683297180044
20231102,return,447,0,0,0,0,0,0
20231103,turnover,460,139,139,139,0.30217391304347824,0.30217391304347824,0.30217391304347824
20231103,return,446,0,0,0,0,0,0
20231106,turnover,458,145,145,145,0.31659388646288211,0.31659388646288211,0.31659388646288211
20231106,return,444,0,0,0,0,0,0
20231107,turnover,459,142,142,142,0.30936819172113289,0.30936819172113289,0.30936819172113289
20231107,return,444,0,0,0,0,0,0
20231108,turnover,459,140,140,140,0.30501089324618735,0.30501089324618735,0.30501089324618735
20231108,return,445,0,0,0,0,0,0
20231109,turnover,461,141,141,141,0.30585683297180044,0.30585683297180044,0.30585683297180044
20231109,return,447,0,0,0,0,0,0
20231110,turnover,461,141,141,141,0.30585683297180044,0.30585683297180044,0.30585683297180044
20231110,return,446,0,0,0,0,0,0
20231113,turnover,460,140,140,140,0.30434782608695654,0.30434782608695654,0.30434782608695654
20231113,return,446,0,0,0,0,0,0
20231114,turnover,460,140,140,140,0.30434782608695654,0.30434782608695654,0.30434782608695654
20231114,return,446,0,0,0,0,0,0
20231115,turnover,459,141,141,141,0.30718954248366015,0.30718954248366015,0.30718954248366015
20231115,return,444,0,0,0,0,0,0
20231116,turnover,461,142,142,142,0.30802603036876358,0.30802603036876358,0.30802603036876358
20231116,return,447,0,0,0,0,0,0
20231117,turnover,460,142,142,142,0.30869565217391304,0.30869565217391304,0.30869565217391304
20231117,return,445,0,0,0,0,0,0
20231120,turnover,458,140,140,140,0.3056768558951965,0.3056768558951965,0.3056768558951965
20231120,return,444,0,0,0,0,0,0
20231121,turnover,459,138,138,138,0.30065359477124182,0.30065359477124182,0.30065359477124182
20231121,return,445,0,0,0,0,0,0
20231122,turnover,459,139,139,139,0.30283224400871461,0.30283224400871461,0.30283224400871461
20231122,return,445,0,0,0,0,0,0
20231123,turnover,460,138,138,138,0.29999999999999999,0.29999999999999999,0.29999999999999999
20231123,return,446,0,0,0,0,0,0
20231124,turnover,461,138,138,138,0.29934924078091107,0.29934924078091107,0.29934924078091107
20231124,return,447,0,0,0,0,0,0
20231127,turnover,460,136,136,136,0.29565217391304349,0.29565217391304349,0.29565217391304349
20231127,return,447,0,0,0,0,0,0
20231128,turnover,460,136,136,136,0.29565217391304349,0.29565217391304349,0.29565217391304349
20231128,return,446,0,0,0,0,0,0
20231129,turnover,461,136,135,135,0.29501084598698479,0.29284164859002171,0.29284164859002171
20231129,return,447,0,0,0,0,0,0
20231130,turnover,462,136,136,136,0.2943722943722944,0.2943722943722944,0.2943722943722944
20231130,return,448,0,0,0,0,0,0
20231201,turnover,459,135,135,135,0.29411764705882354,0.29411764705882354,0.29411764705882354
20231201,return,446,0,0,0,0,0,0
20231204,turnover,459,136,136,136,0.29629629629629628,0.29629629629629628,0.29629629629629628
20231204,return,445,0,0,0,0,0,0
20231205,turnover,461,135,135,135,0.29284164859002171,0.29284164859002171,0.29284164859002171
20231205,return,447,0,0,0,0,0,0
20231206,turnover,461,135,135,135,0.29284164859002171,0.29284164859002171,0.29284164859002171
20231206,return,447,0,0,0,0,0,0
20231207,turnover,460,137,137,137,0.29782608695652174,0.29782608695652174,0.29782608695652174
20231207,return,447,0,0,0,0,0,0
20231208,turnover,461,134,134,134,0.29067245119305857,0.29067245119305857,0.29067245119305857
20231208,return,448,0,0,0,0,0,0
20231211,turnover,461,134,134,134,0.29067245119305857,0.29067245119305857,0.29067245119305857
20231211,return,447,0,0,0,0,0,0
20231212,turnover,459,134,134,134,0.29193899782135074,0.29193899782135074,0.29193899782135074
20231212,return,446,0,0,0,0,0,0
20231213,turnover,461,132,132,132,0.28633405639913234,0.28633405639913234,0.28633405639913234
20231213,return,448,0,0,0,0,0,0
20231214,turnover,460,131,131,131,0.2847826086956522,0.2847826086956522,0.2847826086956522
20231214,return,447,0,0,0,0,0,0
20231215,turnover,460,131,131,131,0.2847826086956522,0.2847826086956522,0.2847826086956522
20231215,return,446,0,0,0,0,0,0
20231218,turnover,461,132,131,131,0.28633405639913234,0.2841648590021692,0.2841648590021692
20231218,return,447,0,0,0,0,0,0
20231219,turnover,461,134,134,134,0.29067245119305857,0.29067245119305857,0.29067245119305857
20231219,return,448,0,0,0,0,0,0
20231220,turnover,461,131,131,131,0.2841648590021692,0.2841648590021692,0.2841648590021692
20231220,return,448,0,0,0,0,0,0
20231221,turnover,461,131,131,131,0.2841648590021692,0.2841648590021692,0.2841648590021692
20231221,return,448,0,0,0,0,0,0
20231222,turnover,462,132,131,131,0.2857142857142857,0.28354978354978355,0.28354978354978355
20231222,return,449,0,0,0,0,0,0
20231225,turnover,461,131,130,130,0.2841648590021692,0.28199566160520606,0.28199566160520606
20231225,return,447,0,0,0,0,0,0
20231226,turnover,460,128,128,128,0.27826086956521739,0.27826086956521739,0.27826086956521739
20231226,return,447,0,0,0,0,0,0
20231227,turnover,461,127,127,127,0.27548806941431669,0.27548806941431669,0.27548806941431669
20231227,return,448,0,0,0,0,0,0
20231228,turnover,458,130,130,130,0.28384279475982532,0.28384279475982532,0.28384279475982532
20231228,return,445,0,0,0,0,0,0
20231229,turnover,457,128,127,127,0.28008752735229758,0.27789934354485779,0.27789934354485779
20231229,return,445,0,0,0,0,0,0
