month,ic,excess,turnover,annual_excess,ic_contribution,excess_contribution,stability_contribution,score
202301,-0.0079566457917432439,-0.00068255934825094122,0.28618342745282815,-0.17200495575923719,-0.0031826583166972978,-0.051601486727771158,0.21414497176415156,0.1593608267196831
202302,0.037416840712978648,0.0014483036715072864,0.29466845378780604,0.36497252521983614,0.01496673628519146,0.10949175756595084,0.21159946386365819,0.33605795771480051
202303,0.03238179190954632,0.00088572288964844652,0.28863293882125984,0.22320216819140853,0.012952716763818529,0.066960650457422555,0.21341011835362203,0.2933234855748631
202304,0.016719892547296965,-8.5021007941500889e-05,0.28009128895733965,-0.021425294001258224,0.0066879570189187863,-0.0064275882003774669,0.21597261331279807,0.2162329821313394
202305,0.069780760158061589,0.001516675331860493,0.21070970280397194,0.38220218362884423,0.027912304063224636,0.11466065508865327,0.23678708915880842,0.37936004831068632
202306,0.0098049223786269048,-0.00035224152440811637,0.34397478290214345,-0.088764864150845321,0.0039219689514507624,-0.026629459245253596,0.19680756512935696,0.17410007483555412
202307,0.017171258012663029,-0.0015483005263226427,0.60881687852719801,-0.39017173263330596,0.006868503205065212,-0.11705151978999179,0.11735493644184058,0.0071719198569140108
202308,0.011386568990917889,0.00011647738432270859,0.63927794033480401,0.029352300849322565,0.0045546275963671556,0.0088056902547967685,0.10821661789955879,0.12157693575072272
202309,-0.013987455280686168,-0.00012886942249295944,0.66392845245008414,-0.032475094468225781,-0.0055949821122744676,-0.0097425283404677342,0.10082146426497475,0.085483953812232547
202310,0.017364469028132108,0.00030250695221417434,0.67153762757262936,0.076231751957971938,0.0069457876112528436,0.022869525587391581,0.098538711728211187,0.1283540249268556
202311,0.048480843433934447,0.0016021454041748573,0.72518080470112545,0.40374064185206404,0.019392337373573779,0.12112219255561921,0.082445758589662368,0.22296028851885535
202312,0.0064150707839157649,-1.5024451808321755e-05,0.70883084498011661,-0.0037861618556970823,0.0025660283135663063,-0.0011358485567091246,0.087350746505965013,0.088780926262822191
